#
# There is insufficient memory for the Java Runtime Environment to continue.
# Native memory allocation (mmap) failed to map 2097152 bytes. Error detail: G1 virtual space
# Possible reasons:
#   The system is out of physical RAM or swap space
#   This process is running with CompressedOops enabled, and the Java Heap may be blocking the growth of the native heap
# Possible solutions:
#   Reduce memory load on the system
#   Increase physical memory or swap space
#   Check if swap backing store is full
#   Decrease Java heap size (-Xmx/-Xms)
#   Decrease number of Java threads
#   Decrease Java thread stack sizes (-Xss)
#   Set larger code cache with -XX:ReservedCodeCacheSize=
#   JVM is running with Zero Based Compressed Oops mode in which the Java heap is
#     placed in the first 32GB address space. The Java Heap base address is the
#     maximum limit for the native heap growth. Please use -XX:HeapBaseMinAddress
#     to set the Java Heap base and to place the Java Heap above 32GB virtual address.
# This output file may be truncated or incomplete.
#
#  Out of Memory Error (os_windows.cpp:3618), pid=34184, tid=34364
#
# JRE version: OpenJDK Runtime Environment Corretto-17.0.14.7.1 (17.0.14+7) (build 17.0.14+7-LTS)
# Java VM: OpenJDK 64-Bit Server VM Corretto-17.0.14.7.1 (17.0.14+7-LTS, mixed mode, sharing, tiered, compressed oops, compressed class ptrs, g1 gc, windows-amd64)
# No core dump will be written. Minidumps are not enabled by default on client versions of Windows
#

---------------  S U M M A R Y ------------

Command Line: --add-opens=java.base/java.util=ALL-UNNAMED --add-opens=java.base/java.lang=ALL-UNNAMED --add-opens=java.base/java.lang.invoke=ALL-UNNAMED --add-opens=java.prefs/java.util.prefs=ALL-UNNAMED --add-exports=jdk.compiler/com.sun.tools.javac.api=ALL-UNNAMED --add-exports=jdk.compiler/com.sun.tools.javac.util=ALL-UNNAMED --add-opens=java.base/java.nio.charset=ALL-UNNAMED --add-opens=java.base/java.net=ALL-UNNAMED --add-opens=java.base/java.util.concurrent.atomic=ALL-UNNAMED -Xmx3g -Dfile.encoding=UTF-8 -Duser.country=CN -Duser.language=zh -Duser.variant -javaagent:C:\Users\27439\.gradle\wrapper\dists\gradle-8.10.2-all\cxakslhgak9bfo5baa5oucxya\gradle-8.10.2\lib\agents\gradle-instrumentation-agent-8.10.2.jar org.gradle.launcher.daemon.bootstrap.GradleDaemon 8.10.2

Host: AMD Ryzen 7 6800H with Radeon Graphics         , 16 cores, 15G,  Windows 11 , 64 bit Build 26100 (10.0.26100.3775)
Time: Mon Apr 21 14:13:18 2025  Windows 11 , 64 bit Build 26100 (10.0.26100.3775) elapsed time: 24.893762 seconds (0d 0h 0m 24s)

---------------  T H R E A D  ---------------

Current thread (0x000001a0efefe220):  GCTaskThread "GC Thread#9" [stack: 0x0000009668a00000,0x0000009668b00000] [id=34364]

Stack: [0x0000009668a00000,0x0000009668b00000]
Native frames: (J=compiled Java code, j=interpreted, Vv=VM code, C=native code)
V  [jvm.dll+0x681069]
V  [jvm.dll+0x838cca]
V  [jvm.dll+0x83a78e]
V  [jvm.dll+0x83adf3]
V  [jvm.dll+0x24826f]
V  [jvm.dll+0x67dd99]
V  [jvm.dll+0x67286a]
V  [jvm.dll+0x30826b]
V  [jvm.dll+0x30f756]
V  [jvm.dll+0x35f7ab]
V  [jvm.dll+0x35fdf4]
V  [jvm.dll+0x35febd]
V  [jvm.dll+0x2e0bf8]
V  [jvm.dll+0x2e0961]
V  [jvm.dll+0x2ce77b]
V  [jvm.dll+0x2cf5f9]
V  [jvm.dll+0x2cf98e]
V  [jvm.dll+0x2cf57f]
V  [jvm.dll+0x309b4a]
V  [jvm.dll+0x309e8c]
V  [jvm.dll+0x30ae22]
V  [jvm.dll+0x2de4c4]
V  [jvm.dll+0x6c66ce]
V  [jvm.dll+0x2e44d3]
V  [jvm.dll+0x86673b]
V  [jvm.dll+0x866786]
V  [jvm.dll+0x7e7f6c]
V  [jvm.dll+0x67ff37]
C  [ucrtbase.dll+0x37b0]
C  [KERNEL32.DLL+0x2e8d7]
C  [ntdll.dll+0xb14fc]


---------------  P R O C E S S  ---------------

Threads class SMR info:
_java_thread_list=0x000001a0ee3f6a90, length=115, elements={
0x000001a0814599b0, 0x000001a0a29860c0, 0x000001a0a2988aa0, 0x000001a0a29a8860,
0x000001a0a29ab140, 0x000001a0a29ac020, 0x000001a0a29ad900, 0x000001a0a29b9a10,
0x000001a0a29ba320, 0x000001a0a29c4410, 0x000001a0a1db1bd0, 0x000001a0a2bdd5d0,
0x000001a0e9f0f990, 0x000001a0ea44fd10, 0x000001a0ea449fa0, 0x000001a0ea0b8b10,
0x000001a0ea056430, 0x000001a0e811c340, 0x000001a0e811b920, 0x000001a0e811a9f0,
0x000001a0e811b410, 0x000001a0e811d270, 0x000001a0e811af00, 0x000001a0e811d780,
0x000001a0e811be30, 0x000001a0e8119fd0, 0x000001a0e811a4e0, 0x000001a0ea717f00,
0x000001a0ea7174e0, 0x000001a0ea7179f0, 0x000001a0ea716fd0, 0x000001a0ea71a270,
0x000001a0ea719d60, 0x000001a0ea71ac90, 0x000001a0ea718410, 0x000001a0ea719340,
0x000001a0ea71caf0, 0x000001a0ea71d000, 0x000001a0ea71d510, 0x000001a0ea71da20,
0x000001a0ea71df30, 0x000001a0ea71a780, 0x000001a0ea71e440, 0x000001a0ea71e950,
0x000001a0ec3c94e0, 0x000001a0ec3c99f0, 0x000001a0ec3c9f00, 0x000001a0ec3ca410,
0x000001a0ec3cc780, 0x000001a0ec3cb340, 0x000001a0ec3cb850, 0x000001a0ec3cbd60,
0x000001a0ec3cae30, 0x000001a0ec3cc270, 0x000001a0ec3c8fd0, 0x000001a0e980c2c0,
0x000001a0e980eb40, 0x000001a0e980dc10, 0x000001a0e980cce0, 0x000001a0e980d1f0,
0x000001a0e980e120, 0x000001a0e980b8a0, 0x000001a0e9810490, 0x000001a0e980fa70,
0x000001a0e980f050, 0x000001a0e980ff80, 0x000001a0e9810eb0, 0x000001a0e980f560,
0x000001a0e98109a0, 0x000001a0e9811de0, 0x000001a0e980e630, 0x000001a0e98113c0,
0x000001a0e98122f0, 0x000001a0e98118d0, 0x000001a0e9812800, 0x000001a0e9812d10,
0x000001a0ebdee190, 0x000001a0ebdeaef0, 0x000001a0ebded770, 0x000001a0ebded260,
0x000001a0ebdee6a0, 0x000001a0ebdedc80, 0x000001a0ebdecd50, 0x000001a0ebdebe20,
0x000001a0ebdec330, 0x000001a0ebdec840, 0x000001a0ebdeebb0, 0x000001a0ebdeb910,
0x000001a0ebdeb400, 0x000001a0ebdf2360, 0x000001a0ebdefae0, 0x000001a0ebdf1e50,
0x000001a0ebdefff0, 0x000001a0ebdef0c0, 0x000001a0ebdf0a10, 0x000001a0ebdf0500,
0x000001a0ebdf2870, 0x000001a0ebdef5d0, 0x000001a0ebdf0f20, 0x000001a0ebdf1430,
0x000001a0ebdf1940, 0x000001a0e8fe1a80, 0x000001a0e8fdf200, 0x000001a0e8fe24a0,
0x000001a0e8fe6670, 0x000001a0e8fe5c50, 0x000001a0e8fe6160, 0x000001a0e8fe6b80,
0x000001a0efa51aa0, 0x000001a0e91646f0, 0x000001a0ec1d5d20, 0x000001a0ef11d030,
0x000001a0ef11ab00, 0x000001a0ef11b050, 0x000001a0ef11dad0
}

Java Threads: ( => current thread )
  0x000001a0814599b0 JavaThread "main" [_thread_blocked, id=17404, stack(0x0000009665900000,0x0000009665a00000)]
  0x000001a0a29860c0 JavaThread "Reference Handler" daemon [_thread_blocked, id=15440, stack(0x0000009666000000,0x0000009666100000)]
  0x000001a0a2988aa0 JavaThread "Finalizer" daemon [_thread_blocked, id=31344, stack(0x0000009666100000,0x0000009666200000)]
  0x000001a0a29a8860 JavaThread "Signal Dispatcher" daemon [_thread_blocked, id=9184, stack(0x0000009666200000,0x0000009666300000)]
  0x000001a0a29ab140 JavaThread "Attach Listener" daemon [_thread_blocked, id=31456, stack(0x0000009666300000,0x0000009666400000)]
  0x000001a0a29ac020 JavaThread "Service Thread" daemon [_thread_blocked, id=13012, stack(0x0000009666400000,0x0000009666500000)]
  0x000001a0a29ad900 JavaThread "Monitor Deflation Thread" daemon [_thread_blocked, id=1860, stack(0x0000009666500000,0x0000009666600000)]
  0x000001a0a29b9a10 JavaThread "C2 CompilerThread0" daemon [_thread_blocked, id=35416, stack(0x0000009666600000,0x0000009666700000)]
  0x000001a0a29ba320 JavaThread "C1 CompilerThread0" daemon [_thread_blocked, id=27264, stack(0x0000009666700000,0x0000009666800000)]
  0x000001a0a29c4410 JavaThread "Sweeper thread" daemon [_thread_blocked, id=2220, stack(0x0000009666800000,0x0000009666900000)]
  0x000001a0a1db1bd0 JavaThread "Common-Cleaner" daemon [_thread_blocked, id=32948, stack(0x0000009666900000,0x0000009666a00000)]
  0x000001a0a2bdd5d0 JavaThread "Notification Thread" daemon [_thread_blocked, id=12988, stack(0x0000009666e00000,0x0000009666f00000)]
  0x000001a0e9f0f990 JavaThread "Daemon health stats" [_thread_blocked, id=28980, stack(0x0000009667800000,0x0000009667900000)]
  0x000001a0ea44fd10 JavaThread "Incoming local TCP Connector on port 51408" [_thread_in_native, id=29760, stack(0x0000009667900000,0x0000009667a00000)]
  0x000001a0ea449fa0 JavaThread "Daemon periodic checks" [_thread_blocked, id=21184, stack(0x0000009667a00000,0x0000009667b00000)]
  0x000001a0ea0b8b10 JavaThread "Daemon" [_thread_blocked, id=34600, stack(0x0000009667b00000,0x0000009667c00000)]
  0x000001a0ea056430 JavaThread "Handler for socket connection from /127.0.0.1:51408 to /127.0.0.1:51409" [_thread_in_native, id=31168, stack(0x0000009667c00000,0x0000009667d00000)]
  0x000001a0e811c340 JavaThread "Cancel handler" [_thread_blocked, id=16536, stack(0x0000009667d00000,0x0000009667e00000)]
  0x000001a0e811b920 JavaThread "Daemon worker" [_thread_blocked, id=31328, stack(0x0000009667e00000,0x0000009667f00000)]
  0x000001a0e811a9f0 JavaThread "Asynchronous log dispatcher for DefaultDaemonConnection: socket connection from /127.0.0.1:51408 to /127.0.0.1:51409" [_thread_blocked, id=19788, stack(0x0000009667f00000,0x0000009668000000)]
  0x000001a0e811b410 JavaThread "Stdin handler" [_thread_blocked, id=6992, stack(0x0000009668000000,0x0000009668100000)]
  0x000001a0e811d270 JavaThread "Daemon client event forwarder" [_thread_blocked, id=25428, stack(0x0000009668100000,0x0000009668200000)]
  0x000001a0e811af00 JavaThread "Cache worker for journal cache (C:\Users\27439\.gradle\caches\journal-1)" [_thread_blocked, id=27032, stack(0x0000009668200000,0x0000009668300000)]
  0x000001a0e811d780 JavaThread "File lock request listener" [_thread_in_native, id=20832, stack(0x0000009668300000,0x0000009668400000)]
  0x000001a0e811be30 JavaThread "Cache worker for file hash cache (C:\Users\27439\.gradle\caches\8.10.2\fileHashes)" [_thread_blocked, id=25536, stack(0x0000009668400000,0x0000009668500000)]
  0x000001a0e8119fd0 JavaThread "Cache worker for file hash cache (D:\code\intellij\intellij-cangjie\.gradle\8.10.2\fileHashes)" [_thread_blocked, id=31932, stack(0x0000009668500000,0x0000009668600000)]
  0x000001a0e811a4e0 JavaThread "Cache worker for Build Output Cleanup Cache (D:\code\intellij\intellij-cangjie\.gradle\buildOutputCleanup)" [_thread_blocked, id=35720, stack(0x0000009668600000,0x0000009668700000)]
  0x000001a0ea717f00 JavaThread "File watcher server" daemon [_thread_in_native, id=25548, stack(0x0000009669000000,0x0000009669100000)]
  0x000001a0ea7174e0 JavaThread "File watcher consumer" daemon [_thread_blocked, id=20360, stack(0x0000009669100000,0x0000009669200000)]
  0x000001a0ea7179f0 JavaThread "Cache worker for checksums cache (D:\code\intellij\intellij-cangjie\.gradle\8.10.2\checksums)" [_thread_blocked, id=34576, stack(0x0000009669200000,0x0000009669300000)]
  0x000001a0ea716fd0 JavaThread "Cache worker for file content cache (C:\Users\27439\.gradle\caches\8.10.2\fileContent)" [_thread_blocked, id=24020, stack(0x0000009669300000,0x0000009669400000)]
  0x000001a0ea71a270 JavaThread "Cache worker for cache directory md-rule (C:\Users\27439\.gradle\caches\8.10.2\md-rule)" [_thread_blocked, id=3552, stack(0x0000009667100000,0x0000009667200000)]
  0x000001a0ea719d60 JavaThread "Cache worker for cache directory md-supplier (C:\Users\27439\.gradle\caches\8.10.2\md-supplier)" [_thread_blocked, id=33432, stack(0x0000009667200000,0x0000009667300000)]
  0x000001a0ea71ac90 JavaThread "jar transforms" [_thread_blocked, id=11956, stack(0x0000009669500000,0x0000009669600000)]
  0x000001a0ea718410 JavaThread "jar transforms Thread 2" [_thread_blocked, id=26004, stack(0x0000009669600000,0x0000009669700000)]
  0x000001a0ea719340 JavaThread "jar transforms Thread 3" [_thread_blocked, id=7548, stack(0x0000009669800000,0x0000009669900000)]
  0x000001a0ea71caf0 JavaThread "Unconstrained build operations" [_thread_blocked, id=35648, stack(0x0000009669900000,0x0000009669a00000)]
  0x000001a0ea71d000 JavaThread "Unconstrained build operations Thread 2" [_thread_blocked, id=7456, stack(0x0000009669a00000,0x0000009669b00000)]
  0x000001a0ea71d510 JavaThread "Unconstrained build operations Thread 3" [_thread_blocked, id=28484, stack(0x0000009669b00000,0x0000009669c00000)]
  0x000001a0ea71da20 JavaThread "Unconstrained build operations Thread 4" [_thread_blocked, id=23236, stack(0x0000009669c00000,0x0000009669d00000)]
  0x000001a0ea71df30 JavaThread "Unconstrained build operations Thread 5" [_thread_blocked, id=27824, stack(0x0000009669d00000,0x0000009669e00000)]
  0x000001a0ea71a780 JavaThread "Unconstrained build operations Thread 6" [_thread_blocked, id=34960, stack(0x0000009669e00000,0x0000009669f00000)]
  0x000001a0ea71e440 JavaThread "Unconstrained build operations Thread 7" [_thread_blocked, id=20124, stack(0x0000009669f00000,0x000000966a000000)]
  0x000001a0ea71e950 JavaThread "Unconstrained build operations Thread 8" [_thread_blocked, id=23268, stack(0x000000966a000000,0x000000966a100000)]
  0x000001a0ec3c94e0 JavaThread "jar transforms Thread 4" [_thread_blocked, id=14832, stack(0x000000966a100000,0x000000966a200000)]
  0x000001a0ec3c99f0 JavaThread "jar transforms Thread 5" [_thread_blocked, id=11212, stack(0x000000966a200000,0x000000966a300000)]
  0x000001a0ec3c9f00 JavaThread "Unconstrained build operations Thread 9" [_thread_blocked, id=34456, stack(0x000000966a300000,0x000000966a400000)]
  0x000001a0ec3ca410 JavaThread "Unconstrained build operations Thread 10" [_thread_blocked, id=29300, stack(0x000000966a400000,0x000000966a500000)]
  0x000001a0ec3cc780 JavaThread "Unconstrained build operations Thread 11" [_thread_blocked, id=17156, stack(0x000000966a500000,0x000000966a600000)]
  0x000001a0ec3cb340 JavaThread "Unconstrained build operations Thread 12" [_thread_blocked, id=16552, stack(0x000000966a600000,0x000000966a700000)]
  0x000001a0ec3cb850 JavaThread "jar transforms Thread 6" [_thread_blocked, id=14048, stack(0x000000966a700000,0x000000966a800000)]
  0x000001a0ec3cbd60 JavaThread "Unconstrained build operations Thread 13" [_thread_blocked, id=19504, stack(0x000000966a800000,0x000000966a900000)]
  0x000001a0ec3cae30 JavaThread "Unconstrained build operations Thread 14" [_thread_blocked, id=28340, stack(0x000000966a900000,0x000000966aa00000)]
  0x000001a0ec3cc270 JavaThread "Unconstrained build operations Thread 15" [_thread_blocked, id=15380, stack(0x000000966aa00000,0x000000966ab00000)]
  0x000001a0ec3c8fd0 JavaThread "Unconstrained build operations Thread 16" [_thread_blocked, id=4544, stack(0x000000966ab00000,0x000000966ac00000)]
  0x000001a0e980c2c0 JavaThread "Unconstrained build operations Thread 17" [_thread_blocked, id=26972, stack(0x000000966ac00000,0x000000966ad00000)]
  0x000001a0e980eb40 JavaThread "Unconstrained build operations Thread 18" [_thread_blocked, id=34520, stack(0x000000966ad00000,0x000000966ae00000)]
  0x000001a0e980dc10 JavaThread "Unconstrained build operations Thread 19" [_thread_blocked, id=10580, stack(0x0000009669700000,0x0000009669800000)]
  0x000001a0e980cce0 JavaThread "Unconstrained build operations Thread 20" [_thread_blocked, id=29168, stack(0x000000966ae00000,0x000000966af00000)]
  0x000001a0e980d1f0 JavaThread "Unconstrained build operations Thread 21" [_thread_blocked, id=30196, stack(0x000000966af00000,0x000000966b000000)]
  0x000001a0e980e120 JavaThread "Unconstrained build operations Thread 22" [_thread_blocked, id=20592, stack(0x000000966b000000,0x000000966b100000)]
  0x000001a0e980b8a0 JavaThread "Unconstrained build operations Thread 23" [_thread_blocked, id=20228, stack(0x000000966b100000,0x000000966b200000)]
  0x000001a0e9810490 JavaThread "Unconstrained build operations Thread 24" [_thread_blocked, id=34752, stack(0x000000966b200000,0x000000966b300000)]
  0x000001a0e980fa70 JavaThread "Unconstrained build operations Thread 25" [_thread_blocked, id=4060, stack(0x000000966b300000,0x000000966b400000)]
  0x000001a0e980f050 JavaThread "Unconstrained build operations Thread 26" [_thread_blocked, id=35400, stack(0x000000966b400000,0x000000966b500000)]
  0x000001a0e980ff80 JavaThread "Unconstrained build operations Thread 27" [_thread_blocked, id=14328, stack(0x000000966b500000,0x000000966b600000)]
  0x000001a0e9810eb0 JavaThread "Unconstrained build operations Thread 28" [_thread_blocked, id=10108, stack(0x000000966b600000,0x000000966b700000)]
  0x000001a0e980f560 JavaThread "Unconstrained build operations Thread 29" [_thread_blocked, id=31144, stack(0x000000966b700000,0x000000966b800000)]
  0x000001a0e98109a0 JavaThread "Unconstrained build operations Thread 30" [_thread_blocked, id=4672, stack(0x000000966b800000,0x000000966b900000)]
  0x000001a0e9811de0 JavaThread "Unconstrained build operations Thread 31" [_thread_blocked, id=30780, stack(0x000000966b900000,0x000000966ba00000)]
  0x000001a0e980e630 JavaThread "Unconstrained build operations Thread 32" [_thread_blocked, id=15828, stack(0x000000966ba00000,0x000000966bb00000)]
  0x000001a0e98113c0 JavaThread "Unconstrained build operations Thread 33" [_thread_blocked, id=32200, stack(0x000000966bb00000,0x000000966bc00000)]
  0x000001a0e98122f0 JavaThread "Unconstrained build operations Thread 34" [_thread_blocked, id=10812, stack(0x000000966bc00000,0x000000966bd00000)]
  0x000001a0e98118d0 JavaThread "Unconstrained build operations Thread 35" [_thread_blocked, id=7680, stack(0x000000966bd00000,0x000000966be00000)]
  0x000001a0e9812800 JavaThread "Unconstrained build operations Thread 36" [_thread_blocked, id=1800, stack(0x000000966be00000,0x000000966bf00000)]
  0x000001a0e9812d10 JavaThread "Unconstrained build operations Thread 37" [_thread_blocked, id=18564, stack(0x000000966bf00000,0x000000966c000000)]
  0x000001a0ebdee190 JavaThread "Unconstrained build operations Thread 38" [_thread_blocked, id=10912, stack(0x000000966c000000,0x000000966c100000)]
  0x000001a0ebdeaef0 JavaThread "Unconstrained build operations Thread 39" [_thread_blocked, id=27320, stack(0x000000966c100000,0x000000966c200000)]
  0x000001a0ebded770 JavaThread "Unconstrained build operations Thread 40" [_thread_blocked, id=33568, stack(0x000000966c200000,0x000000966c300000)]
  0x000001a0ebded260 JavaThread "Unconstrained build operations Thread 41" [_thread_blocked, id=18948, stack(0x000000966c300000,0x000000966c400000)]
  0x000001a0ebdee6a0 JavaThread "Unconstrained build operations Thread 42" [_thread_blocked, id=22760, stack(0x000000966c400000,0x000000966c500000)]
  0x000001a0ebdedc80 JavaThread "Unconstrained build operations Thread 43" [_thread_blocked, id=3856, stack(0x000000966c500000,0x000000966c600000)]
  0x000001a0ebdecd50 JavaThread "Unconstrained build operations Thread 44" [_thread_blocked, id=12724, stack(0x000000966c600000,0x000000966c700000)]
  0x000001a0ebdebe20 JavaThread "Unconstrained build operations Thread 45" [_thread_blocked, id=24832, stack(0x000000966c700000,0x000000966c800000)]
  0x000001a0ebdec330 JavaThread "Unconstrained build operations Thread 46" [_thread_blocked, id=18044, stack(0x000000966c800000,0x000000966c900000)]
  0x000001a0ebdec840 JavaThread "Unconstrained build operations Thread 47" [_thread_blocked, id=24936, stack(0x000000966c900000,0x000000966ca00000)]
  0x000001a0ebdeebb0 JavaThread "Unconstrained build operations Thread 48" [_thread_blocked, id=34036, stack(0x000000966ca00000,0x000000966cb00000)]
  0x000001a0ebdeb910 JavaThread "Unconstrained build operations Thread 49" [_thread_blocked, id=32616, stack(0x000000966cb00000,0x000000966cc00000)]
  0x000001a0ebdeb400 JavaThread "Unconstrained build operations Thread 50" [_thread_blocked, id=18724, stack(0x000000966cc00000,0x000000966cd00000)]
  0x000001a0ebdf2360 JavaThread "Unconstrained build operations Thread 51" [_thread_blocked, id=28332, stack(0x000000966cd00000,0x000000966ce00000)]
  0x000001a0ebdefae0 JavaThread "Unconstrained build operations Thread 52" [_thread_blocked, id=23148, stack(0x000000966ce00000,0x000000966cf00000)]
  0x000001a0ebdf1e50 JavaThread "Unconstrained build operations Thread 53" [_thread_blocked, id=30168, stack(0x000000966cf00000,0x000000966d000000)]
  0x000001a0ebdefff0 JavaThread "Unconstrained build operations Thread 54" [_thread_blocked, id=34632, stack(0x000000966d000000,0x000000966d100000)]
  0x000001a0ebdef0c0 JavaThread "Unconstrained build operations Thread 55" [_thread_blocked, id=35148, stack(0x000000966d100000,0x000000966d200000)]
  0x000001a0ebdf0a10 JavaThread "Unconstrained build operations Thread 56" [_thread_blocked, id=22948, stack(0x000000966d200000,0x000000966d300000)]
  0x000001a0ebdf0500 JavaThread "Unconstrained build operations Thread 57" [_thread_blocked, id=34000, stack(0x000000966d300000,0x000000966d400000)]
  0x000001a0ebdf2870 JavaThread "Unconstrained build operations Thread 58" [_thread_blocked, id=4124, stack(0x000000966d400000,0x000000966d500000)]
  0x000001a0ebdef5d0 JavaThread "Unconstrained build operations Thread 59" [_thread_blocked, id=27152, stack(0x000000966d500000,0x000000966d600000)]
  0x000001a0ebdf0f20 JavaThread "Unconstrained build operations Thread 60" [_thread_blocked, id=27284, stack(0x000000966d600000,0x000000966d700000)]
  0x000001a0ebdf1430 JavaThread "Unconstrained build operations Thread 61" [_thread_blocked, id=31048, stack(0x000000966d700000,0x000000966d800000)]
  0x000001a0ebdf1940 JavaThread "Unconstrained build operations Thread 62" [_thread_blocked, id=22580, stack(0x000000966d800000,0x000000966d900000)]
  0x000001a0e8fe1a80 JavaThread "Unconstrained build operations Thread 63" [_thread_blocked, id=17420, stack(0x000000966d900000,0x000000966da00000)]
  0x000001a0e8fdf200 JavaThread "Memory manager" [_thread_blocked, id=7328, stack(0x000000966da00000,0x000000966db00000)]
  0x000001a0e8fe24a0 JavaThread "build event listener" [_thread_blocked, id=8620, stack(0x000000966db00000,0x000000966dc00000)]
  0x000001a0e8fe6670 JavaThread "Unconstrained build operations Thread 64" [_thread_blocked, id=17080, stack(0x000000966de00000,0x000000966df00000)]
  0x000001a0e8fe5c50 JavaThread "Exec process" [_thread_blocked, id=16068, stack(0x0000009666a00000,0x0000009666b00000)]
  0x000001a0e8fe6160 JavaThread "Exec process Thread 2" [_thread_blocked, id=28768, stack(0x0000009666b00000,0x0000009666c00000)]
  0x000001a0e8fe6b80 JavaThread "Exec process Thread 3" [_thread_blocked, id=35020, stack(0x0000009666c00000,0x0000009666d00000)]
  0x000001a0efa51aa0 JavaThread "C1 CompilerThread1" daemon [_thread_blocked, id=34704, stack(0x000000966dc00000,0x000000966dd00000)]
  0x000001a0e91646f0 JavaThread "C1 CompilerThread2" daemon [_thread_blocked, id=35064, stack(0x000000966dd00000,0x000000966de00000)]
  0x000001a0ec1d5d20 JavaThread "C1 CompilerThread3" daemon [_thread_blocked, id=10016, stack(0x000000966df00000,0x000000966e000000)]
  0x000001a0ef11d030 JavaThread "C2 CompilerThread1" daemon [_thread_blocked, id=33580, stack(0x0000009666d00000,0x0000009666e00000)]
  0x000001a0ef11ab00 JavaThread "C2 CompilerThread2" daemon [_thread_blocked, id=32876, stack(0x000000966e100000,0x000000966e200000)]
  0x000001a0ef11b050 JavaThread "C2 CompilerThread3" daemon [_thread_blocked, id=7060, stack(0x000000966e200000,0x000000966e300000)]
  0x000001a0ef11dad0 JavaThread "C2 CompilerThread4" daemon [_thread_blocked, id=27724, stack(0x000000966e300000,0x000000966e400000)]

Other Threads:
  0x000001a0a1dbdf00 VMThread "VM Thread" [stack: 0x0000009665f00000,0x0000009666000000] [id=27036]
  0x000001a0a2bddcc0 WatcherThread [stack: 0x0000009666f00000,0x0000009667000000] [id=11904]
  0x000001a0814b2b20 GCTaskThread "GC Thread#0" [stack: 0x0000009665a00000,0x0000009665b00000] [id=26200]
  0x000001a0e87f8ac0 GCTaskThread "GC Thread#1" [stack: 0x0000009667300000,0x0000009667400000] [id=440]
  0x000001a0e81ceb20 GCTaskThread "GC Thread#2" [stack: 0x0000009667400000,0x0000009667500000] [id=32464]
  0x000001a0e81cede0 GCTaskThread "GC Thread#3" [stack: 0x0000009667500000,0x0000009667600000] [id=7800]
  0x000001a0e8b242c0 GCTaskThread "GC Thread#4" [stack: 0x0000009667600000,0x0000009667700000] [id=32036]
  0x000001a0ea37a150 GCTaskThread "GC Thread#5" [stack: 0x0000009667700000,0x0000009667800000] [id=1588]
  0x000001a0eabfa8b0 GCTaskThread "GC Thread#6" [stack: 0x0000009668700000,0x0000009668800000] [id=33276]
  0x000001a0eb214a60 GCTaskThread "GC Thread#7" [stack: 0x0000009668800000,0x0000009668900000] [id=33992]
  0x000001a0efefdf60 GCTaskThread "GC Thread#8" [stack: 0x0000009668900000,0x0000009668a00000] [id=21484]
=>0x000001a0efefe220 GCTaskThread "GC Thread#9" [stack: 0x0000009668a00000,0x0000009668b00000] [id=34364]
  0x000001a0efecc0a0 GCTaskThread "GC Thread#10" [stack: 0x0000009668b00000,0x0000009668c00000] [id=32540]
  0x000001a0efecc360 GCTaskThread "GC Thread#11" [stack: 0x0000009668c00000,0x0000009668d00000] [id=19768]
  0x000001a0ea583220 GCTaskThread "GC Thread#12" [stack: 0x0000009668d00000,0x0000009668e00000] [id=948]
  0x000001a0814bfae0 ConcurrentGCThread "G1 Main Marker" [stack: 0x0000009665b00000,0x0000009665c00000] [id=21864]
  0x000001a0814c45e0 ConcurrentGCThread "G1 Conc#0" [stack: 0x0000009665c00000,0x0000009665d00000] [id=21868]
  0x000001a0ea5838f0 ConcurrentGCThread "G1 Conc#1" [stack: 0x0000009668e00000,0x0000009668f00000] [id=3644]
  0x000001a0ec9ccc70 ConcurrentGCThread "G1 Conc#2" [stack: 0x0000009668f00000,0x0000009669000000] [id=2984]
  0x000001a0a1c658c0 ConcurrentGCThread "G1 Refine#0" [stack: 0x0000009665d00000,0x0000009665e00000] [id=35292]
  0x000001a0ec590c20 ConcurrentGCThread "G1 Refine#1" [stack: 0x0000009669400000,0x0000009669500000] [id=29936]
  0x000001a0efa737d0 ConcurrentGCThread "G1 Refine#2" [stack: 0x000000966e000000,0x000000966e100000] [id=17436]
  0x000001a0a1c660a0 ConcurrentGCThread "G1 Service" [stack: 0x0000009665e00000,0x0000009665f00000] [id=29256]

Threads with active compile tasks:
C2 CompilerThread1    24918 13483       4       jdk.nio.zipfs.ZipFileSystem::initCEN (477 bytes)
C2 CompilerThread2    24918 13447       4       java.lang.reflect.AccessibleObject::verifyAccess (55 bytes)

VM state: at safepoint (normal execution)

VM Mutex/Monitor currently owned by a thread:  ([mutex/lock_event])
[0x000001a081455b60] FreeList_lock - owner thread: 0x000001a0efefe220
[0x000001a081456730] Threads_lock - owner thread: 0x000001a0a1dbdf00
[0x000001a0814564f0] Heap_lock - owner thread: 0x000001a0e811b920

Heap address: 0x0000000740000000, size: 3072 MB, Compressed Oops mode: Zero based, Oop shift amount: 3

CDS archive(s) mapped at: [0x000001a0a3000000-0x000001a0a3bb0000-0x000001a0a3bb0000), size 12255232, SharedBaseAddress: 0x000001a0a3000000, ArchiveRelocationMode: 1.
Compressed class space mapped at: 0x000001a0a4000000-0x000001a0e4000000, reserved size: 1073741824
Narrow klass base: 0x000001a0a3000000, Narrow klass shift: 0, Narrow klass range: 0x100000000

GC Precious Log:
 CPUs: 16 total, 16 available
 Memory: 15613M
 Large Page Support: Disabled
 NUMA Support: Disabled
 Compressed Oops: Enabled (Zero based)
 Heap Region Size: 2M
 Heap Min Capacity: 8M
 Heap Initial Capacity: 244M
 Heap Max Capacity: 3G
 Pre-touch: Disabled
 Parallel Workers: 13
 Concurrent Workers: 3
 Concurrent Refinement Workers: 13
 Periodic GC: Disabled

Heap:
 garbage-first heap   total 618496K, used 561821K [0x0000000740000000, 0x0000000800000000)
  region size 2048K, 163 young (333824K), 19 survivors (38912K)
 Metaspace       used 96381K, committed 97280K, reserved 1179648K
  class space    used 13113K, committed 13568K, reserved 1048576K

Heap Regions: E=young(eden), S=young(survivor), O=old, HS=humongous(starts), HC=humongous(continues), CS=collection set, F=free, OA=open archive, CA=closed archive, TAMS=top-at-mark-start (previous, next)
|   0|0x0000000740000000, 0x0000000740200000, 0x0000000740200000|100%|HS|  |TAMS 0x0000000740200000, 0x0000000740200000| Complete 
|   1|0x0000000740200000, 0x0000000740400000, 0x0000000740400000|100%|HC|  |TAMS 0x0000000740400000, 0x0000000740400000| Complete 
|   2|0x0000000740400000, 0x0000000740600000, 0x0000000740600000|100%| O|  |TAMS 0x0000000740600000, 0x0000000740600000| Untracked 
|   3|0x0000000740600000, 0x0000000740800000, 0x0000000740800000|100%| O|  |TAMS 0x0000000740800000, 0x0000000740800000| Untracked 
|   4|0x0000000740800000, 0x0000000740a00000, 0x0000000740a00000|100%| O|  |TAMS 0x0000000740a00000, 0x0000000740a00000| Untracked 
|   5|0x0000000740a00000, 0x0000000740c00000, 0x0000000740c00000|100%| O|  |TAMS 0x0000000740c00000, 0x0000000740c00000| Untracked 
|   6|0x0000000740c00000, 0x0000000740e00000, 0x0000000740e00000|100%| O|  |TAMS 0x0000000740e00000, 0x0000000740e00000| Untracked 
|   7|0x0000000740e00000, 0x0000000741000000, 0x0000000741000000|100%| O|  |TAMS 0x0000000741000000, 0x0000000741000000| Untracked 
|   8|0x0000000741000000, 0x0000000741200000, 0x0000000741200000|100%| O|  |TAMS 0x0000000741200000, 0x0000000741200000| Untracked 
|   9|0x0000000741200000, 0x0000000741400000, 0x0000000741400000|100%| O|  |TAMS 0x0000000741400000, 0x0000000741400000| Untracked 
|  10|0x0000000741400000, 0x0000000741600000, 0x0000000741600000|100%| O|  |TAMS 0x0000000741600000, 0x0000000741600000| Untracked 
|  11|0x0000000741600000, 0x0000000741800000, 0x0000000741800000|100%| O|  |TAMS 0x0000000741800000, 0x0000000741800000| Untracked 
|  12|0x0000000741800000, 0x0000000741a00000, 0x0000000741a00000|100%| O|  |TAMS 0x0000000741a00000, 0x0000000741a00000| Untracked 
|  13|0x0000000741a00000, 0x0000000741c00000, 0x0000000741c00000|100%|HS|  |TAMS 0x0000000741c00000, 0x0000000741c00000| Complete 
|  14|0x0000000741c00000, 0x0000000741e00000, 0x0000000741e00000|100%| O|  |TAMS 0x0000000741e00000, 0x0000000741e00000| Untracked 
|  15|0x0000000741e00000, 0x0000000742000000, 0x0000000742000000|100%| O|  |TAMS 0x0000000742000000, 0x0000000742000000| Untracked 
|  16|0x0000000742000000, 0x0000000742200000, 0x0000000742200000|100%| O|  |TAMS 0x0000000742200000, 0x0000000742200000| Untracked 
|  17|0x0000000742200000, 0x0000000742400000, 0x0000000742400000|100%| O|  |TAMS 0x0000000742400000, 0x0000000742400000| Untracked 
|  18|0x0000000742400000, 0x0000000742600000, 0x0000000742600000|100%|HS|  |TAMS 0x0000000742600000, 0x0000000742600000| Complete 
|  19|0x0000000742600000, 0x0000000742800000, 0x0000000742800000|100%| O|  |TAMS 0x0000000742800000, 0x0000000742800000| Untracked 
|  20|0x0000000742800000, 0x0000000742a00000, 0x0000000742a00000|100%| O|  |TAMS 0x0000000742a00000, 0x0000000742a00000| Untracked 
|  21|0x0000000742a00000, 0x0000000742c00000, 0x0000000742c00000|100%|HS|  |TAMS 0x0000000742c00000, 0x0000000742c00000| Complete 
|  22|0x0000000742c00000, 0x0000000742e00000, 0x0000000742e00000|100%| O|  |TAMS 0x0000000742e00000, 0x0000000742e00000| Untracked 
|  23|0x0000000742e00000, 0x0000000743000000, 0x0000000743000000|100%| O|  |TAMS 0x0000000743000000, 0x0000000743000000| Untracked 
|  24|0x0000000743000000, 0x0000000743200000, 0x0000000743200000|100%| O|  |TAMS 0x0000000743200000, 0x0000000743200000| Untracked 
|  25|0x0000000743200000, 0x0000000743400000, 0x0000000743400000|100%| O|  |TAMS 0x0000000743400000, 0x0000000743400000| Untracked 
|  26|0x0000000743400000, 0x0000000743600000, 0x0000000743600000|100%| O|  |TAMS 0x0000000743600000, 0x0000000743600000| Untracked 
|  27|0x0000000743600000, 0x0000000743800000, 0x0000000743800000|100%| O|  |TAMS 0x0000000743800000, 0x0000000743800000| Untracked 
|  28|0x0000000743800000, 0x0000000743a00000, 0x0000000743a00000|100%| O|  |TAMS 0x0000000743a00000, 0x0000000743a00000| Untracked 
|  29|0x0000000743a00000, 0x0000000743c00000, 0x0000000743c00000|100%| O|  |TAMS 0x0000000743c00000, 0x0000000743c00000| Untracked 
|  30|0x0000000743c00000, 0x0000000743e00000, 0x0000000743e00000|100%|HS|  |TAMS 0x0000000743e00000, 0x0000000743e00000| Complete 
|  31|0x0000000743e00000, 0x0000000744000000, 0x0000000744000000|100%| O|  |TAMS 0x0000000744000000, 0x0000000744000000| Untracked 
|  32|0x0000000744000000, 0x0000000744200000, 0x0000000744200000|100%| O|  |TAMS 0x0000000744200000, 0x0000000744200000| Untracked 
|  33|0x0000000744200000, 0x0000000744400000, 0x0000000744400000|100%| O|  |TAMS 0x0000000744400000, 0x0000000744400000| Untracked 
|  34|0x0000000744400000, 0x0000000744600000, 0x0000000744600000|100%| O|  |TAMS 0x0000000744600000, 0x0000000744600000| Untracked 
|  35|0x0000000744600000, 0x0000000744800000, 0x0000000744800000|100%| O|  |TAMS 0x0000000744722e00, 0x0000000744800000| Untracked 
|  36|0x0000000744800000, 0x0000000744a00000, 0x0000000744a00000|100%| O|  |TAMS 0x0000000744a00000, 0x0000000744a00000| Untracked 
|  37|0x0000000744a00000, 0x0000000744c00000, 0x0000000744c00000|100%| O|  |TAMS 0x0000000744c00000, 0x0000000744c00000| Untracked 
|  38|0x0000000744c00000, 0x0000000744e00000, 0x0000000744e00000|100%| O|  |TAMS 0x0000000744e00000, 0x0000000744e00000| Untracked 
|  39|0x0000000744e00000, 0x0000000745000000, 0x0000000745000000|100%| O|  |TAMS 0x0000000745000000, 0x0000000745000000| Untracked 
|  40|0x0000000745000000, 0x0000000745200000, 0x0000000745200000|100%| O|  |TAMS 0x0000000745000000, 0x0000000745200000| Untracked 
|  41|0x0000000745200000, 0x0000000745400000, 0x0000000745400000|100%| O|  |TAMS 0x0000000745200000, 0x0000000745400000| Untracked 
|  42|0x0000000745400000, 0x0000000745600000, 0x0000000745600000|100%| O|  |TAMS 0x0000000745400000, 0x0000000745600000| Untracked 
|  43|0x0000000745600000, 0x0000000745800000, 0x0000000745800000|100%|HS|  |TAMS 0x0000000745600000, 0x0000000745800000| Complete 
|  44|0x0000000745800000, 0x0000000745a00000, 0x0000000745a00000|100%|HC|  |TAMS 0x0000000745800000, 0x0000000745a00000| Complete 
|  45|0x0000000745a00000, 0x0000000745c00000, 0x0000000745c00000|100%| O|  |TAMS 0x0000000745a00000, 0x0000000745c00000| Untracked 
|  46|0x0000000745c00000, 0x0000000745e00000, 0x0000000745e00000|100%|HS|  |TAMS 0x0000000745c00000, 0x0000000745e00000| Complete 
|  47|0x0000000745e00000, 0x0000000746000000, 0x0000000746000000|100%|HC|  |TAMS 0x0000000745e00000, 0x0000000746000000| Complete 
|  48|0x0000000746000000, 0x0000000746200000, 0x0000000746200000|100%|HC|  |TAMS 0x0000000746000000, 0x0000000746200000| Complete 
|  49|0x0000000746200000, 0x0000000746400000, 0x0000000746400000|100%|HS|  |TAMS 0x0000000746200000, 0x0000000746400000| Complete 
|  50|0x0000000746400000, 0x0000000746600000, 0x0000000746600000|100%|HC|  |TAMS 0x0000000746400000, 0x0000000746600000| Complete 
|  51|0x0000000746600000, 0x0000000746800000, 0x0000000746800000|100%|HC|  |TAMS 0x0000000746600000, 0x0000000746800000| Complete 
|  52|0x0000000746800000, 0x0000000746a00000, 0x0000000746a00000|100%| O|  |TAMS 0x0000000746800000, 0x0000000746a00000| Untracked 
|  53|0x0000000746a00000, 0x0000000746c00000, 0x0000000746c00000|100%| O|  |TAMS 0x0000000746a00000, 0x0000000746c00000| Untracked 
|  54|0x0000000746c00000, 0x0000000746e00000, 0x0000000746e00000|100%| O|  |TAMS 0x0000000746c00000, 0x0000000746e00000| Untracked 
|  55|0x0000000746e00000, 0x0000000747000000, 0x0000000747000000|100%| O|  |TAMS 0x0000000746e00000, 0x0000000747000000| Untracked 
|  56|0x0000000747000000, 0x0000000747200000, 0x0000000747200000|100%| O|  |TAMS 0x0000000747000000, 0x0000000747200000| Untracked 
|  57|0x0000000747200000, 0x0000000747400000, 0x0000000747400000|100%| O|  |TAMS 0x0000000747200000, 0x0000000747400000| Untracked 
|  58|0x0000000747400000, 0x0000000747600000, 0x0000000747600000|100%| O|  |TAMS 0x0000000747400000, 0x0000000747600000| Untracked 
|  59|0x0000000747600000, 0x0000000747800000, 0x0000000747800000|100%| O|  |TAMS 0x0000000747600000, 0x0000000747800000| Untracked 
|  60|0x0000000747800000, 0x0000000747a00000, 0x0000000747a00000|100%| O|  |TAMS 0x0000000747800000, 0x0000000747a00000| Untracked 
|  61|0x0000000747a00000, 0x0000000747c00000, 0x0000000747c00000|100%|HS|  |TAMS 0x0000000747a00000, 0x0000000747c00000| Complete 
|  62|0x0000000747c00000, 0x0000000747e00000, 0x0000000747e00000|100%|HC|  |TAMS 0x0000000747c00000, 0x0000000747e00000| Complete 
|  63|0x0000000747e00000, 0x0000000748000000, 0x0000000748000000|100%|HC|  |TAMS 0x0000000747e00000, 0x0000000748000000| Complete 
|  64|0x0000000748000000, 0x0000000748200000, 0x0000000748200000|100%|HS|  |TAMS 0x0000000748000000, 0x0000000748200000| Complete 
|  65|0x0000000748200000, 0x0000000748400000, 0x0000000748400000|100%|HC|  |TAMS 0x0000000748200000, 0x0000000748400000| Complete 
|  66|0x0000000748400000, 0x0000000748600000, 0x0000000748600000|100%|HC|  |TAMS 0x0000000748400000, 0x0000000748600000| Complete 
|  67|0x0000000748600000, 0x0000000748800000, 0x0000000748800000|100%|HS|  |TAMS 0x0000000748600000, 0x0000000748800000| Complete 
|  68|0x0000000748800000, 0x0000000748a00000, 0x0000000748a00000|100%|HC|  |TAMS 0x0000000748800000, 0x0000000748a00000| Complete 
|  69|0x0000000748a00000, 0x0000000748c00000, 0x0000000748c00000|100%|HC|  |TAMS 0x0000000748a00000, 0x0000000748c00000| Complete 
|  70|0x0000000748c00000, 0x0000000748e00000, 0x0000000748e00000|100%|HS|  |TAMS 0x0000000748c00000, 0x0000000748e00000| Complete 
|  71|0x0000000748e00000, 0x0000000749000000, 0x0000000749000000|100%|HC|  |TAMS 0x0000000748e00000, 0x0000000749000000| Complete 
|  72|0x0000000749000000, 0x0000000749200000, 0x0000000749200000|100%|HC|  |TAMS 0x0000000749000000, 0x0000000749200000| Complete 
|  73|0x0000000749200000, 0x0000000749400000, 0x0000000749400000|100%|HS|  |TAMS 0x0000000749200000, 0x0000000749400000| Complete 
|  74|0x0000000749400000, 0x0000000749600000, 0x0000000749600000|100%|HC|  |TAMS 0x0000000749400000, 0x0000000749600000| Complete 
|  75|0x0000000749600000, 0x0000000749800000, 0x0000000749800000|100%|HC|  |TAMS 0x0000000749600000, 0x0000000749800000| Complete 
|  76|0x0000000749800000, 0x0000000749a00000, 0x0000000749a00000|100%|HS|  |TAMS 0x0000000749800000, 0x0000000749a00000| Complete 
|  77|0x0000000749a00000, 0x0000000749c00000, 0x0000000749c00000|100%|HS|  |TAMS 0x0000000749a00000, 0x0000000749c00000| Complete 
|  78|0x0000000749c00000, 0x0000000749e00000, 0x0000000749e00000|100%| O|  |TAMS 0x0000000749c00000, 0x0000000749e00000| Untracked 
|  79|0x0000000749e00000, 0x000000074a000000, 0x000000074a000000|100%|HS|  |TAMS 0x0000000749e00000, 0x000000074a000000| Complete 
|  80|0x000000074a000000, 0x000000074a200000, 0x000000074a200000|100%|HS|  |TAMS 0x000000074a000000, 0x000000074a200000| Complete 
|  81|0x000000074a200000, 0x000000074a400000, 0x000000074a400000|100%|HS|  |TAMS 0x000000074a200000, 0x000000074a400000| Complete 
|  82|0x000000074a400000, 0x000000074a600000, 0x000000074a600000|100%|HS|  |TAMS 0x000000074a400000, 0x000000074a600000| Complete 
|  83|0x000000074a600000, 0x000000074a800000, 0x000000074a800000|100%|HS|  |TAMS 0x000000074a600000, 0x000000074a800000| Complete 
|  84|0x000000074a800000, 0x000000074aa00000, 0x000000074aa00000|100%|HS|  |TAMS 0x000000074a800000, 0x000000074aa00000| Complete 
|  85|0x000000074aa00000, 0x000000074ac00000, 0x000000074ac00000|100%|HS|  |TAMS 0x000000074aa00000, 0x000000074ac00000| Complete 
|  86|0x000000074ac00000, 0x000000074ae00000, 0x000000074ae00000|100%|HC|  |TAMS 0x000000074ac00000, 0x000000074ae00000| Complete 
|  87|0x000000074ae00000, 0x000000074b000000, 0x000000074b000000|100%|HC|  |TAMS 0x000000074ae00000, 0x000000074b000000| Complete 
|  88|0x000000074b000000, 0x000000074b200000, 0x000000074b200000|100%|HS|  |TAMS 0x000000074b000000, 0x000000074b200000| Complete 
|  89|0x000000074b200000, 0x000000074b400000, 0x000000074b400000|100%|HS|  |TAMS 0x000000074b200000, 0x000000074b400000| Complete 
|  90|0x000000074b400000, 0x000000074b600000, 0x000000074b600000|100%|HC|  |TAMS 0x000000074b400000, 0x000000074b600000| Complete 
|  91|0x000000074b600000, 0x000000074b800000, 0x000000074b800000|100%|HC|  |TAMS 0x000000074b600000, 0x000000074b800000| Complete 
|  92|0x000000074b800000, 0x000000074ba00000, 0x000000074ba00000|100%|HS|  |TAMS 0x000000074b800000, 0x000000074ba00000| Complete 
|  93|0x000000074ba00000, 0x000000074bc00000, 0x000000074bc00000|100%|HS|  |TAMS 0x000000074ba00000, 0x000000074bc00000| Complete 
|  94|0x000000074bc00000, 0x000000074be00000, 0x000000074be00000|100%|HS|  |TAMS 0x000000074bc00000, 0x000000074be00000| Complete 
|  95|0x000000074be00000, 0x000000074c000000, 0x000000074c000000|100%| O|  |TAMS 0x000000074be00000, 0x000000074c000000| Untracked 
|  96|0x000000074c000000, 0x000000074c200000, 0x000000074c200000|100%| O|  |TAMS 0x000000074c000000, 0x000000074c200000| Untracked 
|  97|0x000000074c200000, 0x000000074c400000, 0x000000074c400000|100%| O|  |TAMS 0x000000074c200000, 0x000000074c400000| Untracked 
|  98|0x000000074c400000, 0x000000074c600000, 0x000000074c600000|100%| O|  |TAMS 0x000000074c400000, 0x000000074c5caa00| Untracked 
|  99|0x000000074c600000, 0x000000074c800000, 0x000000074c800000|100%|HS|  |TAMS 0x000000074c600000, 0x000000074c800000| Complete 
| 100|0x000000074c800000, 0x000000074ca00000, 0x000000074ca00000|100%|HC|  |TAMS 0x000000074c800000, 0x000000074ca00000| Complete 
| 101|0x000000074ca00000, 0x000000074cc00000, 0x000000074cc00000|100%|HC|  |TAMS 0x000000074ca00000, 0x000000074cc00000| Complete 
| 102|0x000000074cc00000, 0x000000074ce00000, 0x000000074ce00000|100%|HS|  |TAMS 0x000000074cc00000, 0x000000074ce00000| Complete 
| 103|0x000000074ce00000, 0x000000074d000000, 0x000000074d000000|100%|HC|  |TAMS 0x000000074ce00000, 0x000000074d000000| Complete 
| 104|0x000000074d000000, 0x000000074d200000, 0x000000074d200000|100%|HC|  |TAMS 0x000000074d000000, 0x000000074d200000| Complete 
| 105|0x000000074d200000, 0x000000074d400000, 0x000000074d400000|100%|HS|  |TAMS 0x000000074d200000, 0x000000074d400000| Complete 
| 106|0x000000074d400000, 0x000000074d600000, 0x000000074d600000|100%|HC|  |TAMS 0x000000074d400000, 0x000000074d600000| Complete 
| 107|0x000000074d600000, 0x000000074d800000, 0x000000074d800000|100%|HC|  |TAMS 0x000000074d600000, 0x000000074d800000| Complete 
| 108|0x000000074d800000, 0x000000074da00000, 0x000000074da00000|100%|HS|  |TAMS 0x000000074d800000, 0x000000074da00000| Complete 
| 109|0x000000074da00000, 0x000000074dc00000, 0x000000074dc00000|100%|HC|  |TAMS 0x000000074da00000, 0x000000074dc00000| Complete 
| 110|0x000000074dc00000, 0x000000074de00000, 0x000000074de00000|100%|HC|  |TAMS 0x000000074dc00000, 0x000000074de00000| Complete 
| 111|0x000000074de00000, 0x000000074e000000, 0x000000074e000000|100%|HS|  |TAMS 0x000000074de00000, 0x000000074e000000| Complete 
| 112|0x000000074e000000, 0x000000074e200000, 0x000000074e200000|100%|HS|  |TAMS 0x000000074e000000, 0x000000074e200000| Complete 
| 113|0x000000074e200000, 0x000000074e400000, 0x000000074e400000|100%|HS|  |TAMS 0x000000074e200000, 0x000000074e400000| Complete 
| 114|0x000000074e400000, 0x000000074e600000, 0x000000074e600000|100%|HS|  |TAMS 0x000000074e400000, 0x000000074e600000| Complete 
| 115|0x000000074e600000, 0x000000074e800000, 0x000000074e800000|100%|HS|  |TAMS 0x000000074e600000, 0x000000074e800000| Complete 
| 116|0x000000074e800000, 0x000000074ea00000, 0x000000074ea00000|100%| S|  |TAMS 0x000000074e800000, 0x000000074e800000| Complete 
| 117|0x000000074ea00000, 0x000000074ec00000, 0x000000074ec00000|100%| S|  |TAMS 0x000000074ea00000, 0x000000074ea00000| Complete 
| 118|0x000000074ec00000, 0x000000074ee00000, 0x000000074ee00000|100%| S|  |TAMS 0x000000074ec00000, 0x000000074ec00000| Complete 
| 119|0x000000074ee00000, 0x000000074f000000, 0x000000074f000000|100%| S|  |TAMS 0x000000074ee00000, 0x000000074ee00000| Complete 
| 120|0x000000074f000000, 0x000000074f200000, 0x000000074f200000|100%| S|  |TAMS 0x000000074f000000, 0x000000074f000000| Complete 
| 121|0x000000074f200000, 0x000000074f400000, 0x000000074f400000|100%| S|  |TAMS 0x000000074f200000, 0x000000074f200000| Complete 
| 122|0x000000074f400000, 0x000000074f600000, 0x000000074f600000|100%| S|  |TAMS 0x000000074f400000, 0x000000074f400000| Complete 
| 123|0x000000074f600000, 0x000000074f800000, 0x000000074f800000|100%| S|  |TAMS 0x000000074f600000, 0x000000074f600000| Complete 
| 124|0x000000074f800000, 0x000000074fa00000, 0x000000074fa00000|100%| O|  |TAMS 0x000000074f800000, 0x000000074fa00000| Untracked 
| 125|0x000000074fa00000, 0x000000074fc00000, 0x000000074fc00000|100%| O|  |TAMS 0x000000074fa00000, 0x000000074fc00000| Untracked 
| 126|0x000000074fc00000, 0x000000074fe00000, 0x000000074fe00000|100%| O|  |TAMS 0x000000074fc00000, 0x000000074fe00000| Untracked 
| 127|0x000000074fe00000, 0x0000000750000000, 0x0000000750000000|100%| O|  |TAMS 0x000000074fe00000, 0x0000000750000000| Untracked 
| 128|0x0000000750000000, 0x0000000750200000, 0x0000000750200000|100%| O|  |TAMS 0x0000000750000000, 0x0000000750200000| Untracked 
| 129|0x0000000750200000, 0x0000000750400000, 0x0000000750400000|100%| O|  |TAMS 0x0000000750200000, 0x0000000750400000| Untracked 
| 130|0x0000000750400000, 0x0000000750600000, 0x0000000750600000|100%| O|  |TAMS 0x0000000750400000, 0x0000000750600000| Untracked 
| 131|0x0000000750600000, 0x0000000750800000, 0x0000000750800000|100%| O|  |TAMS 0x0000000750600000, 0x0000000750800000| Untracked 
| 132|0x0000000750800000, 0x0000000750a00000, 0x0000000750a00000|100%| O|  |TAMS 0x0000000750800000, 0x0000000750a00000| Untracked 
| 133|0x0000000750a00000, 0x0000000750c00000, 0x0000000750c00000|100%| O|  |TAMS 0x0000000750a00000, 0x0000000750c00000| Untracked 
| 134|0x0000000750c00000, 0x0000000750e00000, 0x0000000750e00000|100%| O|  |TAMS 0x0000000750c00000, 0x0000000750e00000| Untracked 
| 135|0x0000000750e00000, 0x0000000751000000, 0x0000000751000000|100%| O|  |TAMS 0x0000000750e00000, 0x0000000751000000| Untracked 
| 136|0x0000000751000000, 0x0000000751200000, 0x0000000751200000|100%| O|  |TAMS 0x0000000751000000, 0x0000000751200000| Untracked 
| 137|0x0000000751200000, 0x0000000751400000, 0x0000000751400000|100%| O|  |TAMS 0x0000000751200000, 0x0000000751400000| Untracked 
| 138|0x0000000751400000, 0x0000000751600000, 0x0000000751600000|100%| S|  |TAMS 0x0000000751400000, 0x0000000751400000| Complete 
| 139|0x0000000751600000, 0x0000000751800000, 0x0000000751800000|100%| S|  |TAMS 0x0000000751600000, 0x0000000751600000| Complete 
| 140|0x0000000751800000, 0x0000000751a00000, 0x0000000751a00000|100%| S|  |TAMS 0x0000000751800000, 0x0000000751800000| Complete 
| 141|0x0000000751a00000, 0x0000000751c00000, 0x0000000751c00000|100%| S|  |TAMS 0x0000000751a00000, 0x0000000751a00000| Complete 
| 142|0x0000000751c00000, 0x0000000751e00000, 0x0000000751e00000|100%| S|  |TAMS 0x0000000751c00000, 0x0000000751c00000| Complete 
| 143|0x0000000751e00000, 0x0000000751f00000, 0x0000000752000000| 50%| E|CS|TAMS 0x0000000751e00000, 0x0000000751f00000| Complete 
| 144|0x0000000752000000, 0x0000000752200000, 0x0000000752200000|100%| E|CS|TAMS 0x0000000752000000, 0x0000000752200000| Complete 
| 145|0x0000000752200000, 0x0000000752400000, 0x0000000752400000|100%| E|CS|TAMS 0x0000000752200000, 0x0000000752400000| Complete 
| 146|0x0000000752400000, 0x0000000752600000, 0x0000000752600000|100%| E|CS|TAMS 0x0000000752400000, 0x0000000752600000| Complete 
| 147|0x0000000752600000, 0x0000000752800000, 0x0000000752800000|100%| E|CS|TAMS 0x0000000752600000, 0x0000000752800000| Complete 
| 148|0x0000000752800000, 0x0000000752a00000, 0x0000000752a00000|100%| E|CS|TAMS 0x0000000752800000, 0x0000000752a00000| Complete 
| 149|0x0000000752a00000, 0x0000000752c00000, 0x0000000752c00000|100%| E|CS|TAMS 0x0000000752a00000, 0x0000000752c00000| Complete 
| 150|0x0000000752c00000, 0x0000000752e00000, 0x0000000752e00000|100%| E|CS|TAMS 0x0000000752c00000, 0x0000000752e00000| Complete 
| 151|0x0000000752e00000, 0x0000000753000000, 0x0000000753000000|100%| E|CS|TAMS 0x0000000752e00000, 0x0000000753000000| Complete 
| 152|0x0000000753000000, 0x0000000753200000, 0x0000000753200000|100%| E|CS|TAMS 0x0000000753000000, 0x0000000753200000| Complete 
| 153|0x0000000753200000, 0x0000000753400000, 0x0000000753400000|100%| E|CS|TAMS 0x0000000753200000, 0x0000000753400000| Complete 
| 154|0x0000000753400000, 0x0000000753600000, 0x0000000753600000|100%| E|CS|TAMS 0x0000000753400000, 0x0000000753600000| Complete 
| 155|0x0000000753600000, 0x0000000753800000, 0x0000000753800000|100%| E|CS|TAMS 0x0000000753600000, 0x0000000753800000| Complete 
| 156|0x0000000753800000, 0x0000000753a00000, 0x0000000753a00000|100%| E|CS|TAMS 0x0000000753800000, 0x0000000753a00000| Complete 
| 157|0x0000000753a00000, 0x0000000753c00000, 0x0000000753c00000|100%| E|CS|TAMS 0x0000000753a00000, 0x0000000753c00000| Complete 
| 158|0x0000000753c00000, 0x0000000753e00000, 0x0000000753e00000|100%| E|CS|TAMS 0x0000000753c00000, 0x0000000753e00000| Complete 
| 159|0x0000000753e00000, 0x0000000754000000, 0x0000000754000000|100%| E|CS|TAMS 0x0000000753e00000, 0x0000000754000000| Complete 
| 160|0x0000000754000000, 0x0000000754200000, 0x0000000754200000|100%| E|CS|TAMS 0x0000000754000000, 0x0000000754200000| Complete 
| 161|0x0000000754200000, 0x0000000754400000, 0x0000000754400000|100%| E|CS|TAMS 0x0000000754200000, 0x0000000754400000| Complete 
| 162|0x0000000754400000, 0x0000000754600000, 0x0000000754600000|100%| E|CS|TAMS 0x0000000754400000, 0x0000000754600000| Complete 
| 163|0x0000000754600000, 0x0000000754800000, 0x0000000754800000|100%| E|CS|TAMS 0x0000000754600000, 0x0000000754800000| Complete 
| 164|0x0000000754800000, 0x0000000754a00000, 0x0000000754a00000|100%| E|CS|TAMS 0x0000000754800000, 0x0000000754a00000| Complete 
| 165|0x0000000754a00000, 0x0000000754c00000, 0x0000000754c00000|100%| E|CS|TAMS 0x0000000754a00000, 0x0000000754c00000| Complete 
| 166|0x0000000754c00000, 0x0000000754e00000, 0x0000000754e00000|100%| E|CS|TAMS 0x0000000754c00000, 0x0000000754e00000| Complete 
| 167|0x0000000754e00000, 0x0000000755000000, 0x0000000755000000|100%| E|CS|TAMS 0x0000000754e00000, 0x0000000755000000| Complete 
| 168|0x0000000755000000, 0x0000000755200000, 0x0000000755200000|100%| E|CS|TAMS 0x0000000755000000, 0x0000000755200000| Complete 
| 169|0x0000000755200000, 0x0000000755400000, 0x0000000755400000|100%| E|CS|TAMS 0x0000000755200000, 0x0000000755400000| Complete 
| 170|0x0000000755400000, 0x0000000755600000, 0x0000000755600000|100%| E|CS|TAMS 0x0000000755400000, 0x0000000755600000| Complete 
| 171|0x0000000755600000, 0x0000000755800000, 0x0000000755800000|100%| E|CS|TAMS 0x0000000755600000, 0x0000000755800000| Complete 
| 172|0x0000000755800000, 0x0000000755a00000, 0x0000000755a00000|100%| E|CS|TAMS 0x0000000755800000, 0x0000000755a00000| Complete 
| 173|0x0000000755a00000, 0x0000000755c00000, 0x0000000755c00000|100%| E|CS|TAMS 0x0000000755a00000, 0x0000000755c00000| Complete 
| 174|0x0000000755c00000, 0x0000000755e00000, 0x0000000755e00000|100%| E|CS|TAMS 0x0000000755c00000, 0x0000000755e00000| Complete 
| 175|0x0000000755e00000, 0x0000000756000000, 0x0000000756000000|100%| E|CS|TAMS 0x0000000755e00000, 0x0000000756000000| Complete 
| 176|0x0000000756000000, 0x0000000756200000, 0x0000000756200000|100%| E|CS|TAMS 0x0000000756000000, 0x0000000756200000| Complete 
| 177|0x0000000756200000, 0x0000000756400000, 0x0000000756400000|100%| E|CS|TAMS 0x0000000756200000, 0x0000000756400000| Complete 
| 178|0x0000000756400000, 0x0000000756600000, 0x0000000756600000|100%| E|CS|TAMS 0x0000000756400000, 0x0000000756600000| Complete 
| 179|0x0000000756600000, 0x0000000756800000, 0x0000000756800000|100%| E|CS|TAMS 0x0000000756600000, 0x0000000756800000| Complete 
| 180|0x0000000756800000, 0x0000000756a00000, 0x0000000756a00000|100%| E|CS|TAMS 0x0000000756800000, 0x0000000756a00000| Complete 
| 181|0x0000000756a00000, 0x0000000756c00000, 0x0000000756c00000|100%| E|CS|TAMS 0x0000000756a00000, 0x0000000756c00000| Complete 
| 182|0x0000000756c00000, 0x0000000756e00000, 0x0000000756e00000|100%| E|CS|TAMS 0x0000000756c00000, 0x0000000756e00000| Complete 
| 183|0x0000000756e00000, 0x0000000757000000, 0x0000000757000000|100%| E|CS|TAMS 0x0000000756e00000, 0x0000000757000000| Complete 
| 184|0x0000000757000000, 0x0000000757200000, 0x0000000757200000|100%| E|CS|TAMS 0x0000000757000000, 0x0000000757200000| Complete 
| 185|0x0000000757200000, 0x0000000757400000, 0x0000000757400000|100%| E|CS|TAMS 0x0000000757200000, 0x0000000757400000| Complete 
| 186|0x0000000757400000, 0x0000000757600000, 0x0000000757600000|100%| E|CS|TAMS 0x0000000757400000, 0x0000000757600000| Complete 
| 187|0x0000000757600000, 0x0000000757800000, 0x0000000757800000|100%| E|CS|TAMS 0x0000000757600000, 0x0000000757800000| Complete 
| 188|0x0000000757800000, 0x0000000757a00000, 0x0000000757a00000|100%| E|CS|TAMS 0x0000000757800000, 0x0000000757a00000| Complete 
| 189|0x0000000757a00000, 0x0000000757c00000, 0x0000000757c00000|100%| E|CS|TAMS 0x0000000757a00000, 0x0000000757c00000| Complete 
| 190|0x0000000757c00000, 0x0000000757e00000, 0x0000000757e00000|100%| E|CS|TAMS 0x0000000757c00000, 0x0000000757e00000| Complete 
| 191|0x0000000757e00000, 0x0000000758000000, 0x0000000758000000|100%| E|CS|TAMS 0x0000000757e00000, 0x0000000758000000| Complete 
| 192|0x0000000758000000, 0x0000000758200000, 0x0000000758200000|100%| E|CS|TAMS 0x0000000758000000, 0x0000000758200000| Complete 
| 193|0x0000000758200000, 0x0000000758400000, 0x0000000758400000|100%| E|CS|TAMS 0x0000000758200000, 0x0000000758400000| Complete 
| 194|0x0000000758400000, 0x0000000758600000, 0x0000000758600000|100%| E|CS|TAMS 0x0000000758400000, 0x0000000758600000| Complete 
| 195|0x0000000758600000, 0x0000000758800000, 0x0000000758800000|100%| E|CS|TAMS 0x0000000758600000, 0x0000000758800000| Complete 
| 196|0x0000000758800000, 0x0000000758a00000, 0x0000000758a00000|100%| E|CS|TAMS 0x0000000758800000, 0x0000000758a00000| Complete 
| 197|0x0000000758a00000, 0x0000000758c00000, 0x0000000758c00000|100%| E|CS|TAMS 0x0000000758a00000, 0x0000000758c00000| Complete 
| 198|0x0000000758c00000, 0x0000000758e00000, 0x0000000758e00000|100%| E|CS|TAMS 0x0000000758c00000, 0x0000000758e00000| Complete 
| 199|0x0000000758e00000, 0x0000000759000000, 0x0000000759000000|100%| E|CS|TAMS 0x0000000758e00000, 0x0000000759000000| Complete 
| 200|0x0000000759000000, 0x0000000759200000, 0x0000000759200000|100%| E|CS|TAMS 0x0000000759000000, 0x0000000759200000| Complete 
| 201|0x0000000759200000, 0x0000000759400000, 0x0000000759400000|100%| E|CS|TAMS 0x0000000759200000, 0x0000000759400000| Complete 
| 202|0x0000000759400000, 0x0000000759600000, 0x0000000759600000|100%| E|CS|TAMS 0x0000000759400000, 0x0000000759600000| Complete 
| 203|0x0000000759600000, 0x0000000759800000, 0x0000000759800000|100%| E|CS|TAMS 0x0000000759600000, 0x0000000759800000| Complete 
| 204|0x0000000759800000, 0x0000000759a00000, 0x0000000759a00000|100%| E|CS|TAMS 0x0000000759800000, 0x0000000759a00000| Complete 
| 205|0x0000000759a00000, 0x0000000759c00000, 0x0000000759c00000|100%| E|CS|TAMS 0x0000000759a00000, 0x0000000759c00000| Complete 
| 206|0x0000000759c00000, 0x0000000759e00000, 0x0000000759e00000|100%| E|CS|TAMS 0x0000000759c00000, 0x0000000759e00000| Complete 
| 207|0x0000000759e00000, 0x000000075a000000, 0x000000075a000000|100%| E|CS|TAMS 0x0000000759e00000, 0x000000075a000000| Complete 
| 208|0x000000075a000000, 0x000000075a200000, 0x000000075a200000|100%| E|CS|TAMS 0x000000075a000000, 0x000000075a200000| Complete 
| 209|0x000000075a200000, 0x000000075a400000, 0x000000075a400000|100%| E|CS|TAMS 0x000000075a200000, 0x000000075a400000| Complete 
| 210|0x000000075a400000, 0x000000075a600000, 0x000000075a600000|100%| E|CS|TAMS 0x000000075a400000, 0x000000075a600000| Complete 
| 211|0x000000075a600000, 0x000000075a800000, 0x000000075a800000|100%| E|CS|TAMS 0x000000075a600000, 0x000000075a800000| Complete 
| 212|0x000000075a800000, 0x000000075aa00000, 0x000000075aa00000|100%| E|CS|TAMS 0x000000075a800000, 0x000000075aa00000| Complete 
| 213|0x000000075aa00000, 0x000000075ac00000, 0x000000075ac00000|100%| E|CS|TAMS 0x000000075aa00000, 0x000000075ac00000| Complete 
| 214|0x000000075ac00000, 0x000000075ae00000, 0x000000075ae00000|100%| E|CS|TAMS 0x000000075ac00000, 0x000000075ae00000| Complete 
| 215|0x000000075ae00000, 0x000000075b000000, 0x000000075b000000|100%| E|CS|TAMS 0x000000075ae00000, 0x000000075b000000| Complete 
| 216|0x000000075b000000, 0x000000075b200000, 0x000000075b200000|100%| E|CS|TAMS 0x000000075b000000, 0x000000075b200000| Complete 
| 217|0x000000075b200000, 0x000000075b400000, 0x000000075b400000|100%| E|CS|TAMS 0x000000075b200000, 0x000000075b400000| Complete 
| 218|0x000000075b400000, 0x000000075b600000, 0x000000075b600000|100%| E|CS|TAMS 0x000000075b400000, 0x000000075b600000| Complete 
| 219|0x000000075b600000, 0x000000075b800000, 0x000000075b800000|100%| E|CS|TAMS 0x000000075b600000, 0x000000075b800000| Complete 
| 220|0x000000075b800000, 0x000000075ba00000, 0x000000075ba00000|100%| E|CS|TAMS 0x000000075b800000, 0x000000075ba00000| Complete 
| 221|0x000000075ba00000, 0x000000075bc00000, 0x000000075bc00000|100%| E|CS|TAMS 0x000000075ba00000, 0x000000075bc00000| Complete 
| 222|0x000000075bc00000, 0x000000075be00000, 0x000000075be00000|100%| E|CS|TAMS 0x000000075bc00000, 0x000000075be00000| Complete 
| 223|0x000000075be00000, 0x000000075c000000, 0x000000075c000000|100%| E|CS|TAMS 0x000000075be00000, 0x000000075c000000| Complete 
| 224|0x000000075c000000, 0x000000075c200000, 0x000000075c200000|100%| E|CS|TAMS 0x000000075c000000, 0x000000075c200000| Complete 
| 225|0x000000075c200000, 0x000000075c400000, 0x000000075c400000|100%| E|CS|TAMS 0x000000075c200000, 0x000000075c400000| Complete 
| 226|0x000000075c400000, 0x000000075c600000, 0x000000075c600000|100%| E|CS|TAMS 0x000000075c400000, 0x000000075c600000| Complete 
| 227|0x000000075c600000, 0x000000075c800000, 0x000000075c800000|100%| E|CS|TAMS 0x000000075c600000, 0x000000075c800000| Complete 
| 228|0x000000075c800000, 0x000000075ca00000, 0x000000075ca00000|100%| E|CS|TAMS 0x000000075c800000, 0x000000075ca00000| Complete 
| 229|0x000000075ca00000, 0x000000075cc00000, 0x000000075cc00000|100%| E|CS|TAMS 0x000000075ca00000, 0x000000075cc00000| Complete 
| 230|0x000000075cc00000, 0x000000075ce00000, 0x000000075ce00000|100%| E|CS|TAMS 0x000000075cc00000, 0x000000075ce00000| Complete 
| 231|0x000000075ce00000, 0x000000075d000000, 0x000000075d000000|100%| E|CS|TAMS 0x000000075ce00000, 0x000000075d000000| Complete 
| 232|0x000000075d000000, 0x000000075d200000, 0x000000075d200000|100%| E|CS|TAMS 0x000000075d000000, 0x000000075d200000| Complete 
| 233|0x000000075d200000, 0x000000075d400000, 0x000000075d400000|100%| E|CS|TAMS 0x000000075d200000, 0x000000075d400000| Complete 
| 234|0x000000075d400000, 0x000000075d600000, 0x000000075d600000|100%| E|CS|TAMS 0x000000075d400000, 0x000000075d600000| Complete 
| 235|0x000000075d600000, 0x000000075d800000, 0x000000075d800000|100%| E|CS|TAMS 0x000000075d600000, 0x000000075d800000| Complete 
| 236|0x000000075d800000, 0x000000075da00000, 0x000000075da00000|100%| E|CS|TAMS 0x000000075d800000, 0x000000075da00000| Complete 
| 237|0x000000075da00000, 0x000000075dc00000, 0x000000075dc00000|100%| E|CS|TAMS 0x000000075da00000, 0x000000075dc00000| Complete 
| 238|0x000000075dc00000, 0x000000075de00000, 0x000000075de00000|100%| E|CS|TAMS 0x000000075dc00000, 0x000000075de00000| Complete 
| 239|0x000000075de00000, 0x000000075e000000, 0x000000075e000000|100%| E|CS|TAMS 0x000000075de00000, 0x000000075e000000| Complete 
| 240|0x000000075e000000, 0x000000075e200000, 0x000000075e200000|100%| E|CS|TAMS 0x000000075e000000, 0x000000075e200000| Complete 
| 241|0x000000075e200000, 0x000000075e400000, 0x000000075e400000|100%| E|CS|TAMS 0x000000075e200000, 0x000000075e400000| Complete 
| 242|0x000000075e400000, 0x000000075e600000, 0x000000075e600000|100%| E|CS|TAMS 0x000000075e400000, 0x000000075e600000| Complete 
| 243|0x000000075e600000, 0x000000075e800000, 0x000000075e800000|100%| E|CS|TAMS 0x000000075e600000, 0x000000075e800000| Complete 
| 244|0x000000075e800000, 0x000000075ea00000, 0x000000075ea00000|100%| E|CS|TAMS 0x000000075e800000, 0x000000075ea00000| Complete 
| 245|0x000000075ea00000, 0x000000075ec00000, 0x000000075ec00000|100%| E|CS|TAMS 0x000000075ea00000, 0x000000075ec00000| Complete 
| 246|0x000000075ec00000, 0x000000075ee00000, 0x000000075ee00000|100%| E|CS|TAMS 0x000000075ec00000, 0x000000075ee00000| Complete 
| 247|0x000000075ee00000, 0x000000075efdcd60, 0x000000075f000000| 93%| E|CS|TAMS 0x000000075ee00000, 0x000000075efdcd60| Complete 
| 248|0x000000075f000000, 0x000000075f200000, 0x000000075f200000|100%| E|CS|TAMS 0x000000075f000000, 0x000000075f200000| Complete 
| 249|0x000000075f200000, 0x000000075f400000, 0x000000075f400000|100%| E|CS|TAMS 0x000000075f200000, 0x000000075f400000| Complete 
| 250|0x000000075f400000, 0x000000075f600000, 0x000000075f600000|100%| E|CS|TAMS 0x000000075f400000, 0x000000075f600000| Complete 
| 251|0x000000075f600000, 0x000000075f800000, 0x000000075f800000|100%| E|CS|TAMS 0x000000075f600000, 0x000000075f800000| Complete 
| 252|0x000000075f800000, 0x000000075fa00000, 0x000000075fa00000|100%| E|CS|TAMS 0x000000075f800000, 0x000000075fa00000| Complete 
| 253|0x000000075fa00000, 0x000000075fc00000, 0x000000075fc00000|100%| E|CS|TAMS 0x000000075fa00000, 0x000000075fc00000| Complete 
| 254|0x000000075fc00000, 0x000000075fe00000, 0x000000075fe00000|100%| E|CS|TAMS 0x000000075fc00000, 0x000000075fe00000| Complete 
| 255|0x000000075fe00000, 0x0000000760000000, 0x0000000760000000|100%| E|CS|TAMS 0x000000075fe00000, 0x0000000760000000| Complete 
| 256|0x0000000760000000, 0x0000000760200000, 0x0000000760200000|100%| E|CS|TAMS 0x0000000760000000, 0x0000000760200000| Complete 
| 257|0x0000000760200000, 0x0000000760400000, 0x0000000760400000|100%| E|CS|TAMS 0x0000000760200000, 0x0000000760400000| Complete 
| 258|0x0000000760400000, 0x0000000760600000, 0x0000000760600000|100%| E|CS|TAMS 0x0000000760400000, 0x0000000760600000| Complete 
| 259|0x0000000760600000, 0x0000000760800000, 0x0000000760800000|100%| E|CS|TAMS 0x0000000760600000, 0x0000000760800000| Complete 
| 260|0x0000000760800000, 0x0000000760a00000, 0x0000000760a00000|100%| E|CS|TAMS 0x0000000760800000, 0x0000000760a00000| Complete 
| 261|0x0000000760a00000, 0x0000000760c00000, 0x0000000760c00000|100%| E|CS|TAMS 0x0000000760a00000, 0x0000000760c00000| Complete 
| 262|0x0000000760c00000, 0x0000000760e00000, 0x0000000760e00000|100%| E|CS|TAMS 0x0000000760c00000, 0x0000000760e00000| Complete 
| 263|0x0000000760e00000, 0x0000000761000000, 0x0000000761000000|100%| E|CS|TAMS 0x0000000760e00000, 0x0000000761000000| Complete 
| 264|0x0000000761000000, 0x0000000761200000, 0x0000000761200000|100%| E|CS|TAMS 0x0000000761000000, 0x0000000761200000| Complete 
| 265|0x0000000761200000, 0x0000000761400000, 0x0000000761400000|100%| E|CS|TAMS 0x0000000761200000, 0x0000000761400000| Complete 
| 266|0x0000000761400000, 0x0000000761600000, 0x0000000761600000|100%| E|CS|TAMS 0x0000000761400000, 0x0000000761600000| Complete 
| 267|0x0000000761600000, 0x0000000761800000, 0x0000000761800000|100%| E|CS|TAMS 0x0000000761600000, 0x0000000761800000| Complete 
| 268|0x0000000761800000, 0x0000000761a00000, 0x0000000761a00000|100%| E|CS|TAMS 0x0000000761800000, 0x0000000761a00000| Complete 
| 269|0x0000000761a00000, 0x0000000761c00000, 0x0000000761c00000|100%| E|CS|TAMS 0x0000000761a00000, 0x0000000761c00000| Complete 
| 270|0x0000000761c00000, 0x0000000761e00000, 0x0000000761e00000|100%| E|CS|TAMS 0x0000000761c00000, 0x0000000761e00000| Complete 
| 271|0x0000000761e00000, 0x0000000762000000, 0x0000000762000000|100%| E|CS|TAMS 0x0000000761e00000, 0x0000000762000000| Complete 
| 272|0x0000000762000000, 0x0000000762200000, 0x0000000762200000|100%| E|CS|TAMS 0x0000000762000000, 0x0000000762200000| Complete 
| 273|0x0000000762200000, 0x0000000762400000, 0x0000000762400000|100%| E|CS|TAMS 0x0000000762200000, 0x0000000762400000| Complete 
| 274|0x0000000762400000, 0x0000000762600000, 0x0000000762600000|100%| E|CS|TAMS 0x0000000762400000, 0x0000000762600000| Complete 
| 275|0x0000000762600000, 0x0000000762800000, 0x0000000762800000|100%| E|CS|TAMS 0x0000000762600000, 0x0000000762800000| Complete 
| 276|0x0000000762800000, 0x0000000762a00000, 0x0000000762a00000|100%| E|CS|TAMS 0x0000000762800000, 0x0000000762a00000| Complete 
| 277|0x0000000762a00000, 0x0000000762c00000, 0x0000000762c00000|100%| E|CS|TAMS 0x0000000762a00000, 0x0000000762c00000| Complete 
| 278|0x0000000762c00000, 0x0000000762e00000, 0x0000000762e00000|100%| E|CS|TAMS 0x0000000762c00000, 0x0000000762e00000| Complete 
| 279|0x0000000762e00000, 0x0000000763000000, 0x0000000763000000|100%| E|CS|TAMS 0x0000000762e00000, 0x0000000763000000| Complete 
| 280|0x0000000763000000, 0x0000000763200000, 0x0000000763200000|100%| E|CS|TAMS 0x0000000763000000, 0x0000000763200000| Complete 
| 281|0x0000000763200000, 0x0000000763400000, 0x0000000763400000|100%| E|CS|TAMS 0x0000000763200000, 0x0000000763400000| Complete 
| 282|0x0000000763400000, 0x0000000763600000, 0x0000000763600000|100%| E|CS|TAMS 0x0000000763400000, 0x0000000763600000| Complete 
| 283|0x0000000763600000, 0x0000000763800000, 0x0000000763800000|100%| E|CS|TAMS 0x0000000763600000, 0x0000000763800000| Complete 
| 284|0x0000000763800000, 0x0000000763a00000, 0x0000000763a00000|100%| E|CS|TAMS 0x0000000763800000, 0x0000000763a00000| Complete 
| 285|0x0000000763a00000, 0x0000000763c00000, 0x0000000763c00000|100%| E|CS|TAMS 0x0000000763a00000, 0x0000000763c00000| Complete 
| 286|0x0000000763c00000, 0x0000000763e00000, 0x0000000763e00000|100%| E|CS|TAMS 0x0000000763c00000, 0x0000000763e00000| Complete 
| 287|0x0000000763e00000, 0x0000000764000000, 0x0000000764000000|100%| E|CS|TAMS 0x0000000763e00000, 0x0000000764000000| Complete 
| 288|0x0000000764000000, 0x0000000764200000, 0x0000000764200000|100%| S|  |TAMS 0x0000000764000000, 0x0000000764000000| Complete 
| 289|0x0000000764200000, 0x0000000764400000, 0x0000000764400000|100%| S|  |TAMS 0x0000000764200000, 0x0000000764200000| Complete 
| 290|0x0000000764400000, 0x0000000764600000, 0x0000000764600000|100%| S|  |TAMS 0x0000000764400000, 0x0000000764400000| Complete 
| 291|0x0000000764600000, 0x0000000764800000, 0x0000000764800000|100%| S|  |TAMS 0x0000000764600000, 0x0000000764600000| Complete 
| 292|0x0000000764800000, 0x0000000764a00000, 0x0000000764a00000|100%| S|  |TAMS 0x0000000764800000, 0x0000000764800000| Complete 
| 293|0x0000000764a00000, 0x0000000764c00000, 0x0000000764c00000|100%| S|  |TAMS 0x0000000764a00000, 0x0000000764a00000| Complete 
|1528|0x00000007ff000000, 0x00000007ff200000, 0x00000007ff200000|100%| O|  |TAMS 0x00000007ff000000, 0x00000007ff000000| Untracked 
|1529|0x00000007ff200000, 0x00000007ff400000, 0x00000007ff400000|100%| O|  |TAMS 0x00000007ff200000, 0x00000007ff200000| Untracked 
|1530|0x00000007ff400000, 0x00000007ff600000, 0x00000007ff600000|100%| O|  |TAMS 0x00000007ff400000, 0x00000007ff400000| Untracked 
|1531|0x00000007ff600000, 0x00000007ff800000, 0x00000007ff800000|100%| O|  |TAMS 0x00000007ff600000, 0x00000007ff600000| Untracked 
|1532|0x00000007ff800000, 0x00000007ffa00000, 0x00000007ffa00000|100%| O|  |TAMS 0x00000007ff800000, 0x00000007ff800000| Untracked 
|1533|0x00000007ffa00000, 0x00000007ffc00000, 0x00000007ffc00000|100%| O|  |TAMS 0x00000007ffa00000, 0x00000007ffa00000| Untracked 
|1534|0x00000007ffc00000, 0x00000007ffe00000, 0x00000007ffe00000|100%| O|  |TAMS 0x00000007ffc00000, 0x00000007ffc00000| Untracked 
|1535|0x00000007ffe00000, 0x0000000800000000, 0x0000000800000000|100%| O|  |TAMS 0x00000007ffe00000, 0x00000007ffe00000| Untracked 

Card table byte_map: [0x000001a098d00000,0x000001a099300000] _byte_map_base: 0x000001a095300000

Marking Bits (Prev, Next): (CMBitMap*) 0x000001a0814b3090, (CMBitMap*) 0x000001a0814b3050
 Prev Bits: [0x000001a09c900000, 0x000001a09f900000)
 Next Bits: [0x000001a099900000, 0x000001a09c900000)

Polling page: 0x000001a0ff0c0000

Metaspace:

Usage:
  Non-class:     81.32 MB used.
      Class:     12.81 MB used.
       Both:     94.12 MB used.

Virtual space:
  Non-class space:      128.00 MB reserved,      81.75 MB ( 64%) committed,  2 nodes.
      Class space:        1.00 GB reserved,      13.25 MB (  1%) committed,  1 nodes.
             Both:        1.12 GB reserved,      95.00 MB (  8%) committed. 

Chunk freelists:
   Non-Class:  13.51 MB
       Class:  2.60 MB
        Both:  16.11 MB

MaxMetaspaceSize: unlimited
CompressedClassSpaceSize: 1.00 GB
Initial GC threshold: 21.00 MB
Current GC threshold: 131.81 MB
CDS: on
MetaspaceReclaimPolicy: balanced
 - commit_granule_bytes: 65536.
 - commit_granule_words: 8192.
 - virtual_space_node_default_size: 8388608.
 - enlarge_chunks_in_place: 1.
 - new_chunks_are_fully_committed: 0.
 - uncommit_free_chunks: 1.
 - use_allocation_guard: 0.
 - handle_deallocations: 1.


Internal statistics:

num_allocs_failed_limit: 9.
num_arena_births: 1114.
num_arena_deaths: 0.
num_vsnodes_births: 3.
num_vsnodes_deaths: 0.
num_space_committed: 1520.
num_space_uncommitted: 0.
num_chunks_returned_to_freelist: 9.
num_chunks_taken_from_freelist: 5099.
num_chunk_merges: 9.
num_chunk_splits: 3299.
num_chunks_enlarged: 2128.
num_inconsistent_stats: 0.

CodeHeap 'non-profiled nmethods': size=119168Kb used=8711Kb max_used=8711Kb free=110456Kb
 bounds [0x000001a090b30000, 0x000001a0913c0000, 0x000001a097f90000]
CodeHeap 'profiled nmethods': size=119104Kb used=22010Kb max_used=22010Kb free=97093Kb
 bounds [0x000001a088f90000, 0x000001a08a520000, 0x000001a0903e0000]
CodeHeap 'non-nmethods': size=7488Kb used=4158Kb max_used=4240Kb free=3329Kb
 bounds [0x000001a0903e0000, 0x000001a090810000, 0x000001a090b30000]
 total_blobs=12248 nmethods=11233 adapters=924
 compilation: enabled
              stopped_count=0, restarted_count=0
 full_count=0

Compilation events (20 events):
Event: 22.810 Thread 0x000001a0a29ba320 13481       1       com.jetbrains.plugin.structure.intellij.plugin.IdePluginImpl::getModuleContainerDescriptor (5 bytes)
Event: 22.810 Thread 0x000001a0a29b9a10 13478       4       com.sun.org.apache.xerces.internal.impl.dtd.XMLDTDValidator::getPropertyDefault (36 bytes)
Event: 22.810 Thread 0x000001a0a29ba320 nmethod 13481 0x000001a0913a9410 code [0x000001a0913a95a0, 0x000001a0913a9678]
Event: 22.813 Thread 0x000001a0ef11b050 nmethod 13465 0x000001a0913a9710 code [0x000001a0913a9940, 0x000001a0913aa948]
Event: 22.814 Thread 0x000001a0ef11b050 13479       4       com.sun.org.apache.xerces.internal.jaxp.SAXParserFactoryImpl::getFromFeatures (36 bytes)
Event: 22.815 Thread 0x000001a0a29b9a10 nmethod 13478 0x000001a0913afb90 code [0x000001a0913afd00, 0x000001a0913aff78]
Event: 22.815 Thread 0x000001a0a29b9a10 13064       4       java.util.HashMap::afterNodeRemoval (1 bytes)
Event: 22.816 Thread 0x000001a0a29b9a10 nmethod 13064 0x000001a0913b0710 code [0x000001a0913b0880, 0x000001a0913b08f8]
Event: 22.816 Thread 0x000001a0ef11dad0 nmethod 13162 0x000001a0913b0010 code [0x000001a0913b0180, 0x000001a0913b0678]
Event: 22.816 Thread 0x000001a0ef11d030 nmethod 13439% 0x000001a0913ab610 code [0x000001a0913ab880, 0x000001a0913ae760]
Event: 22.821 Thread 0x000001a0ef11d030 13482       4       kotlin.jvm.internal.Intrinsics::checkNotNull (9 bytes)
Event: 22.822 Thread 0x000001a0ef11d030 nmethod 13482 0x000001a0913b0a10 code [0x000001a0913b0b80, 0x000001a0913b0bf8]
Event: 22.826 Thread 0x000001a0ef11d030 13483       4       jdk.nio.zipfs.ZipFileSystem::initCEN (477 bytes)
Event: 22.828 Thread 0x000001a0ef11b050 nmethod 13479 0x000001a0913b0d10 code [0x000001a0913b0ee0, 0x000001a0913b1818]
Event: 22.840 Thread 0x000001a0e91646f0 13484   !   3       sun.nio.fs.AbstractFileSystemProvider::isRegularFile (20 bytes)
Event: 22.840 Thread 0x000001a0e91646f0 nmethod 13484 0x000001a08a510010 code [0x000001a08a5101c0, 0x000001a08a5104b8]
Event: 22.840 Thread 0x000001a0ec1d5d20 13485       3       sun.nio.fs.WindowsPath::toRealPath (6 bytes)
Event: 22.840 Thread 0x000001a0ec1d5d20 nmethod 13485 0x000001a08a510690 code [0x000001a08a5108a0, 0x000001a08a510fb8]
Event: 22.856 Thread 0x000001a0efa51aa0 13486       3       com.jetbrains.plugin.structure.base.problems.PluginProblem::<init> (5 bytes)
Event: 22.856 Thread 0x000001a0efa51aa0 nmethod 13486 0x000001a08a511210 code [0x000001a08a5113a0, 0x000001a08a5114f8]

GC Heap History (20 events):
Event: 19.681 GC heap after
{Heap after GC invocations=41 (full 0):
 garbage-first heap   total 491520K, used 254250K [0x0000000740000000, 0x0000000800000000)
  region size 2048K, 8 young (16384K), 8 survivors (16384K)
 Metaspace       used 91245K, committed 92096K, reserved 1179648K
  class space    used 12492K, committed 12864K, reserved 1048576K
}
Event: 19.691 GC heap before
{Heap before GC invocations=41 (full 0):
 garbage-first heap   total 491520K, used 262442K [0x0000000740000000, 0x0000000800000000)
  region size 2048K, 11 young (22528K), 8 survivors (16384K)
 Metaspace       used 91245K, committed 92096K, reserved 1179648K
  class space    used 12492K, committed 12864K, reserved 1048576K
}
Event: 19.693 GC heap after
{Heap after GC invocations=42 (full 0):
 garbage-first heap   total 491520K, used 156794K [0x0000000740000000, 0x0000000800000000)
  region size 2048K, 1 young (2048K), 1 survivors (2048K)
 Metaspace       used 91245K, committed 92096K, reserved 1179648K
  class space    used 12492K, committed 12864K, reserved 1048576K
}
Event: 20.457 GC heap before
{Heap before GC invocations=42 (full 0):
 garbage-first heap   total 491520K, used 396410K [0x0000000740000000, 0x0000000800000000)
  region size 2048K, 88 young (180224K), 1 survivors (2048K)
 Metaspace       used 94572K, committed 95424K, reserved 1179648K
  class space    used 12947K, committed 13312K, reserved 1048576K
}
Event: 20.464 GC heap after
{Heap after GC invocations=43 (full 0):
 garbage-first heap   total 491520K, used 247588K [0x0000000740000000, 0x0000000800000000)
  region size 2048K, 13 young (26624K), 13 survivors (26624K)
 Metaspace       used 94572K, committed 95424K, reserved 1179648K
  class space    used 12947K, committed 13312K, reserved 1048576K
}
Event: 20.474 GC heap before
{Heap before GC invocations=43 (full 0):
 garbage-first heap   total 491520K, used 251684K [0x0000000740000000, 0x0000000800000000)
  region size 2048K, 15 young (30720K), 13 survivors (26624K)
 Metaspace       used 94577K, committed 95424K, reserved 1179648K
  class space    used 12947K, committed 13312K, reserved 1048576K
}
Event: 20.477 GC heap after
{Heap after GC invocations=44 (full 0):
 garbage-first heap   total 491520K, used 167577K [0x0000000740000000, 0x0000000800000000)
  region size 2048K, 1 young (2048K), 1 survivors (2048K)
 Metaspace       used 94577K, committed 95424K, reserved 1179648K
  class space    used 12947K, committed 13312K, reserved 1048576K
}
Event: 20.714 GC heap before
{Heap before GC invocations=44 (full 0):
 garbage-first heap   total 491520K, used 317081K [0x0000000740000000, 0x0000000800000000)
  region size 2048K, 48 young (98304K), 1 survivors (2048K)
 Metaspace       used 94589K, committed 95424K, reserved 1179648K
  class space    used 12947K, committed 13312K, reserved 1048576K
}
Event: 20.716 GC heap after
{Heap after GC invocations=45 (full 0):
 garbage-first heap   total 491520K, used 222195K [0x0000000740000000, 0x0000000800000000)
  region size 2048K, 1 young (2048K), 1 survivors (2048K)
 Metaspace       used 94589K, committed 95424K, reserved 1179648K
  class space    used 12947K, committed 13312K, reserved 1048576K
}
Event: 20.740 GC heap before
{Heap before GC invocations=45 (full 0):
 garbage-first heap   total 491520K, used 238579K [0x0000000740000000, 0x0000000800000000)
  region size 2048K, 7 young (14336K), 1 survivors (2048K)
 Metaspace       used 94589K, committed 95424K, reserved 1179648K
  class space    used 12947K, committed 13312K, reserved 1048576K
}
Event: 20.742 GC heap after
{Heap after GC invocations=46 (full 0):
 garbage-first heap   total 491520K, used 172821K [0x0000000740000000, 0x0000000800000000)
  region size 2048K, 1 young (2048K), 1 survivors (2048K)
 Metaspace       used 94589K, committed 95424K, reserved 1179648K
  class space    used 12947K, committed 13312K, reserved 1048576K
}
Event: 21.039 GC heap before
{Heap before GC invocations=46 (full 0):
 garbage-first heap   total 491520K, used 322325K [0x0000000740000000, 0x0000000800000000)
  region size 2048K, 51 young (104448K), 1 survivors (2048K)
 Metaspace       used 94648K, committed 95488K, reserved 1179648K
  class space    used 12947K, committed 13312K, reserved 1048576K
}
Event: 21.041 GC heap after
{Heap after GC invocations=47 (full 0):
 garbage-first heap   total 589824K, used 224152K [0x0000000740000000, 0x0000000800000000)
  region size 2048K, 5 young (10240K), 5 survivors (10240K)
 Metaspace       used 94648K, committed 95488K, reserved 1179648K
  class space    used 12947K, committed 13312K, reserved 1048576K
}
Event: 21.261 GC heap before
{Heap before GC invocations=47 (full 0):
 garbage-first heap   total 589824K, used 355224K [0x0000000740000000, 0x0000000800000000)
  region size 2048K, 46 young (94208K), 5 survivors (10240K)
 Metaspace       used 94654K, committed 95488K, reserved 1179648K
  class space    used 12947K, committed 13312K, reserved 1048576K
}
Event: 21.263 GC heap after
{Heap after GC invocations=48 (full 0):
 garbage-first heap   total 589824K, used 215957K [0x0000000740000000, 0x0000000800000000)
  region size 2048K, 1 young (2048K), 1 survivors (2048K)
 Metaspace       used 94654K, committed 95488K, reserved 1179648K
  class space    used 12947K, committed 13312K, reserved 1048576K
}
Event: 21.461 GC heap before
{Heap before GC invocations=48 (full 0):
 garbage-first heap   total 589824K, used 353173K [0x0000000740000000, 0x0000000800000000)
  region size 2048K, 44 young (90112K), 1 survivors (2048K)
 Metaspace       used 94668K, committed 95552K, reserved 1179648K
  class space    used 12947K, committed 13312K, reserved 1048576K
}
Event: 21.462 GC heap after
{Heap after GC invocations=49 (full 0):
 garbage-first heap   total 589824K, used 218336K [0x0000000740000000, 0x0000000800000000)
  region size 2048K, 1 young (2048K), 1 survivors (2048K)
 Metaspace       used 94668K, committed 95552K, reserved 1179648K
  class space    used 12947K, committed 13312K, reserved 1048576K
}
Event: 21.663 GC heap before
{Heap before GC invocations=49 (full 0):
 garbage-first heap   total 589824K, used 343264K [0x0000000740000000, 0x0000000800000000)
  region size 2048K, 41 young (83968K), 1 survivors (2048K)
 Metaspace       used 94700K, committed 95552K, reserved 1179648K
  class space    used 12950K, committed 13312K, reserved 1048576K
}
Event: 21.664 GC heap after
{Heap after GC invocations=50 (full 0):
 garbage-first heap   total 589824K, used 212637K [0x0000000740000000, 0x0000000800000000)
  region size 2048K, 1 young (2048K), 1 survivors (2048K)
 Metaspace       used 94700K, committed 95552K, reserved 1179648K
  class space    used 12950K, committed 13312K, reserved 1048576K
}
Event: 22.860 GC heap before
{Heap before GC invocations=50 (full 0):
 garbage-first heap   total 589824K, used 558749K [0x0000000740000000, 0x0000000800000000)
  region size 2048K, 145 young (296960K), 1 survivors (2048K)
 Metaspace       used 96381K, committed 97280K, reserved 1179648K
  class space    used 13113K, committed 13568K, reserved 1048576K
}

Dll operation events (15 events):
Event: 0.010 Loaded shared library C:\Users\27439\.jdks\corretto-17.0.14\bin\java.dll
Event: 0.023 Loaded shared library C:\Users\27439\.jdks\corretto-17.0.14\bin\jsvml.dll
Event: 0.060 Loaded shared library C:\Users\27439\.jdks\corretto-17.0.14\bin\zip.dll
Event: 0.064 Loaded shared library C:\Users\27439\.jdks\corretto-17.0.14\bin\instrument.dll
Event: 0.067 Loaded shared library C:\Users\27439\.jdks\corretto-17.0.14\bin\net.dll
Event: 0.068 Loaded shared library C:\Users\27439\.jdks\corretto-17.0.14\bin\nio.dll
Event: 0.070 Loaded shared library C:\Users\27439\.jdks\corretto-17.0.14\bin\zip.dll
Event: 0.242 Loaded shared library C:\Users\27439\.jdks\corretto-17.0.14\bin\jimage.dll
Event: 0.386 Loaded shared library C:\Users\27439\.jdks\corretto-17.0.14\bin\verify.dll
Event: 0.509 Loaded shared library C:\Users\27439\.gradle\native\c067742578af261105cb4f569cf0c3c89f3d7b1fecec35dd04571415982c5e48\windows-amd64\native-platform.dll
Event: 0.521 Loaded shared library C:\Users\27439\.gradle\native\100fb08df4bc3b14c8652ba06237920a3bd2aa13389f12d3474272988ae205f9\windows-amd64\native-platform-file-events.dll
Event: 1.318 Loaded shared library C:\Users\27439\.jdks\corretto-17.0.14\bin\management.dll
Event: 1.321 Loaded shared library C:\Users\27439\.jdks\corretto-17.0.14\bin\management_ext.dll
Event: 1.512 Loaded shared library C:\Users\27439\.jdks\corretto-17.0.14\bin\extnet.dll
Event: 1.707 Loaded shared library C:\Users\27439\.jdks\corretto-17.0.14\bin\sunmscapi.dll

Deoptimization events (20 events):
Event: 22.552 Thread 0x000001a0e811b920 DEOPT PACKING pc=0x000001a090d38fc4 sp=0x0000009667ef7840
Event: 22.552 Thread 0x000001a0e811b920 DEOPT UNPACKING pc=0x000001a0904369a3 sp=0x0000009667ef7820 mode 2
Event: 22.583 Thread 0x000001a0e811b920 DEOPT PACKING pc=0x000001a08a3fc9a9 sp=0x0000009667ef7510
Event: 22.583 Thread 0x000001a0e811b920 DEOPT UNPACKING pc=0x000001a090437143 sp=0x0000009667ef6a58 mode 0
Event: 22.662 Thread 0x000001a0e811b920 DEOPT PACKING pc=0x000001a08a3fc9a9 sp=0x0000009667ef7340
Event: 22.662 Thread 0x000001a0e811b920 DEOPT UNPACKING pc=0x000001a090437143 sp=0x0000009667ef6888 mode 0
Event: 22.748 Thread 0x000001a0e811b920 Uncommon trap: trap_request=0xffffff45 fr.pc=0x000001a0912a6944 relative=0x0000000000000f84
Event: 22.748 Thread 0x000001a0e811b920 Uncommon trap: reason=unstable_if action=reinterpret pc=0x000001a0912a6944 method=com.sun.org.apache.xerces.internal.impl.XMLScanner.scanAttributeValue(Lcom/sun/org/apache/xerces/internal/xni/XMLString;Lcom/sun/org/apache/xerces/internal/xni/XMLString;Lja
Event: 22.748 Thread 0x000001a0e811b920 DEOPT PACKING pc=0x000001a0912a6944 sp=0x0000009667ef7450
Event: 22.748 Thread 0x000001a0e811b920 DEOPT UNPACKING pc=0x000001a0904369a3 sp=0x0000009667ef73a8 mode 2
Event: 22.816 Thread 0x000001a0e811b920 DEOPT PACKING pc=0x000001a0891e50c9 sp=0x0000009667ef7260
Event: 22.816 Thread 0x000001a0e811b920 DEOPT UNPACKING pc=0x000001a090437143 sp=0x0000009667ef67d0 mode 0
Event: 22.826 Thread 0x000001a0e811b920 DEOPT PACKING pc=0x000001a0891e50c9 sp=0x0000009667ef7260
Event: 22.826 Thread 0x000001a0e811b920 DEOPT UNPACKING pc=0x000001a090437143 sp=0x0000009667ef67d0 mode 0
Event: 22.836 Thread 0x000001a0e811b920 DEOPT PACKING pc=0x000001a0891e50c9 sp=0x0000009667ef7260
Event: 22.836 Thread 0x000001a0e811b920 DEOPT UNPACKING pc=0x000001a090437143 sp=0x0000009667ef67d0 mode 0
Event: 22.844 Thread 0x000001a0e811b920 DEOPT PACKING pc=0x000001a0891e50c9 sp=0x0000009667ef7260
Event: 22.844 Thread 0x000001a0e811b920 DEOPT UNPACKING pc=0x000001a090437143 sp=0x0000009667ef67d0 mode 0
Event: 22.853 Thread 0x000001a0e811b920 DEOPT PACKING pc=0x000001a0891e50c9 sp=0x0000009667ef7260
Event: 22.853 Thread 0x000001a0e811b920 DEOPT UNPACKING pc=0x000001a090437143 sp=0x0000009667ef67d0 mode 0

Classes loaded (20 events):
Event: 20.119 Loading class javax/xml/transform/sax/SAXSource
Event: 20.119 Loading class javax/xml/transform/sax/SAXSource done
Event: 20.134 Loading class org/xml/sax/helpers/AttributesImpl
Event: 20.134 Loading class org/xml/sax/helpers/AttributesImpl done
Event: 22.137 Loading class com/sun/org/apache/xerces/internal/impl/XMLEntityManager$RewindableInputStream
Event: 22.137 Loading class com/sun/org/apache/xerces/internal/impl/XMLEntityManager$RewindableInputStream done
Event: 22.137 Loading class com/sun/org/apache/xerces/internal/impl/XMLEntityManager$EncodingInfo
Event: 22.137 Loading class com/sun/org/apache/xerces/internal/impl/XMLEntityManager$EncodingInfo done
Event: 22.137 Loading class com/sun/org/apache/xerces/internal/impl/io/UTF8Reader
Event: 22.137 Loading class com/sun/org/apache/xerces/internal/impl/io/UTF8Reader done
Event: 22.457 Loading class javax/xml/datatype/DatatypeConfigurationException
Event: 22.457 Loading class javax/xml/datatype/DatatypeConfigurationException done
Event: 22.490 Loading class java/nio/charset/IllegalCharsetNameException
Event: 22.490 Loading class java/nio/charset/IllegalCharsetNameException done
Event: 22.490 Loading class java/util/regex/Pattern$Bound
Event: 22.491 Loading class java/util/regex/Pattern$Bound done
Event: 22.551 Loading class sun/net/www/protocol/https/Handler
Event: 22.552 Loading class sun/net/www/protocol/https/Handler done
Event: 22.556 Loading class java/nio/channels/NonWritableChannelException
Event: 22.557 Loading class java/nio/channels/NonWritableChannelException done

Classes unloaded (0 events):
No events

Classes redefined (0 events):
No events

Internal exceptions (20 events):
Event: 18.298 Thread 0x000001a0e811b920 Exception <a 'sun/nio/fs/WindowsException'{0x0000000754e40f10}> (0x0000000754e40f10) 
thrown [s\src\hotspot\share\prims\jni.cpp, line 516]
Event: 18.327 Thread 0x000001a0e811b920 Exception <a 'java/lang/NoSuchMethodError'{0x0000000754d21610}: 'void java.lang.invoke.DirectMethodHandle$Holder.invokeStatic(java.lang.Object, java.lang.Object, java.lang.Object, java.lang.Object, java.lang.Object, java.lang.Object, java.lang.Object, java.lang.Object)'> (0x0000000754d21610) 
thrown [s\src\hotspot\share\interpreter\linkResolver.cpp, line 759]
Event: 18.368 Thread 0x000001a0e811b920 Exception <a 'sun/nio/fs/WindowsException'{0x0000000754835f38}> (0x0000000754835f38) 
thrown [s\src\hotspot\share\prims\jni.cpp, line 516]
Event: 18.368 Thread 0x000001a0e811b920 Exception <a 'sun/nio/fs/WindowsException'{0x00000007548378f8}> (0x00000007548378f8) 
thrown [s\src\hotspot\share\prims\jni.cpp, line 516]
Event: 18.421 Thread 0x000001a0e811b920 Exception <a 'java/lang/NoSuchMethodError'{0x00000007542c4548}: 'java.lang.Object java.lang.invoke.DirectMethodHandle$Holder.invokeStaticInit(java.lang.Object, java.lang.Object, java.lang.Object, java.lang.Object, java.lang.Object, java.lang.Object)'> (0x00000007542c4548) 
thrown [s\src\hotspot\share\interpreter\linkResolver.cpp, line 759]
Event: 18.926 Thread 0x000001a0e811b920 Exception <a 'java/lang/NoSuchMethodError'{0x000000074ef23ad0}: 'int java.lang.invoke.DirectMethodHandle$Holder.invokeSpecial(java.lang.Object, java.lang.Object, int)'> (0x000000074ef23ad0) 
thrown [s\src\hotspot\share\interpreter\linkResolver.cpp, line 759]
Event: 19.979 Thread 0x000001a0e811b920 Exception <a 'java/lang/NullPointerException'{0x00000007589f4130}> (0x00000007589f4130) 
thrown [s\src\hotspot\share\interpreter\linkResolver.cpp, line 1433]
Event: 20.052 Thread 0x000001a0e811b920 Implicit null exception at 0x000001a090cc4531 to 0x000001a090cc5b28
Event: 22.111 Thread 0x000001a0e811b920 Exception <a 'sun/nio/fs/WindowsException'{0x000000075918f2b0}> (0x000000075918f2b0) 
thrown [s\src\hotspot\share\prims\jni.cpp, line 516]
Event: 22.119 Thread 0x000001a0e811b920 Exception <a 'sun/nio/fs/WindowsException'{0x0000000758e167b0}> (0x0000000758e167b0) 
thrown [s\src\hotspot\share\prims\jni.cpp, line 516]
Event: 22.650 Thread 0x000001a0e811b920 Exception <a 'sun/nio/fs/WindowsException'{0x00000007542d8918}> (0x00000007542d8918) 
thrown [s\src\hotspot\share\prims\jni.cpp, line 516]
Event: 22.650 Thread 0x000001a0e811b920 Exception <a 'sun/nio/fs/WindowsException'{0x00000007542da740}> (0x00000007542da740) 
thrown [s\src\hotspot\share\prims\jni.cpp, line 516]
Event: 22.670 Thread 0x000001a0e811b920 Exception <a 'sun/nio/fs/WindowsException'{0x00000007541027c0}> (0x00000007541027c0) 
thrown [s\src\hotspot\share\prims\jni.cpp, line 516]
Event: 22.670 Thread 0x000001a0e811b920 Exception <a 'sun/nio/fs/WindowsException'{0x0000000754104578}> (0x0000000754104578) 
thrown [s\src\hotspot\share\prims\jni.cpp, line 516]
Event: 22.681 Thread 0x000001a0e811b920 Exception <a 'sun/nio/fs/WindowsException'{0x0000000753e07d40}> (0x0000000753e07d40) 
thrown [s\src\hotspot\share\prims\jni.cpp, line 516]
Event: 22.681 Thread 0x000001a0e811b920 Exception <a 'sun/nio/fs/WindowsException'{0x0000000753e09af8}> (0x0000000753e09af8) 
thrown [s\src\hotspot\share\prims\jni.cpp, line 516]
Event: 22.693 Thread 0x000001a0e811b920 Exception <a 'sun/nio/fs/WindowsException'{0x0000000753f0f5d0}> (0x0000000753f0f5d0) 
thrown [s\src\hotspot\share\prims\jni.cpp, line 516]
Event: 22.693 Thread 0x000001a0e811b920 Exception <a 'sun/nio/fs/WindowsException'{0x0000000753f11388}> (0x0000000753f11388) 
thrown [s\src\hotspot\share\prims\jni.cpp, line 516]
Event: 22.704 Thread 0x000001a0e811b920 Exception <a 'sun/nio/fs/WindowsException'{0x0000000753c18da0}> (0x0000000753c18da0) 
thrown [s\src\hotspot\share\prims\jni.cpp, line 516]
Event: 22.705 Thread 0x000001a0e811b920 Exception <a 'sun/nio/fs/WindowsException'{0x0000000753c1ab58}> (0x0000000753c1ab58) 
thrown [s\src\hotspot\share\prims\jni.cpp, line 516]

VM Operations (20 events):
Event: 20.742 Executing VM operation: G1TryInitiateConcMark done
Event: 21.038 Executing VM operation: G1TryInitiateConcMark
Event: 21.041 Executing VM operation: G1TryInitiateConcMark done
Event: 21.261 Executing VM operation: G1TryInitiateConcMark
Event: 21.263 Executing VM operation: G1TryInitiateConcMark done
Event: 21.461 Executing VM operation: G1TryInitiateConcMark
Event: 21.462 Executing VM operation: G1TryInitiateConcMark done
Event: 21.663 Executing VM operation: G1TryInitiateConcMark
Event: 21.664 Executing VM operation: G1TryInitiateConcMark done
Event: 22.456 Executing VM operation: ICBufferFull
Event: 22.456 Executing VM operation: ICBufferFull done
Event: 22.499 Executing VM operation: HandshakeAllThreads
Event: 22.500 Executing VM operation: HandshakeAllThreads done
Event: 22.556 Executing VM operation: HandshakeAllThreads
Event: 22.556 Executing VM operation: HandshakeAllThreads done
Event: 22.556 Executing VM operation: HandshakeAllThreads
Event: 22.556 Executing VM operation: HandshakeAllThreads done
Event: 22.723 Executing VM operation: ICBufferFull
Event: 22.723 Executing VM operation: ICBufferFull done
Event: 22.860 Executing VM operation: G1TryInitiateConcMark

Memory protections (0 events):
No events

Nmethod flushes (20 events):
Event: 20.041 Thread 0x000001a0a29c4410 flushing  nmethod 0x000001a08a36c990
Event: 20.041 Thread 0x000001a0a29c4410 flushing  nmethod 0x000001a08a377c90
Event: 20.041 Thread 0x000001a0a29c4410 flushing  nmethod 0x000001a08a378410
Event: 20.041 Thread 0x000001a0a29c4410 flushing  nmethod 0x000001a08a378c10
Event: 20.041 Thread 0x000001a0a29c4410 flushing  nmethod 0x000001a08a379d90
Event: 20.041 Thread 0x000001a0a29c4410 flushing  nmethod 0x000001a08a37ca90
Event: 20.041 Thread 0x000001a0a29c4410 flushing  nmethod 0x000001a08a37dc90
Event: 20.041 Thread 0x000001a0a29c4410 flushing  nmethod 0x000001a08a385c90
Event: 20.042 Thread 0x000001a0a29c4410 flushing  nmethod 0x000001a08a3b8e90
Event: 20.042 Thread 0x000001a0a29c4410 flushing  nmethod 0x000001a08a3c7d90
Event: 20.042 Thread 0x000001a0a29c4410 flushing  nmethod 0x000001a08a3c8110
Event: 20.042 Thread 0x000001a0a29c4410 flushing  nmethod 0x000001a08a3c9410
Event: 20.042 Thread 0x000001a0a29c4410 flushing  nmethod 0x000001a08a3c9990
Event: 20.042 Thread 0x000001a0a29c4410 flushing  nmethod 0x000001a08a3e6e10
Event: 20.042 Thread 0x000001a0a29c4410 flushing  nmethod 0x000001a08a3e9110
Event: 20.042 Thread 0x000001a0a29c4410 flushing  nmethod 0x000001a08a3e9e10
Event: 20.042 Thread 0x000001a0a29c4410 flushing  nmethod 0x000001a08a3ebc90
Event: 20.042 Thread 0x000001a0a29c4410 flushing  nmethod 0x000001a08a3ffe10
Event: 20.042 Thread 0x000001a0a29c4410 flushing  nmethod 0x000001a08a433b10
Event: 22.576 Thread 0x000001a0a29c4410 flushing  nmethod 0x000001a08a37f110

Events (20 events):
Event: 13.897 Thread 0x000001a0ec6bb380 Thread exited: 0x000001a0ec6bb380
Event: 13.917 Thread 0x000001a0efa51aa0 Thread exited: 0x000001a0efa51aa0
Event: 13.917 Thread 0x000001a0a2acf2e0 Thread exited: 0x000001a0a2acf2e0
Event: 14.816 Thread 0x000001a0a2acad00 Thread exited: 0x000001a0a2acad00
Event: 16.919 Thread 0x000001a0e811b920 Thread added: 0x000001a0e8fe5c50
Event: 17.011 Thread 0x000001a0e8fe5c50 Thread added: 0x000001a0e8fe6160
Event: 17.011 Thread 0x000001a0e8fe5c50 Thread added: 0x000001a0e8fe6b80
Event: 18.304 Thread 0x000001a0a29b9a10 Thread added: 0x000001a0ec6bb380
Event: 18.456 Thread 0x000001a0a29ba320 Thread added: 0x000001a0efa51aa0
Event: 18.456 Thread 0x000001a0a29ba320 Thread added: 0x000001a0e91646f0
Event: 18.456 Thread 0x000001a0a29ba320 Thread added: 0x000001a0ec1d5d20
Event: 19.653 Thread 0x000001a0ec6bb380 Thread exited: 0x000001a0ec6bb380
Event: 19.884 Thread 0x000001a0e91646f0 Thread added: 0x000001a0ef11d030
Event: 20.811 Thread 0x000001a0ef11d030 Thread exited: 0x000001a0ef11d030
Event: 21.590 Thread 0x000001a0a29b9a10 Thread added: 0x000001a0ef11d030
Event: 22.061 Thread 0x000001a0ef11d030 Thread exited: 0x000001a0ef11d030
Event: 22.121 Thread 0x000001a0efa51aa0 Thread added: 0x000001a0ef11d030
Event: 22.353 Thread 0x000001a0e91646f0 Thread added: 0x000001a0ef11ab00
Event: 22.528 Thread 0x000001a0ef11d030 Thread added: 0x000001a0ef11b050
Event: 22.680 Thread 0x000001a0ef11ab00 Thread added: 0x000001a0ef11dad0


Dynamic libraries:
0x00007ff64af30000 - 0x00007ff64af3e000 	C:\Users\27439\.jdks\corretto-17.0.14\bin\java.exe
0x00007fff5cfc0000 - 0x00007fff5d220000 	C:\WINDOWS\SYSTEM32\ntdll.dll
0x00007fff5bcd0000 - 0x00007fff5bd97000 	C:\WINDOWS\System32\KERNEL32.DLL
0x00007fff5a740000 - 0x00007fff5ab0a000 	C:\WINDOWS\System32\KERNELBASE.dll
0x00007fff5a550000 - 0x00007fff5a69b000 	C:\WINDOWS\System32\ucrtbase.dll
0x00007fff2b940000 - 0x00007fff2b95b000 	C:\Users\27439\.jdks\corretto-17.0.14\bin\VCRUNTIME140.dll
0x00007fff32a20000 - 0x00007fff32a37000 	C:\Users\27439\.jdks\corretto-17.0.14\bin\jli.dll
0x00007fff3ade0000 - 0x00007fff3b077000 	C:\WINDOWS\WinSxS\amd64_microsoft.windows.common-controls_6595b64144ccf1df_6.0.26100.3624_none_3e086962e3345f24\COMCTL32.dll
0x00007fff5cbe0000 - 0x00007fff5cdac000 	C:\WINDOWS\System32\USER32.dll
0x00007fff5bc10000 - 0x00007fff5bcb9000 	C:\WINDOWS\System32\msvcrt.dll
0x00007fff5a260000 - 0x00007fff5a287000 	C:\WINDOWS\System32\win32u.dll
0x00007fff5aff0000 - 0x00007fff5b01a000 	C:\WINDOWS\System32\GDI32.dll
0x00007fff5a410000 - 0x00007fff5a541000 	C:\WINDOWS\System32\gdi32full.dll
0x00007fff5aba0000 - 0x00007fff5ac43000 	C:\WINDOWS\System32\msvcp_win.dll
0x00007fff5c0c0000 - 0x00007fff5c0ef000 	C:\WINDOWS\System32\IMM32.DLL
0x00007fff44510000 - 0x00007fff4451c000 	C:\Users\27439\.jdks\corretto-17.0.14\bin\vcruntime140_1.dll
0x00007fff01440000 - 0x00007fff014cd000 	C:\Users\27439\.jdks\corretto-17.0.14\bin\msvcp140.dll
0x00007ffeb4310000 - 0x00007ffeb4f7c000 	C:\Users\27439\.jdks\corretto-17.0.14\bin\server\jvm.dll
0x00007fff5b280000 - 0x00007fff5b332000 	C:\WINDOWS\System32\ADVAPI32.dll
0x00007fff5c000000 - 0x00007fff5c0a6000 	C:\WINDOWS\System32\sechost.dll
0x00007fff5bda0000 - 0x00007fff5beb6000 	C:\WINDOWS\System32\RPCRT4.dll
0x00007fff5b850000 - 0x00007fff5b8c4000 	C:\WINDOWS\System32\WS2_32.dll
0x00007fff599d0000 - 0x00007fff59a2e000 	C:\WINDOWS\SYSTEM32\POWRPROF.dll
0x00007fff4c390000 - 0x00007fff4c3c6000 	C:\WINDOWS\SYSTEM32\WINMM.dll
0x00007fff534e0000 - 0x00007fff534eb000 	C:\WINDOWS\SYSTEM32\VERSION.dll
0x00007fff599b0000 - 0x00007fff599c4000 	C:\WINDOWS\SYSTEM32\UMPDC.dll
0x00007fff58f70000 - 0x00007fff58f8a000 	C:\WINDOWS\SYSTEM32\kernel.appcore.dll
0x00007fff3f210000 - 0x00007fff3f21a000 	C:\Users\27439\.jdks\corretto-17.0.14\bin\jimage.dll
0x00007fff57530000 - 0x00007fff57771000 	C:\WINDOWS\SYSTEM32\DBGHELP.DLL
0x00007fff5c120000 - 0x00007fff5c4a2000 	C:\WINDOWS\System32\combase.dll
0x00007fff5cdb0000 - 0x00007fff5ce86000 	C:\WINDOWS\System32\OLEAUT32.dll
0x00007fff43b00000 - 0x00007fff43b39000 	C:\WINDOWS\SYSTEM32\dbgcore.DLL
0x00007fff5a6a0000 - 0x00007fff5a739000 	C:\WINDOWS\System32\bcryptPrimitives.dll
0x00007fff3ef70000 - 0x00007fff3ef7e000 	C:\Users\27439\.jdks\corretto-17.0.14\bin\instrument.dll
0x00007fff28ec0000 - 0x00007fff28ee5000 	C:\Users\27439\.jdks\corretto-17.0.14\bin\java.dll
0x00007ffedf330000 - 0x00007ffedf407000 	C:\Users\27439\.jdks\corretto-17.0.14\bin\jsvml.dll
0x00007fff5c4b0000 - 0x00007fff5cbd9000 	C:\WINDOWS\System32\SHELL32.dll
0x00007fff5ac50000 - 0x00007fff5adb8000 	C:\WINDOWS\System32\wintypes.dll
0x00007fff57e00000 - 0x00007fff58652000 	C:\WINDOWS\SYSTEM32\windows.storage.dll
0x00007fff5b120000 - 0x00007fff5b20d000 	C:\WINDOWS\System32\SHCORE.dll
0x00007fff5b210000 - 0x00007fff5b274000 	C:\WINDOWS\System32\shlwapi.dll
0x00007fff5a0b0000 - 0x00007fff5a0df000 	C:\WINDOWS\SYSTEM32\profapi.dll
0x00007fff27200000 - 0x00007fff27218000 	C:\Users\27439\.jdks\corretto-17.0.14\bin\zip.dll
0x00007fff271e0000 - 0x00007fff271f9000 	C:\Users\27439\.jdks\corretto-17.0.14\bin\net.dll
0x00007fff53200000 - 0x00007fff5331d000 	C:\WINDOWS\SYSTEM32\WINHTTP.dll
0x00007fff59470000 - 0x00007fff594da000 	C:\WINDOWS\system32\mswsock.dll
0x00007fff16ac0000 - 0x00007fff16ad6000 	C:\Users\27439\.jdks\corretto-17.0.14\bin\nio.dll
0x00007fff3eed0000 - 0x00007fff3eee0000 	C:\Users\27439\.jdks\corretto-17.0.14\bin\verify.dll
0x00007fff26600000 - 0x00007fff26627000 	C:\Users\27439\.gradle\native\c067742578af261105cb4f569cf0c3c89f3d7b1fecec35dd04571415982c5e48\windows-amd64\native-platform.dll
0x00007ffedd6d0000 - 0x00007ffedd814000 	C:\Users\27439\.gradle\native\100fb08df4bc3b14c8652ba06237920a3bd2aa13389f12d3474272988ae205f9\windows-amd64\native-platform-file-events.dll
0x00007fff54d10000 - 0x00007fff54d19000 	C:\Users\27439\.jdks\corretto-17.0.14\bin\management.dll
0x00007fff3f0b0000 - 0x00007fff3f0bb000 	C:\Users\27439\.jdks\corretto-17.0.14\bin\management_ext.dll
0x00007fff5c0b0000 - 0x00007fff5c0b8000 	C:\WINDOWS\System32\PSAPI.DLL
0x00007fff59820000 - 0x00007fff5983c000 	C:\WINDOWS\SYSTEM32\CRYPTSP.dll
0x00007fff58ed0000 - 0x00007fff58f0a000 	C:\WINDOWS\system32\rsaenh.dll
0x00007fff59510000 - 0x00007fff5953b000 	C:\WINDOWS\SYSTEM32\USERENV.dll
0x00007fff5a080000 - 0x00007fff5a0a6000 	C:\WINDOWS\SYSTEM32\bcrypt.dll
0x00007fff596a0000 - 0x00007fff596ac000 	C:\WINDOWS\SYSTEM32\CRYPTBASE.dll
0x00007fff589d0000 - 0x00007fff58a03000 	C:\WINDOWS\SYSTEM32\IPHLPAPI.DLL
0x00007fff5ce90000 - 0x00007fff5ce9a000 	C:\WINDOWS\System32\NSI.dll
0x00007fff53420000 - 0x00007fff5343f000 	C:\WINDOWS\SYSTEM32\dhcpcsvc6.DLL
0x00007fff53380000 - 0x00007fff533a5000 	C:\WINDOWS\SYSTEM32\dhcpcsvc.DLL
0x00007fff58a70000 - 0x00007fff58b95000 	C:\WINDOWS\SYSTEM32\DNSAPI.dll
0x00007fff3f0a0000 - 0x00007fff3f0a9000 	C:\Users\27439\.jdks\corretto-17.0.14\bin\extnet.dll
0x00007fff3f090000 - 0x00007fff3f09e000 	C:\Users\27439\.jdks\corretto-17.0.14\bin\sunmscapi.dll
0x00007fff5a290000 - 0x00007fff5a407000 	C:\WINDOWS\System32\CRYPT32.dll
0x00007fff59a90000 - 0x00007fff59ac0000 	C:\WINDOWS\SYSTEM32\ncrypt.dll
0x00007fff59a40000 - 0x00007fff59a7f000 	C:\WINDOWS\SYSTEM32\NTASN1.dll
0x00007fff4d100000 - 0x00007fff4d108000 	C:\WINDOWS\system32\wshunix.dll
0x00007fff52db0000 - 0x00007fff52dbb000 	C:\Windows\System32\rasadhlp.dll
0x00007fff53870000 - 0x00007fff538f5000 	C:\WINDOWS\System32\fwpuclnt.dll

dbghelp: loaded successfully - version: 4.0.5 - missing functions: none
symbol engine: initialized successfully - sym options: 0x614 - pdb path: .;C:\Users\27439\.jdks\corretto-17.0.14\bin;C:\WINDOWS\SYSTEM32;C:\WINDOWS\WinSxS\amd64_microsoft.windows.common-controls_6595b64144ccf1df_6.0.26100.3624_none_3e086962e3345f24;C:\Users\27439\.jdks\corretto-17.0.14\bin\server;C:\Users\27439\.gradle\native\c067742578af261105cb4f569cf0c3c89f3d7b1fecec35dd04571415982c5e48\windows-amd64;C:\Users\27439\.gradle\native\100fb08df4bc3b14c8652ba06237920a3bd2aa13389f12d3474272988ae205f9\windows-amd64

VM Arguments:
jvm_args: --add-opens=java.base/java.util=ALL-UNNAMED --add-opens=java.base/java.lang=ALL-UNNAMED --add-opens=java.base/java.lang.invoke=ALL-UNNAMED --add-opens=java.prefs/java.util.prefs=ALL-UNNAMED --add-exports=jdk.compiler/com.sun.tools.javac.api=ALL-UNNAMED --add-exports=jdk.compiler/com.sun.tools.javac.util=ALL-UNNAMED --add-opens=java.base/java.nio.charset=ALL-UNNAMED --add-opens=java.base/java.net=ALL-UNNAMED --add-opens=java.base/java.util.concurrent.atomic=ALL-UNNAMED -Xmx3g -Dfile.encoding=UTF-8 -Duser.country=CN -Duser.language=zh -Duser.variant -javaagent:C:\Users\27439\.gradle\wrapper\dists\gradle-8.10.2-all\cxakslhgak9bfo5baa5oucxya\gradle-8.10.2\lib\agents\gradle-instrumentation-agent-8.10.2.jar 
java_command: org.gradle.launcher.daemon.bootstrap.GradleDaemon 8.10.2
java_class_path (initial): C:\Users\27439\.gradle\wrapper\dists\gradle-8.10.2-all\cxakslhgak9bfo5baa5oucxya\gradle-8.10.2\lib\gradle-daemon-main-8.10.2.jar
Launcher Type: SUN_STANDARD

[Global flags]
     intx CICompilerCount                          = 12                                        {product} {ergonomic}
     uint ConcGCThreads                            = 3                                         {product} {ergonomic}
     uint G1ConcRefinementThreads                  = 13                                        {product} {ergonomic}
   size_t G1HeapRegionSize                         = 2097152                                   {product} {ergonomic}
    uintx GCDrainStackTargetSize                   = 64                                        {product} {ergonomic}
   size_t InitialHeapSize                          = 255852544                                 {product} {ergonomic}
   size_t MarkStackSize                            = 4194304                                   {product} {ergonomic}
   size_t MaxHeapSize                              = 3221225472                                {product} {command line}
   size_t MaxNewSize                               = 1931476992                                {product} {ergonomic}
   size_t MinHeapDeltaBytes                        = 2097152                                   {product} {ergonomic}
   size_t MinHeapSize                              = 8388608                                   {product} {ergonomic}
    uintx NonNMethodCodeHeapSize                   = 7602480                                {pd product} {ergonomic}
    uintx NonProfiledCodeHeapSize                  = 122027880                              {pd product} {ergonomic}
    uintx ProfiledCodeHeapSize                     = 122027880                              {pd product} {ergonomic}
    uintx ReservedCodeCacheSize                    = 251658240                              {pd product} {ergonomic}
     bool SegmentedCodeCache                       = true                                      {product} {ergonomic}
   size_t SoftMaxHeapSize                          = 3221225472                             {manageable} {ergonomic}
     bool UseCompressedClassPointers               = true                           {product lp64_product} {ergonomic}
     bool UseCompressedOops                        = true                           {product lp64_product} {ergonomic}
     bool UseG1GC                                  = true                                      {product} {ergonomic}
     bool UseLargePagesIndividualAllocation        = false                                  {pd product} {ergonomic}

Logging:
Log output configuration:
 #0: stdout all=warning uptime,level,tags
 #1: stderr all=off uptime,level,tags

Environment Variables:
PATH=c:\Users\27439\AppData\Local\Programs\cursor\resources\app\bin;c:\Users\27439\AppData\Local\Programs\cursor\resources\app\bin;C:\WINDOWS\system32;C:\WINDOWS;C:\WINDOWS\System32\Wbem;C:\WINDOWS\System32\WindowsPowerShell\v1.0\;C:\WINDOWS\System32\OpenSSH\;C:\Program Files (x86)\Windows Kits\10\Windows Performance Toolkit\;C:\Program Files\dotnet\;C:\Program Files\nodejs\;C:\Program Files\NVIDIA Corporation\NVIDIA app\NvDLISR;C:\Users\27439\.cargo\bin;C:\Users\27439\AppData\Local\Microsoft\WindowsApps;C:\Users\27439\AppData\Local\JetBrains\Toolbox\scripts;C:\Users\27439\AppData\Roaming\npm;C:\Users\27439\.sdk\Cangjie-0.53.13-windows_x64\cangjie\bin;C:\Users\27439\.sdk\Cangjie-0.53.13-windows_x64\cangjie\tools\bin;C:\Users\27439\.sdk\Cangjie-0.53.13-windows_x64\cangjie\runtime\lib\windows_x86_64_llvm;C:\Users\27439\.dotnet\tools;c:\Users\27439\AppData\Local\Programs\cursor\resources\app\bin;C:\Program Files (x86)\NVIDIA Corporation\PhysX\Common;C:\Program Files\Docker\Docker\resources\bi;C:\Program Files\Docker\Docker\resources\bin;C:\Program Files\TortoiseSVN\bin;C:\Program Files\Git\cmd;C:\Users\27439\AppData\Local\Programs\Microsoft VS Code\bin;C:\Users\27439\AppData\Local\Programs\Ollama;C:\Users\27439\AppData\Local\Programs\Python\Python311;C:\Users\27439\AppData\Local\Programs\Python\Python311\Scripts
USERNAME=27439
OS=Windows_NT
PROCESSOR_IDENTIFIER=AMD64 Family 25 Model 68 Stepping 1, AuthenticAMD
TMP=C:\Users\27439\AppData\Local\Temp
TEMP=C:\Users\27439\AppData\Local\Temp



Periodic native trim disabled


---------------  S Y S T E M  ---------------

OS:
 Windows 11 , 64 bit Build 26100 (10.0.26100.3775)
OS uptime: 1 days 5:34 hours
Hyper-V role detected

CPU: total 16 (initial active 16) (16 cores per cpu, 2 threads per core) family 25 model 68 stepping 1 microcode 0xa404101, cx8, cmov, fxsr, ht, mmx, 3dnowpref, sse, sse2, sse3, ssse3, sse4a, sse4.1, sse4.2, popcnt, lzcnt, tsc, tscinvbit, avx, avx2, aes, clmul, bmi1, bmi2, adx, sha, fma, vzeroupper, clflush, clflushopt, hv
Processor Information for all 16 processors :
  Max Mhz: 3201, Current Mhz: 3201, Mhz Limit: 3201

Memory: 4k page, system-wide physical 15613M (1170M free)
TotalPageFile size 62717M (AvailPageFile size 7M)
current process WorkingSet (physical memory assigned to process): 897M, peak: 897M
current process commit charge ("private bytes"): 960M, peak: 962M

vm_info: OpenJDK 64-Bit Server VM (17.0.14+7-LTS) for windows-amd64 JRE (17.0.14+7-LTS), built on Jan  7 2025 20:14:24 by "Administrator" with MS VC++ 16.10 / 16.11 (VS2019)

END.
