#
# There is insufficient memory for the Java Runtime Environment to continue.
# Native memory allocation (mmap) failed to map 532676608 bytes for G1 virtual space
# Possible reasons:
#   The system is out of physical RAM or swap space
#   The process is running with CompressedOops enabled, and the Java Heap may be blocking the growth of the native heap
# Possible solutions:
#   Reduce memory load on the system
#   Increase physical memory or swap space
#   Check if swap backing store is full
#   Decrease Java heap size (-Xmx/-Xms)
#   Decrease number of Java threads
#   Decrease Java thread stack sizes (-Xss)
#   Set larger code cache with -XX:ReservedCodeCacheSize=
#   JVM is running with Zero Based Compressed Oops mode in which the Java heap is
#     placed in the first 32GB address space. The Java Heap base address is the
#     maximum limit for the native heap growth. Please use -XX:HeapBaseMinAddress
#     to set the Java Heap base and to place the Java Heap above 32GB virtual address.
# This output file may be truncated or incomplete.
#
#  Out of Memory Error (os_windows.cpp:3613), pid=11076, tid=13316
#
# JRE version: OpenJDK Runtime Environment Corretto-17.0.10.7.1 (17.0.10+7) (build 17.0.10+7-LTS)
# Java VM: OpenJDK 64-Bit Server VM Corretto-17.0.10.7.1 (17.0.10+7-LTS, mixed mode, sharing, tiered, compressed oops, compressed class ptrs, g1 gc, windows-amd64)
# No core dump will be written. Minidumps are not enabled by default on client versions of Windows
#

---------------  S U M M A R Y ------------

Command Line: --add-opens=java.base/java.util.concurrent.atomic=ALL-UNNAMED -agentlib:jdwp=transport=dt_socket,server=n,suspend=y,address=127.0.0.1:38711 --add-opens=java.base/java.util=ALL-UNNAMED --add-opens=java.base/java.lang=ALL-UNNAMED --add-opens=java.base/java.lang.invoke=ALL-UNNAMED --add-opens=java.prefs/java.util.prefs=ALL-UNNAMED --add-opens=java.base/java.nio.charset=ALL-UNNAMED --add-opens=java.base/java.net=ALL-UNNAMED --add-opens=java.base/java.util.concurrent.atomic=ALL-UNNAMED -Xmx3g -Dfile.encoding=UTF-8 -Duser.country=CN -Duser.language=zh -Duser.variant -javaagent:C:\Users\27439\.gradle\wrapper\dists\gradle-8.2-all\2q3bs1ik8c4yxxdwn9pbenul9\gradle-8.2\lib\agents\gradle-instrumentation-agent-8.2.jar org.gradle.launcher.daemon.bootstrap.GradleDaemon 8.2

Host: AMD Ryzen 7 6800H with Radeon Graphics         , 16 cores, 15G,  Windows 11 , 64 bit Build 22621 (10.0.22621.3958)
Time: Fri Nov  1 17:20:57 2024  Windows 11 , 64 bit Build 22621 (10.0.22621.3958) elapsed time: 126.302973 seconds (0d 0h 2m 6s)

---------------  T H R E A D  ---------------

Current thread (0x0000027203c8f140):  VMThread "VM Thread" [stack: 0x000000c766200000,0x000000c766300000] [id=13316]

Stack: [0x000000c766200000,0x000000c766300000]
Native frames: (J=compiled Java code, j=interpreted, Vv=VM code, C=native code)
V  [jvm.dll+0x67d2c9]
V  [jvm.dll+0x834b1a]
V  [jvm.dll+0x8365de]
V  [jvm.dll+0x836c43]
V  [jvm.dll+0x2477ff]
V  [jvm.dll+0x67a109]
V  [jvm.dll+0x66eb7a]
V  [jvm.dll+0x30764b]
V  [jvm.dll+0x30eaf6]
V  [jvm.dll+0x35e83e]
V  [jvm.dll+0x35ea6f]
V  [jvm.dll+0x2de248]
V  [jvm.dll+0x2dc424]
V  [jvm.dll+0x2dba2c]
V  [jvm.dll+0x31faeb]
V  [jvm.dll+0x83b13b]
V  [jvm.dll+0x83be81]
V  [jvm.dll+0x83c39d]
V  [jvm.dll+0x83c774]
V  [jvm.dll+0x83c840]
V  [jvm.dll+0x7e3fda]
V  [jvm.dll+0x67c1b5]
C  [ucrtbase.dll+0x29333]
C  [KERNEL32.DLL+0x1257d]
C  [ntdll.dll+0x5af08]

VM_Operation (0x000000c7716f79a0): G1CollectForAllocation, mode: safepoint, requested by thread 0x000002724eccaa90


---------------  P R O C E S S  ---------------

Threads class SMR info:
_java_thread_list=0x00000272494ed620, length=194, elements={
0x00000272626b3260, 0x0000027203c94910, 0x0000027203c95790, 0x0000027249014da0,
0x0000027249018690, 0x0000027249018f60, 0x0000027249019f30, 0x000002724901ac20,
0x000002724902c430, 0x0000027249050e60, 0x000002724910dce0, 0x000002724923dd70,
0x00000272492871e0, 0x0000027249289e00, 0x00000272492efdb0, 0x000002724b54bbf0,
0x000002724ad33390, 0x000002724ac58500, 0x000002724b0bd020, 0x000002724b69f030,
0x000002724ac76ad0, 0x000002724b8f9820, 0x000002724b62d0c0, 0x000002724b62b770,
0x000002724b62d5d0, 0x000002724b62c6a0, 0x000002724b62dff0, 0x000002724b62ad50,
0x000002724b62c190, 0x000002724b62cbb0, 0x000002724c52e370, 0x000002724c532540,
0x000002724c52b0d0, 0x000002724c531b20, 0x000002724c532a50, 0x000002724c52e880,
0x000002724c52c510, 0x000002724c52b5e0, 0x000002724c52f7b0, 0x000002724c530bf0,
0x000002724c531100, 0x00000272529ce090, 0x00000272529cdb80, 0x00000272529ceab0,
0x00000272529ccc50, 0x00000272529d1840, 0x00000272529cc230, 0x00000272529cb810,
0x00000272529cadf0, 0x00000272529cf9e0, 0x00000272529cbd20, 0x00000272529cc740,
0x00000272529d1330, 0x00000272529ce5a0, 0x00000272529cd160, 0x00000272529cefc0,
0x00000272529cf4d0, 0x00000272529d0e20, 0x00000272529cfef0, 0x00000272529cd670,
0x00000272529d0400, 0x00000272529d0910, 0x00000272529ca3d0, 0x00000272529d1d50,
0x00000272529ca8e0, 0x000002724c97aef0, 0x000002724c9795a0, 0x000002724c97d770,
0x000002724c97f5d0, 0x000002724c97b400, 0x000002724c97e6a0, 0x000002724c97ebb0,
0x000002724c97f0c0, 0x000002724c97d260, 0x000002724c5301d0, 0x000002724c979090,
0x000002724ac40670, 0x000002724ac3ba80, 0x000002724ac3a640, 0x000002724ac3c9b0,
0x000002724ac3cec0, 0x000002724ac41090, 0x000002724ac3e300, 0x000002724ac3bf90,
0x000002724ac40160, 0x000002724ac3d3d0, 0x000002724ac3e810, 0x000002724ac3d8e0,
0x000002724ac3ed20, 0x000002724ac3f230, 0x000002724ac3ddf0, 0x000002724ac3f740,
0x000002724ac41ab0, 0x000002724ac41fc0, 0x000002724ac3ab50, 0x000002724ac3b060,
0x000002724ac3c4a0, 0x000002724ac3b570, 0x000002724d4fe1b0, 0x000002724d4f9fe0,
0x000002724d4fbe40, 0x000002724d4fc350, 0x000002724d4fc860, 0x000002724d4faf10,
0x000002724d4fb420, 0x000002724d4fcd70, 0x000002724d4f9ad0, 0x000002724d4fa4f0,
0x000002724d4f95c0, 0x000002724d4fe6c0, 0x000002724d4fb930, 0x000002724d4f8180,
0x000002724d4faa00, 0x000002724d4ff0e0, 0x000002724d4fd790, 0x000002724d4ff5f0,
0x000002724d4febd0, 0x000002724d4fdca0, 0x000002724d4f8690, 0x000002724d4f8ba0,
0x000002724d4f90b0, 0x000002724eaa2a90, 0x000002724eaa6240, 0x000002724eaa80a0,
0x000002724eaa5d30, 0x000002724eaa85b0, 0x000002724eaa8ac0, 0x000002724eaa94e0,
0x000002724eaa5820, 0x000002724eaa6750, 0x000002724eaa2fa0, 0x000002724eaa2070,
0x000002724eaa48f0, 0x000002724eaa99f0, 0x000002724eaa8fd0, 0x000002724eaa2580,
0x000002724eaa3ed0, 0x000002724eaa43e0, 0x000002724eaa4e00, 0x000002724eaa5310,
0x000002724eaa7680, 0x000002724c52cf30, 0x0000027251fdd210, 0x0000027251fdd720,
0x0000027251fdeb60, 0x0000027251fdbdd0, 0x0000027251fde650, 0x0000027251fddc30,
0x0000027251fdc7f0, 0x0000027251fdcd00, 0x0000027251fdc2e0, 0x0000027251fdb8c0,
0x0000027251fdb3b0, 0x000002724eccaa90, 0x000002724ecc4550, 0x000002724eccb9c0,
0x000002724ecc4f70, 0x000002724eccb4b0, 0x000002724eccafa0, 0x000002724eccbed0,
0x000002724ecc4a60, 0x000002724ecc8210, 0x000002724ecc63b0, 0x000002724ecc5480,
0x000002724ecca580, 0x000002724ecc9650, 0x000002724ecc68c0, 0x000002724ecc72e0,
0x000002724ecc9140, 0x0000027251fde140, 0x000002724ece8350, 0x000002724ecea6c0,
0x000002724ece9280, 0x000002724ece7420, 0x000002724ece7930, 0x000002724ece7e40,
0x000002724ece5fe0, 0x000002724ecebb00, 0x000002724ece8860, 0x000002724ece4690,
0x000002724eceb0e0, 0x000002724ece55c0, 0x000002724ece64f0, 0x000002724ece6a00,
0x000002724ece50b0, 0x000002724ece5ad0, 0x000002724ece6f10, 0x000002724ece8d70,
0x000002724dfa19e0, 0x000002724dfa4f00, 0x000002724dfa7980, 0x000002724dfa4460,
0x000002724dfa39c0, 0x000002724dfa49b0
}

Java Threads: ( => current thread )
  0x00000272626b3260 JavaThread "main" [_thread_blocked, id=23312, stack(0x000000c765c00000,0x000000c765d00000)]
  0x0000027203c94910 JavaThread "Reference Handler" daemon [_thread_blocked, id=11004, stack(0x000000c766300000,0x000000c766400000)]
  0x0000027203c95790 JavaThread "Finalizer" daemon [_thread_blocked, id=28412, stack(0x000000c766400000,0x000000c766500000)]
  0x0000027249014da0 JavaThread "Signal Dispatcher" daemon [_thread_blocked, id=29040, stack(0x000000c766500000,0x000000c766600000)]
  0x0000027249018690 JavaThread "Attach Listener" daemon [_thread_blocked, id=25080, stack(0x000000c766600000,0x000000c766700000)]
  0x0000027249018f60 JavaThread "Service Thread" daemon [_thread_blocked, id=9444, stack(0x000000c766700000,0x000000c766800000)]
  0x0000027249019f30 JavaThread "Monitor Deflation Thread" daemon [_thread_blocked, id=15464, stack(0x000000c766800000,0x000000c766900000)]
  0x000002724901ac20 JavaThread "C2 CompilerThread0" daemon [_thread_in_native, id=12056, stack(0x000000c766900000,0x000000c766a00000)]
  0x000002724902c430 JavaThread "C1 CompilerThread0" daemon [_thread_blocked, id=20084, stack(0x000000c766a00000,0x000000c766b00000)]
  0x0000027249050e60 JavaThread "Sweeper thread" daemon [_thread_blocked, id=5396, stack(0x000000c766b00000,0x000000c766c00000)]
  0x000002724910dce0 JavaThread "Common-Cleaner" daemon [_thread_blocked, id=1428, stack(0x000000c766c00000,0x000000c766d00000)]
  0x000002724923dd70 JavaThread "JDWP Transport Listener: dt_socket" daemon [_thread_blocked, id=16336, stack(0x000000c767100000,0x000000c767200000)]
  0x00000272492871e0 JavaThread "JDWP Event Helper Thread" daemon [_thread_blocked, id=9176, stack(0x000000c767200000,0x000000c767300000)]
  0x0000027249289e00 JavaThread "JDWP Command Reader" daemon [_thread_in_native, id=23532, stack(0x000000c767300000,0x000000c767400000)]
  0x00000272492efdb0 JavaThread "Notification Thread" daemon [_thread_blocked, id=19112, stack(0x000000c767400000,0x000000c767500000)]
  0x000002724b54bbf0 JavaThread "Daemon health stats" [_thread_blocked, id=19640, stack(0x000000c768000000,0x000000c768100000)]
  0x000002724ad33390 JavaThread "Incoming local TCP Connector on port 38719" [_thread_in_native, id=28280, stack(0x000000c768100000,0x000000c768200000)]
  0x000002724ac58500 JavaThread "Daemon periodic checks" [_thread_blocked, id=15568, stack(0x000000c768200000,0x000000c768300000)]
  0x000002724b0bd020 JavaThread "Daemon" [_thread_blocked, id=13356, stack(0x000000c768300000,0x000000c768400000)]
  0x000002724b69f030 JavaThread "Handler for socket connection from /127.0.0.1:38719 to /127.0.0.1:38720" [_thread_in_native, id=22020, stack(0x000000c768400000,0x000000c768500000)]
  0x000002724ac76ad0 JavaThread "Cancel handler" [_thread_blocked, id=26520, stack(0x000000c768500000,0x000000c768600000)]
  0x000002724b8f9820 JavaThread "Daemon worker" [_thread_blocked, id=6612, stack(0x000000c768600000,0x000000c768700000)]
  0x000002724b62d0c0 JavaThread "Asynchronous log dispatcher for DefaultDaemonConnection: socket connection from /127.0.0.1:38719 to /127.0.0.1:38720" [_thread_blocked, id=16776, stack(0x000000c768700000,0x000000c768800000)]
  0x000002724b62b770 JavaThread "Stdin handler" [_thread_blocked, id=28752, stack(0x000000c768800000,0x000000c768900000)]
  0x000002724b62d5d0 JavaThread "Daemon client event forwarder" [_thread_blocked, id=24728, stack(0x000000c768900000,0x000000c768a00000)]
  0x000002724b62c6a0 JavaThread "Cache worker for journal cache (C:\Users\27439\.gradle\caches\journal-1)" [_thread_blocked, id=12048, stack(0x000000c768a00000,0x000000c768b00000)]
  0x000002724b62dff0 JavaThread "File lock request listener" [_thread_in_native, id=20312, stack(0x000000c768b00000,0x000000c768c00000)]
  0x000002724b62ad50 JavaThread "Cache worker for file hash cache (C:\Users\27439\.gradle\caches\8.2\fileHashes)" [_thread_blocked, id=20544, stack(0x000000c768c00000,0x000000c768d00000)]
  0x000002724b62c190 JavaThread "File watcher server" daemon [_thread_blocked, id=8536, stack(0x000000c768d00000,0x000000c768e00000)]
  0x000002724b62cbb0 JavaThread "File watcher consumer" daemon [_thread_blocked, id=11188, stack(0x000000c768e00000,0x000000c768f00000)]
  0x000002724c52e370 JavaThread "Cache worker for checksums cache (D:\Code\intellij\intellij-cangjie\.gradle\8.2\checksums)" [_thread_blocked, id=20420, stack(0x000000c768f00000,0x000000c769000000)]
  0x000002724c532540 JavaThread "Cache worker for cache directory md-rule (C:\Users\27439\.gradle\caches\8.2\md-rule)" [_thread_blocked, id=8952, stack(0x000000c769000000,0x000000c769100000)]
  0x000002724c52b0d0 JavaThread "Cache worker for file content cache (C:\Users\27439\.gradle\caches\8.2\fileContent)" [_thread_blocked, id=11080, stack(0x000000c769100000,0x000000c769200000)]
  0x000002724c531b20 JavaThread "Cache worker for file hash cache (D:\Code\intellij\intellij-cangjie\.gradle\8.2\fileHashes)" [_thread_blocked, id=12156, stack(0x000000c769700000,0x000000c769800000)]
  0x000002724c532a50 JavaThread "Cache worker for cache directory md-supplier (C:\Users\27439\.gradle\caches\8.2\md-supplier)" [_thread_blocked, id=16044, stack(0x000000c769800000,0x000000c769900000)]
  0x000002724c52e880 JavaThread "Cache worker for execution history cache (C:\Users\27439\.gradle\caches\8.2\executionHistory)" [_thread_blocked, id=9568, stack(0x000000c769900000,0x000000c769a00000)]
  0x000002724c52c510 JavaThread "jar transforms" [_thread_blocked, id=5464, stack(0x000000c769a00000,0x000000c769b00000)]
  0x000002724c52b5e0 JavaThread "jar transforms Thread 2" [_thread_blocked, id=25188, stack(0x000000c769b00000,0x000000c769c00000)]
  0x000002724c52f7b0 JavaThread "jar transforms Thread 3" [_thread_blocked, id=23912, stack(0x000000c769c00000,0x000000c769d00000)]
  0x000002724c530bf0 JavaThread "jar transforms Thread 4" [_thread_blocked, id=24532, stack(0x000000c769d00000,0x000000c769e00000)]
  0x000002724c531100 JavaThread "jar transforms Thread 5" [_thread_blocked, id=4252, stack(0x000000c769e00000,0x000000c769f00000)]
  0x00000272529ce090 JavaThread "jar transforms Thread 6" [_thread_blocked, id=6924, stack(0x000000c769f00000,0x000000c76a000000)]
  0x00000272529cdb80 JavaThread "Cache worker for kotlin-dsl (C:\Users\27439\.gradle\caches\8.2\kotlin-dsl)" [_thread_blocked, id=26648, stack(0x000000c76a000000,0x000000c76a100000)]
  0x00000272529ceab0 JavaThread "jar transforms Thread 7" [_thread_blocked, id=5576, stack(0x000000c76a600000,0x000000c76a700000)]
  0x00000272529ccc50 JavaThread "jar transforms Thread 8" [_thread_blocked, id=27820, stack(0x000000c76a700000,0x000000c76a800000)]
  0x00000272529d1840 JavaThread "Unconstrained build operations" [_thread_blocked, id=20572, stack(0x000000c76a800000,0x000000c76a900000)]
  0x00000272529cc230 JavaThread "Unconstrained build operations Thread 2" [_thread_blocked, id=4800, stack(0x000000c76a900000,0x000000c76aa00000)]
  0x00000272529cb810 JavaThread "jar transforms Thread 9" [_thread_blocked, id=26472, stack(0x000000c76aa00000,0x000000c76ab00000)]
  0x00000272529cadf0 JavaThread "jar transforms Thread 10" [_thread_blocked, id=8740, stack(0x000000c76ab00000,0x000000c76ac00000)]
  0x00000272529cf9e0 JavaThread "jar transforms Thread 11" [_thread_blocked, id=28248, stack(0x000000c76ac00000,0x000000c76ad00000)]
  0x00000272529cbd20 JavaThread "jar transforms Thread 12" [_thread_blocked, id=28264, stack(0x000000c76ad00000,0x000000c76ae00000)]
  0x00000272529cc740 JavaThread "jar transforms Thread 13" [_thread_blocked, id=26536, stack(0x000000c76ae00000,0x000000c76af00000)]
  0x00000272529d1330 JavaThread "jar transforms Thread 14" [_thread_blocked, id=23244, stack(0x000000c76af00000,0x000000c76b000000)]
  0x00000272529ce5a0 JavaThread "Cache worker for dependencies-accessors (D:\Code\intellij\intellij-cangjie\.gradle\8.2\dependencies-accessors)" [_thread_blocked, id=17380, stack(0x000000c76b000000,0x000000c76b100000)]
  0x00000272529cd160 JavaThread "Cache worker for Build Output Cleanup Cache (D:\Code\intellij\intellij-cangjie\.gradle\buildOutputCleanup)" [_thread_blocked, id=29460, stack(0x000000c76b100000,0x000000c76b200000)]
  0x00000272529cefc0 JavaThread "jar transforms Thread 15" [_thread_blocked, id=21656, stack(0x000000c76b200000,0x000000c76b300000)]
  0x00000272529cf4d0 JavaThread "jar transforms Thread 16" [_thread_blocked, id=25224, stack(0x000000c76b300000,0x000000c76b400000)]
  0x00000272529d0e20 JavaThread "Unconstrained build operations Thread 3" [_thread_blocked, id=24264, stack(0x000000c76b400000,0x000000c76b500000)]
  0x00000272529cfef0 JavaThread "Unconstrained build operations Thread 4" [_thread_blocked, id=18964, stack(0x000000c76b500000,0x000000c76b600000)]
  0x00000272529cd670 JavaThread "Unconstrained build operations Thread 5" [_thread_blocked, id=2748, stack(0x000000c76b600000,0x000000c76b700000)]
  0x00000272529d0400 JavaThread "Unconstrained build operations Thread 6" [_thread_blocked, id=29104, stack(0x000000c76b700000,0x000000c76b800000)]
  0x00000272529d0910 JavaThread "Unconstrained build operations Thread 7" [_thread_blocked, id=26840, stack(0x000000c76b800000,0x000000c76b900000)]
  0x00000272529ca3d0 JavaThread "Unconstrained build operations Thread 8" [_thread_blocked, id=22048, stack(0x000000c76b900000,0x000000c76ba00000)]
  0x00000272529d1d50 JavaThread "Unconstrained build operations Thread 9" [_thread_blocked, id=11328, stack(0x000000c76ba00000,0x000000c76bb00000)]
  0x00000272529ca8e0 JavaThread "Unconstrained build operations Thread 10" [_thread_blocked, id=8804, stack(0x000000c76bb00000,0x000000c76bc00000)]
  0x000002724c97aef0 JavaThread "Unconstrained build operations Thread 11" [_thread_blocked, id=13128, stack(0x000000c76bc00000,0x000000c76bd00000)]
  0x000002724c9795a0 JavaThread "Unconstrained build operations Thread 12" [_thread_blocked, id=28836, stack(0x000000c76bd00000,0x000000c76be00000)]
  0x000002724c97d770 JavaThread "Unconstrained build operations Thread 13" [_thread_blocked, id=15632, stack(0x000000c76be00000,0x000000c76bf00000)]
  0x000002724c97f5d0 JavaThread "Unconstrained build operations Thread 14" [_thread_blocked, id=12668, stack(0x000000c76bf00000,0x000000c76c000000)]
  0x000002724c97b400 JavaThread "Unconstrained build operations Thread 15" [_thread_blocked, id=25000, stack(0x000000c76c000000,0x000000c76c100000)]
  0x000002724c97e6a0 JavaThread "Unconstrained build operations Thread 16" [_thread_blocked, id=11924, stack(0x000000c76c100000,0x000000c76c200000)]
  0x000002724c97ebb0 JavaThread "Unconstrained build operations Thread 17" [_thread_blocked, id=17000, stack(0x000000c76c200000,0x000000c76c300000)]
  0x000002724c97f0c0 JavaThread "build event listener" [_thread_blocked, id=28056, stack(0x000000c76c300000,0x000000c76c400000)]
  0x000002724c97d260 JavaThread "Memory manager" [_thread_blocked, id=15752, stack(0x000000c767600000,0x000000c767700000)]
  0x000002724c5301d0 JavaThread "Unconstrained build operations Thread 18" [_thread_blocked, id=27780, stack(0x000000c76c400000,0x000000c76c500000)]
  0x000002724c979090 JavaThread "Unconstrained build operations Thread 19" [_thread_blocked, id=24036, stack(0x000000c76c500000,0x000000c76c600000)]
  0x000002724ac40670 JavaThread "Unconstrained build operations Thread 20" [_thread_blocked, id=3388, stack(0x000000c76c600000,0x000000c76c700000)]
  0x000002724ac3ba80 JavaThread "Unconstrained build operations Thread 21" [_thread_blocked, id=19100, stack(0x000000c76c700000,0x000000c76c800000)]
  0x000002724ac3a640 JavaThread "Unconstrained build operations Thread 22" [_thread_blocked, id=30556, stack(0x000000c76c800000,0x000000c76c900000)]
  0x000002724ac3c9b0 JavaThread "Unconstrained build operations Thread 23" [_thread_blocked, id=15344, stack(0x000000c76c900000,0x000000c76ca00000)]
  0x000002724ac3cec0 JavaThread "Unconstrained build operations Thread 24" [_thread_blocked, id=10264, stack(0x000000c76ca00000,0x000000c76cb00000)]
  0x000002724ac41090 JavaThread "Unconstrained build operations Thread 25" [_thread_blocked, id=13732, stack(0x000000c76cb00000,0x000000c76cc00000)]
  0x000002724ac3e300 JavaThread "Unconstrained build operations Thread 26" [_thread_blocked, id=3880, stack(0x000000c76cc00000,0x000000c76cd00000)]
  0x000002724ac3bf90 JavaThread "Unconstrained build operations Thread 27" [_thread_blocked, id=17608, stack(0x000000c76cd00000,0x000000c76ce00000)]
  0x000002724ac40160 JavaThread "Unconstrained build operations Thread 28" [_thread_blocked, id=20868, stack(0x000000c76ce00000,0x000000c76cf00000)]
  0x000002724ac3d3d0 JavaThread "Unconstrained build operations Thread 29" [_thread_blocked, id=3296, stack(0x000000c76cf00000,0x000000c76d000000)]
  0x000002724ac3e810 JavaThread "Unconstrained build operations Thread 30" [_thread_blocked, id=4316, stack(0x000000c76d000000,0x000000c76d100000)]
  0x000002724ac3d8e0 JavaThread "Unconstrained build operations Thread 31" [_thread_blocked, id=29016, stack(0x000000c76d100000,0x000000c76d200000)]
  0x000002724ac3ed20 JavaThread "Unconstrained build operations Thread 32" [_thread_blocked, id=19744, stack(0x000000c76d200000,0x000000c76d300000)]
  0x000002724ac3f230 JavaThread "Unconstrained build operations Thread 33" [_thread_blocked, id=3836, stack(0x000000c76d300000,0x000000c76d400000)]
  0x000002724ac3ddf0 JavaThread "Unconstrained build operations Thread 34" [_thread_blocked, id=25404, stack(0x000000c76d400000,0x000000c76d500000)]
  0x000002724ac3f740 JavaThread "Unconstrained build operations Thread 35" [_thread_blocked, id=30520, stack(0x000000c76d500000,0x000000c76d600000)]
  0x000002724ac41ab0 JavaThread "Unconstrained build operations Thread 36" [_thread_blocked, id=19632, stack(0x000000c76d900000,0x000000c76da00000)]
  0x000002724ac41fc0 JavaThread "Unconstrained build operations Thread 37" [_thread_blocked, id=22184, stack(0x000000c76da00000,0x000000c76db00000)]
  0x000002724ac3ab50 JavaThread "Unconstrained build operations Thread 38" [_thread_blocked, id=2496, stack(0x000000c76db00000,0x000000c76dc00000)]
  0x000002724ac3b060 JavaThread "Unconstrained build operations Thread 39" [_thread_blocked, id=13300, stack(0x000000c76dc00000,0x000000c76dd00000)]
  0x000002724ac3c4a0 JavaThread "Unconstrained build operations Thread 40" [_thread_blocked, id=988, stack(0x000000c76dd00000,0x000000c76de00000)]
  0x000002724ac3b570 JavaThread "Unconstrained build operations Thread 41" [_thread_blocked, id=25824, stack(0x000000c76de00000,0x000000c76df00000)]
  0x000002724d4fe1b0 JavaThread "Unconstrained build operations Thread 42" [_thread_blocked, id=19304, stack(0x000000c76df00000,0x000000c76e000000)]
  0x000002724d4f9fe0 JavaThread "Unconstrained build operations Thread 43" [_thread_blocked, id=6444, stack(0x000000c76e000000,0x000000c76e100000)]
  0x000002724d4fbe40 JavaThread "Unconstrained build operations Thread 44" [_thread_blocked, id=10008, stack(0x000000c76e100000,0x000000c76e200000)]
  0x000002724d4fc350 JavaThread "Unconstrained build operations Thread 45" [_thread_blocked, id=1992, stack(0x000000c76e200000,0x000000c76e300000)]
  0x000002724d4fc860 JavaThread "Unconstrained build operations Thread 46" [_thread_blocked, id=7492, stack(0x000000c76e300000,0x000000c76e400000)]
  0x000002724d4faf10 JavaThread "Unconstrained build operations Thread 47" [_thread_blocked, id=20512, stack(0x000000c76e400000,0x000000c76e500000)]
  0x000002724d4fb420 JavaThread "Unconstrained build operations Thread 48" [_thread_blocked, id=24964, stack(0x000000c76e500000,0x000000c76e600000)]
  0x000002724d4fcd70 JavaThread "Unconstrained build operations Thread 49" [_thread_blocked, id=404, stack(0x000000c76e600000,0x000000c76e700000)]
  0x000002724d4f9ad0 JavaThread "Unconstrained build operations Thread 50" [_thread_blocked, id=18392, stack(0x000000c76e700000,0x000000c76e800000)]
  0x000002724d4fa4f0 JavaThread "Unconstrained build operations Thread 51" [_thread_blocked, id=29472, stack(0x000000c76e800000,0x000000c76e900000)]
  0x000002724d4f95c0 JavaThread "Unconstrained build operations Thread 52" [_thread_blocked, id=5460, stack(0x000000c76e900000,0x000000c76ea00000)]
  0x000002724d4fe6c0 JavaThread "Unconstrained build operations Thread 53" [_thread_blocked, id=11168, stack(0x000000c76ea00000,0x000000c76eb00000)]
  0x000002724d4fb930 JavaThread "Unconstrained build operations Thread 54" [_thread_blocked, id=28432, stack(0x000000c76eb00000,0x000000c76ec00000)]
  0x000002724d4f8180 JavaThread "Unconstrained build operations Thread 55" [_thread_blocked, id=3928, stack(0x000000c76ec00000,0x000000c76ed00000)]
  0x000002724d4faa00 JavaThread "Unconstrained build operations Thread 56" [_thread_blocked, id=17236, stack(0x000000c76ed00000,0x000000c76ee00000)]
  0x000002724d4ff0e0 JavaThread "Unconstrained build operations Thread 57" [_thread_blocked, id=27716, stack(0x000000c76ee00000,0x000000c76ef00000)]
  0x000002724d4fd790 JavaThread "Unconstrained build operations Thread 58" [_thread_blocked, id=4808, stack(0x000000c76ef00000,0x000000c76f000000)]
  0x000002724d4ff5f0 JavaThread "Unconstrained build operations Thread 59" [_thread_blocked, id=11184, stack(0x000000c76f000000,0x000000c76f100000)]
  0x000002724d4febd0 JavaThread "Unconstrained build operations Thread 60" [_thread_blocked, id=11568, stack(0x000000c76f100000,0x000000c76f200000)]
  0x000002724d4fdca0 JavaThread "Unconstrained build operations Thread 61" [_thread_blocked, id=30552, stack(0x000000c76f200000,0x000000c76f300000)]
  0x000002724d4f8690 JavaThread "Unconstrained build operations Thread 62" [_thread_blocked, id=29336, stack(0x000000c76f300000,0x000000c76f400000)]
  0x000002724d4f8ba0 JavaThread "Unconstrained build operations Thread 63" [_thread_blocked, id=3808, stack(0x000000c76f400000,0x000000c76f500000)]
  0x000002724d4f90b0 JavaThread "Unconstrained build operations Thread 64" [_thread_blocked, id=11768, stack(0x000000c76f500000,0x000000c76f600000)]
  0x000002724eaa2a90 JavaThread "Unconstrained build operations Thread 65" [_thread_blocked, id=4144, stack(0x000000c76f600000,0x000000c76f700000)]
  0x000002724eaa6240 JavaThread "Unconstrained build operations Thread 66" [_thread_blocked, id=10900, stack(0x000000c76f700000,0x000000c76f800000)]
  0x000002724eaa80a0 JavaThread "Unconstrained build operations Thread 67" [_thread_blocked, id=29092, stack(0x000000c76f800000,0x000000c76f900000)]
  0x000002724eaa5d30 JavaThread "Unconstrained build operations Thread 68" [_thread_blocked, id=24124, stack(0x000000c76f900000,0x000000c76fa00000)]
  0x000002724eaa85b0 JavaThread "Unconstrained build operations Thread 69" [_thread_blocked, id=27012, stack(0x000000c76fa00000,0x000000c76fb00000)]
  0x000002724eaa8ac0 JavaThread "Unconstrained build operations Thread 70" [_thread_blocked, id=20104, stack(0x000000c76fb00000,0x000000c76fc00000)]
  0x000002724eaa94e0 JavaThread "Unconstrained build operations Thread 71" [_thread_blocked, id=4532, stack(0x000000c76fc00000,0x000000c76fd00000)]
  0x000002724eaa5820 JavaThread "Unconstrained build operations Thread 72" [_thread_blocked, id=19552, stack(0x000000c76fd00000,0x000000c76fe00000)]
  0x000002724eaa6750 JavaThread "Unconstrained build operations Thread 73" [_thread_blocked, id=16672, stack(0x000000c76fe00000,0x000000c76ff00000)]
  0x000002724eaa2fa0 JavaThread "Unconstrained build operations Thread 74" [_thread_blocked, id=28260, stack(0x000000c76ff00000,0x000000c770000000)]
  0x000002724eaa2070 JavaThread "Unconstrained build operations Thread 75" [_thread_blocked, id=5500, stack(0x000000c770000000,0x000000c770100000)]
  0x000002724eaa48f0 JavaThread "Unconstrained build operations Thread 76" [_thread_blocked, id=7468, stack(0x000000c770100000,0x000000c770200000)]
  0x000002724eaa99f0 JavaThread "Unconstrained build operations Thread 77" [_thread_blocked, id=22776, stack(0x000000c770200000,0x000000c770300000)]
  0x000002724eaa8fd0 JavaThread "Unconstrained build operations Thread 78" [_thread_blocked, id=28808, stack(0x000000c770300000,0x000000c770400000)]
  0x000002724eaa2580 JavaThread "Unconstrained build operations Thread 79" [_thread_blocked, id=3460, stack(0x000000c770400000,0x000000c770500000)]
  0x000002724eaa3ed0 JavaThread "Unconstrained build operations Thread 80" [_thread_blocked, id=26240, stack(0x000000c770500000,0x000000c770600000)]
  0x000002724eaa43e0 JavaThread "Unconstrained build operations Thread 81" [_thread_blocked, id=28492, stack(0x000000c770600000,0x000000c770700000)]
  0x000002724eaa4e00 JavaThread "Unconstrained build operations Thread 82" [_thread_blocked, id=11216, stack(0x000000c770700000,0x000000c770800000)]
  0x000002724eaa5310 JavaThread "Unconstrained build operations Thread 83" [_thread_blocked, id=1448, stack(0x000000c770800000,0x000000c770900000)]
  0x000002724eaa7680 JavaThread "Unconstrained build operations Thread 84" [_thread_blocked, id=17196, stack(0x000000c770900000,0x000000c770a00000)]
  0x000002724c52cf30 JavaThread "Unconstrained build operations Thread 85" [_thread_blocked, id=2988, stack(0x000000c770a00000,0x000000c770b00000)]
  0x0000027251fdd210 JavaThread "Unconstrained build operations Thread 86" [_thread_blocked, id=2908, stack(0x000000c770b00000,0x000000c770c00000)]
  0x0000027251fdd720 JavaThread "Unconstrained build operations Thread 87" [_thread_blocked, id=14556, stack(0x000000c770c00000,0x000000c770d00000)]
  0x0000027251fdeb60 JavaThread "included builds" [_thread_blocked, id=25924, stack(0x000000c770d00000,0x000000c770e00000)]
  0x0000027251fdbdd0 JavaThread "Execution worker" [_thread_blocked, id=12720, stack(0x000000c770e00000,0x000000c770f00000)]
  0x0000027251fde650 JavaThread "Execution worker Thread 2" [_thread_blocked, id=14756, stack(0x000000c770f00000,0x000000c771000000)]
  0x0000027251fddc30 JavaThread "Execution worker Thread 3" [_thread_blocked, id=5964, stack(0x000000c771000000,0x000000c771100000)]
  0x0000027251fdc7f0 JavaThread "Execution worker Thread 4" [_thread_blocked, id=16668, stack(0x000000c771100000,0x000000c771200000)]
  0x0000027251fdcd00 JavaThread "Execution worker Thread 5" [_thread_blocked, id=10500, stack(0x000000c771200000,0x000000c771300000)]
  0x0000027251fdc2e0 JavaThread "Execution worker Thread 6" [_thread_blocked, id=26100, stack(0x000000c771300000,0x000000c771400000)]
  0x0000027251fdb8c0 JavaThread "Execution worker Thread 7" [_thread_blocked, id=30016, stack(0x000000c771400000,0x000000c771500000)]
  0x0000027251fdb3b0 JavaThread "Execution worker Thread 8" [_thread_blocked, id=27832, stack(0x000000c771500000,0x000000c771600000)]
  0x000002724eccaa90 JavaThread "Execution worker Thread 9" [_thread_blocked, id=24048, stack(0x000000c771600000,0x000000c771700000)]
  0x000002724ecc4550 JavaThread "Execution worker Thread 10" [_thread_blocked, id=27304, stack(0x000000c771700000,0x000000c771800000)]
  0x000002724eccb9c0 JavaThread "Execution worker Thread 11" [_thread_blocked, id=496, stack(0x000000c771800000,0x000000c771900000)]
  0x000002724ecc4f70 JavaThread "Execution worker Thread 12" [_thread_blocked, id=20028, stack(0x000000c771900000,0x000000c771a00000)]
  0x000002724eccb4b0 JavaThread "Execution worker Thread 13" [_thread_blocked, id=30412, stack(0x000000c771a00000,0x000000c771b00000)]
  0x000002724eccafa0 JavaThread "Execution worker Thread 14" [_thread_blocked, id=27480, stack(0x000000c771b00000,0x000000c771c00000)]
  0x000002724eccbed0 JavaThread "Execution worker Thread 15" [_thread_blocked, id=15036, stack(0x000000c771c00000,0x000000c771d00000)]
  0x000002724ecc4a60 JavaThread "Cache worker for execution history cache (D:\Code\intellij\intellij-cangjie\.gradle\8.2\executionHistory)" [_thread_blocked, id=2624, stack(0x000000c771d00000,0x000000c771e00000)]
  0x000002724ecc8210 JavaThread "Unconstrained build operations Thread 88" [_thread_blocked, id=7540, stack(0x000000c771e00000,0x000000c771f00000)]
  0x000002724ecc63b0 JavaThread "Unconstrained build operations Thread 89" [_thread_blocked, id=21856, stack(0x000000c771f00000,0x000000c772000000)]
  0x000002724ecc5480 JavaThread "Unconstrained build operations Thread 90" [_thread_blocked, id=14104, stack(0x000000c772000000,0x000000c772100000)]
  0x000002724ecca580 JavaThread "Unconstrained build operations Thread 91" [_thread_blocked, id=19856, stack(0x000000c772100000,0x000000c772200000)]
  0x000002724ecc9650 JavaThread "Unconstrained build operations Thread 92" [_thread_blocked, id=22888, stack(0x000000c772200000,0x000000c772300000)]
  0x000002724ecc68c0 JavaThread "WorkerExecutor Queue" [_thread_blocked, id=6784, stack(0x000000c772300000,0x000000c772400000)]
  0x000002724ecc72e0 JavaThread "RMI Scheduler(0)" daemon [_thread_blocked, id=3360, stack(0x000000c772400000,0x000000c772500000)]
  0x000002724ecc9140 JavaThread "RMI GC Daemon" daemon [_thread_blocked, id=23108, stack(0x000000c772600000,0x000000c772700000)]
  0x0000027251fde140 JavaThread "RMI TCP Accept-0" daemon [_thread_in_native, id=27140, stack(0x000000c772800000,0x000000c772900000)]
  0x000002724ece8350 JavaThread "RMI Reaper" [_thread_blocked, id=12564, stack(0x000000c772900000,0x000000c772a00000)]
  0x000002724ecea6c0 JavaThread "RMI TCP Connection(2)-127.0.0.1" daemon [_thread_in_native, id=15164, stack(0x000000c765900000,0x000000c765a00000)]
  0x000002724ece9280 JavaThread "Cache worker for Java compile cache (C:\Users\27439\.gradle\caches\8.2\javaCompile)" [_thread_blocked, id=23988, stack(0x000000c767000000,0x000000c767100000)]
  0x000002724ece7420 JavaThread "Build operations" [_thread_blocked, id=13388, stack(0x000000c766f00000,0x000000c767000000)]
  0x000002724ece7930 JavaThread "Build operations Thread 2" [_thread_blocked, id=20908, stack(0x000000c76d700000,0x000000c76d800000)]
  0x000002724ece7e40 JavaThread "Build operations Thread 3" [_thread_blocked, id=23788, stack(0x000000c76d800000,0x000000c76d900000)]
  0x000002724ece5fe0 JavaThread "Build operations Thread 4" [_thread_blocked, id=14484, stack(0x000000c772500000,0x000000c772600000)]
  0x000002724ecebb00 JavaThread "Build operations Thread 5" [_thread_blocked, id=14904, stack(0x000000c772700000,0x000000c772800000)]
  0x000002724ece8860 JavaThread "Build operations Thread 6" [_thread_blocked, id=4428, stack(0x000000c772a00000,0x000000c772b00000)]
  0x000002724ece4690 JavaThread "Build operations Thread 7" [_thread_blocked, id=6372, stack(0x000000c772b00000,0x000000c772c00000)]
  0x000002724eceb0e0 JavaThread "Build operations Thread 8" [_thread_blocked, id=19936, stack(0x000000c772c00000,0x000000c772d00000)]
  0x000002724ece55c0 JavaThread "Build operations Thread 9" [_thread_blocked, id=12376, stack(0x000000c772d00000,0x000000c772e00000)]
  0x000002724ece64f0 JavaThread "Build operations Thread 10" [_thread_blocked, id=25848, stack(0x000000c772e00000,0x000000c772f00000)]
  0x000002724ece6a00 JavaThread "Build operations Thread 11" [_thread_blocked, id=25412, stack(0x000000c772f00000,0x000000c773000000)]
  0x000002724ece50b0 JavaThread "Build operations Thread 12" [_thread_blocked, id=15836, stack(0x000000c773000000,0x000000c773100000)]
  0x000002724ece5ad0 JavaThread "Build operations Thread 13" [_thread_blocked, id=23612, stack(0x000000c773100000,0x000000c773200000)]
  0x000002724ece6f10 JavaThread "Build operations Thread 14" [_thread_blocked, id=17336, stack(0x000000c773200000,0x000000c773300000)]
  0x000002724ece8d70 JavaThread "Build operations Thread 15" [_thread_blocked, id=7424, stack(0x000000c773300000,0x000000c773400000)]
  0x000002724dfa19e0 JavaThread "C1 CompilerThread1" daemon [_thread_blocked, id=12044, stack(0x000000c765a00000,0x000000c765b00000)]
  0x000002724dfa4f00 JavaThread "C1 CompilerThread2" daemon [_thread_blocked, id=4628, stack(0x000000c765b00000,0x000000c765c00000)]
  0x000002724dfa7980 JavaThread "C2 CompilerThread1" daemon [_thread_in_native, id=7336, stack(0x000000c773a00000,0x000000c773b00000)]
  0x000002724dfa4460 JavaThread "C2 CompilerThread2" daemon [_thread_in_native, id=648, stack(0x000000c773b00000,0x000000c773c00000)]
  0x000002724dfa39c0 JavaThread "C2 CompilerThread3" daemon [_thread_in_native, id=15856, stack(0x000000c773c00000,0x000000c773d00000)]
  0x000002724dfa49b0 JavaThread "C1 CompilerThread3" daemon [_thread_blocked, id=25364, stack(0x000000c773d00000,0x000000c773e00000)]

Other Threads:
=>0x0000027203c8f140 VMThread "VM Thread" [stack: 0x000000c766200000,0x000000c766300000] [id=13316]
  0x00000272492d3a80 WatcherThread [stack: 0x000000c767500000,0x000000c767600000] [id=30096]
  0x000002726270c420 GCTaskThread "GC Thread#0" [stack: 0x000000c765d00000,0x000000c765e00000] [id=4600]
  0x0000027249a529a0 GCTaskThread "GC Thread#1" [stack: 0x000000c767700000,0x000000c767800000] [id=21708]
  0x0000027249e26a30 GCTaskThread "GC Thread#2" [stack: 0x000000c767800000,0x000000c767900000] [id=24856]
  0x000002724946d850 GCTaskThread "GC Thread#3" [stack: 0x000000c767900000,0x000000c767a00000] [id=14384]
  0x000002724946e120 GCTaskThread "GC Thread#4" [stack: 0x000000c767a00000,0x000000c767b00000] [id=7660]
  0x000002724999e1f0 GCTaskThread "GC Thread#5" [stack: 0x000000c767b00000,0x000000c767c00000] [id=2628]
  0x000002724999e4b0 GCTaskThread "GC Thread#6" [stack: 0x000000c767c00000,0x000000c767d00000] [id=10116]
  0x000002724999e980 GCTaskThread "GC Thread#7" [stack: 0x000000c767d00000,0x000000c767e00000] [id=13688]
  0x000002724999ec40 GCTaskThread "GC Thread#8" [stack: 0x000000c767e00000,0x000000c767f00000] [id=10192]
  0x0000027249372910 GCTaskThread "GC Thread#9" [stack: 0x000000c767f00000,0x000000c768000000] [id=28220]
  0x000002724b597330 GCTaskThread "GC Thread#10" [stack: 0x000000c769200000,0x000000c769300000] [id=9564]
  0x000002724b5980f0 GCTaskThread "GC Thread#11" [stack: 0x000000c769300000,0x000000c769400000] [id=9832]
  0x000002724b5975f0 GCTaskThread "GC Thread#12" [stack: 0x000000c769400000,0x000000c769500000] [id=200]
  0x0000027262719370 ConcurrentGCThread "G1 Main Marker" [stack: 0x000000c765e00000,0x000000c765f00000] [id=9552]
  0x0000027262719d90 ConcurrentGCThread "G1 Conc#0" [stack: 0x000000c765f00000,0x000000c766000000] [id=15388]
  0x000002724b596af0 ConcurrentGCThread "G1 Conc#1" [stack: 0x000000c769500000,0x000000c769600000] [id=24936]
  0x000002724b5978b0 ConcurrentGCThread "G1 Conc#2" [stack: 0x000000c769600000,0x000000c769700000] [id=25376]
  0x0000027203b2d6e0 ConcurrentGCThread "G1 Refine#0" [stack: 0x000000c766000000,0x000000c766100000] [id=29736]
  0x00000272514980a0 ConcurrentGCThread "G1 Refine#1" [stack: 0x000000c76a100000,0x000000c76a200000] [id=6348]
  0x0000027251498f50 ConcurrentGCThread "G1 Refine#2" [stack: 0x000000c76a200000,0x000000c76a300000] [id=28732]
  0x0000027251499240 ConcurrentGCThread "G1 Refine#3" [stack: 0x000000c76a300000,0x000000c76a400000] [id=28924]
  0x0000027251497ac0 ConcurrentGCThread "G1 Refine#4" [stack: 0x000000c76a400000,0x000000c76a500000] [id=10448]
  0x00000272514974e0 ConcurrentGCThread "G1 Refine#5" [stack: 0x000000c76a500000,0x000000c76a600000] [id=24020]
  0x000002724d9364e0 ConcurrentGCThread "G1 Refine#6" [stack: 0x000000c76d600000,0x000000c76d700000] [id=13052]
  0x000002724d9367d0 ConcurrentGCThread "G1 Refine#7" [stack: 0x000000c773400000,0x000000c773500000] [id=24768]
  0x000002724d9361f0 ConcurrentGCThread "G1 Refine#8" [stack: 0x000000c773500000,0x000000c773600000] [id=13600]
  0x000002724d936ac0 ConcurrentGCThread "G1 Refine#9" [stack: 0x000000c773600000,0x000000c773700000] [id=3368]
  0x000002724d937680 ConcurrentGCThread "G1 Refine#10" [stack: 0x000000c773700000,0x000000c773800000] [id=9864]
  0x000002724d936db0 ConcurrentGCThread "G1 Refine#11" [stack: 0x000000c773800000,0x000000c773900000] [id=20224]
  0x000002724d937c60 ConcurrentGCThread "G1 Refine#12" [stack: 0x000000c773900000,0x000000c773a00000] [id=17612]
  0x0000027203b2e110 ConcurrentGCThread "G1 Service" [stack: 0x000000c766100000,0x000000c766200000] [id=13440]

Threads with active compile tasks:
C2 CompilerThread0   126344 19809       4       com.sun.tools.javac.parser.JavacParser::term1 (39 bytes)
C2 CompilerThread1   126344 19921       4       com.sun.tools.javac.parser.JavacParser::term (30 bytes)
C2 CompilerThread2   126344 19817       4       com.sun.tools.javac.parser.JavacParser::term (67 bytes)
C2 CompilerThread3   126344 19826       4       com.sun.tools.javac.parser.JavacParser::typeArgumentsOpt (44 bytes)

VM state: at safepoint (normal execution)

VM Mutex/Monitor currently owned by a thread:  ([mutex/lock_event])
[0x00000272626af040] Threads_lock - owner thread: 0x0000027203c8f140
[0x00000272626ad930] Heap_lock - owner thread: 0x000002724eccaa90

Heap address: 0x0000000740000000, size: 3072 MB, Compressed Oops mode: Zero based, Oop shift amount: 3

CDS archive(s) mapped at: [0x0000027204000000-0x0000027204bb0000-0x0000027204bb0000), size 12255232, SharedBaseAddress: 0x0000027204000000, ArchiveRelocationMode: 1.
Compressed class space mapped at: 0x0000027205000000-0x0000027245000000, reserved size: 1073741824
Narrow klass base: 0x0000027204000000, Narrow klass shift: 0, Narrow klass range: 0x100000000

GC Precious Log:
 CPUs: 16 total, 16 available
 Memory: 15613M
 Large Page Support: Disabled
 NUMA Support: Disabled
 Compressed Oops: Enabled (Zero based)
 Heap Region Size: 2M
 Heap Min Capacity: 8M
 Heap Initial Capacity: 244M
 Heap Max Capacity: 3G
 Pre-touch: Disabled
 Parallel Workers: 13
 Concurrent Workers: 3
 Concurrent Refinement Workers: 13
 Periodic GC: Disabled

Heap:
 garbage-first heap   total 716800K, used 431073K [0x0000000740000000, 0x0000000800000000)
  region size 2048K, 3 young (6144K), 3 survivors (6144K)
 Metaspace       used 105842K, committed 106944K, reserved 1179648K
  class space    used 13985K, committed 14464K, reserved 1048576K

Heap Regions: E=young(eden), S=young(survivor), O=old, HS=humongous(starts), HC=humongous(continues), CS=collection set, F=free, OA=open archive, CA=closed archive, TAMS=top-at-mark-start (previous, next)
|   0|0x0000000740000000, 0x0000000740200000, 0x0000000740200000|100%|HS|  |TAMS 0x0000000740200000, 0x0000000740000000| Complete 
|   1|0x0000000740200000, 0x0000000740400000, 0x0000000740400000|100%|HC|  |TAMS 0x0000000740400000, 0x0000000740200000| Complete 
|   2|0x0000000740400000, 0x0000000740600000, 0x0000000740600000|100%| O|  |TAMS 0x0000000740600000, 0x0000000740400000| Untracked 
|   3|0x0000000740600000, 0x0000000740800000, 0x0000000740800000|100%| O|  |TAMS 0x0000000740800000, 0x0000000740600000| Untracked 
|   4|0x0000000740800000, 0x0000000740a00000, 0x0000000740a00000|100%| O|  |TAMS 0x0000000740a00000, 0x0000000740800000| Untracked 
|   5|0x0000000740a00000, 0x0000000740c00000, 0x0000000740c00000|100%| O|  |TAMS 0x0000000740c00000, 0x0000000740a00000| Untracked 
|   6|0x0000000740c00000, 0x0000000740e00000, 0x0000000740e00000|100%| O|  |TAMS 0x0000000740e00000, 0x0000000740c00000| Untracked 
|   7|0x0000000740e00000, 0x0000000741000000, 0x0000000741000000|100%| O|  |TAMS 0x0000000741000000, 0x0000000740e00000| Untracked 
|   8|0x0000000741000000, 0x0000000741200000, 0x0000000741200000|100%| O|  |TAMS 0x0000000741200000, 0x0000000741000000| Untracked 
|   9|0x0000000741200000, 0x0000000741400000, 0x0000000741400000|100%| O|  |TAMS 0x0000000741400000, 0x0000000741200000| Untracked 
|  10|0x0000000741400000, 0x0000000741600000, 0x0000000741600000|100%| O|  |TAMS 0x0000000741600000, 0x0000000741400000| Untracked 
|  11|0x0000000741600000, 0x0000000741800000, 0x0000000741800000|100%| O|  |TAMS 0x0000000741800000, 0x0000000741600000| Untracked 
|  12|0x0000000741800000, 0x0000000741a00000, 0x0000000741a00000|100%| O|  |TAMS 0x0000000741a00000, 0x0000000741800000| Updating 
|  13|0x0000000741a00000, 0x0000000741c00000, 0x0000000741c00000|100%| O|  |TAMS 0x0000000741c00000, 0x0000000741a00000| Untracked 
|  14|0x0000000741c00000, 0x0000000741e00000, 0x0000000741e00000|100%| O|  |TAMS 0x0000000741e00000, 0x0000000741c00000| Untracked 
|  15|0x0000000741e00000, 0x0000000742000000, 0x0000000742000000|100%| O|  |TAMS 0x0000000742000000, 0x0000000741e00000| Updating 
|  16|0x0000000742000000, 0x0000000742200000, 0x0000000742200000|100%| O|  |TAMS 0x0000000742200000, 0x0000000742000000| Updating 
|  17|0x0000000742200000, 0x0000000742400000, 0x0000000742400000|100%| O|  |TAMS 0x0000000742400000, 0x0000000742200000| Untracked 
|  18|0x0000000742400000, 0x0000000742600000, 0x0000000742600000|100%| O|  |TAMS 0x0000000742600000, 0x0000000742400000| Untracked 
|  19|0x0000000742600000, 0x0000000742800000, 0x0000000742800000|100%| O|  |TAMS 0x0000000742800000, 0x0000000742600000| Updating 
|  20|0x0000000742800000, 0x0000000742a00000, 0x0000000742a00000|100%| O|  |TAMS 0x0000000742a00000, 0x0000000742800000| Updating 
|  21|0x0000000742a00000, 0x0000000742c00000, 0x0000000742c00000|100%|HS|  |TAMS 0x0000000742c00000, 0x0000000742a00000| Complete 
|  22|0x0000000742c00000, 0x0000000742e00000, 0x0000000742e00000|100%|HS|  |TAMS 0x0000000742e00000, 0x0000000742c00000| Complete 
|  23|0x0000000742e00000, 0x0000000743000000, 0x0000000743000000|100%| O|  |TAMS 0x0000000743000000, 0x0000000742e00000| Untracked 
|  24|0x0000000743000000, 0x0000000743200000, 0x0000000743200000|100%| O|  |TAMS 0x0000000743200000, 0x0000000743000000| Updating 
|  25|0x0000000743200000, 0x0000000743400000, 0x0000000743400000|100%| O|  |TAMS 0x0000000743400000, 0x0000000743200000| Untracked 
|  26|0x0000000743400000, 0x0000000743600000, 0x0000000743600000|100%|HS|  |TAMS 0x0000000743600000, 0x0000000743400000| Complete 
|  27|0x0000000743600000, 0x0000000743800000, 0x0000000743800000|100%|HC|  |TAMS 0x0000000743800000, 0x0000000743600000| Complete 
|  28|0x0000000743800000, 0x0000000743a00000, 0x0000000743a00000|100%|HS|  |TAMS 0x0000000743a00000, 0x0000000743800000| Complete 
|  29|0x0000000743a00000, 0x0000000743c00000, 0x0000000743c00000|100%|HC|  |TAMS 0x0000000743c00000, 0x0000000743a00000| Complete 
|  30|0x0000000743c00000, 0x0000000743e00000, 0x0000000743e00000|100%| O|  |TAMS 0x0000000743e00000, 0x0000000743c00000| Untracked 
|  31|0x0000000743e00000, 0x0000000744000000, 0x0000000744000000|100%| O|  |TAMS 0x0000000744000000, 0x0000000743e00000| Updating 
|  32|0x0000000744000000, 0x0000000744200000, 0x0000000744200000|100%| O|  |TAMS 0x0000000744200000, 0x0000000744000000| Untracked 
|  33|0x0000000744200000, 0x0000000744400000, 0x0000000744400000|100%| O|  |TAMS 0x0000000744400000, 0x0000000744200000| Untracked 
|  34|0x0000000744400000, 0x0000000744600000, 0x0000000744600000|100%| O|  |TAMS 0x0000000744600000, 0x0000000744400000| Untracked 
|  35|0x0000000744600000, 0x0000000744800000, 0x0000000744800000|100%| O|  |TAMS 0x0000000744800000, 0x0000000744600000| Untracked 
|  36|0x0000000744800000, 0x0000000744a00000, 0x0000000744a00000|100%| O|  |TAMS 0x0000000744a00000, 0x0000000744800000| Updating 
|  37|0x0000000744a00000, 0x0000000744c00000, 0x0000000744c00000|100%| O|  |TAMS 0x0000000744c00000, 0x0000000744a00000| Untracked 
|  38|0x0000000744c00000, 0x0000000744e00000, 0x0000000744e00000|100%| O|  |TAMS 0x0000000744e00000, 0x0000000744c00000| Untracked 
|  39|0x0000000744e00000, 0x0000000745000000, 0x0000000745000000|100%| O|  |TAMS 0x0000000745000000, 0x0000000744e00000| Untracked 
|  40|0x0000000745000000, 0x0000000745200000, 0x0000000745200000|100%| O|  |TAMS 0x0000000745200000, 0x0000000745000000| Untracked 
|  41|0x0000000745200000, 0x0000000745400000, 0x0000000745400000|100%| O|  |TAMS 0x0000000745400000, 0x0000000745200000| Updating 
|  42|0x0000000745400000, 0x0000000745600000, 0x0000000745600000|100%| O|  |TAMS 0x0000000745600000, 0x0000000745400000| Untracked 
|  43|0x0000000745600000, 0x0000000745800000, 0x0000000745800000|100%| O|  |TAMS 0x0000000745800000, 0x0000000745600000| Untracked 
|  44|0x0000000745800000, 0x0000000745a00000, 0x0000000745a00000|100%| O|  |TAMS 0x0000000745a00000, 0x0000000745800000| Untracked 
|  45|0x0000000745a00000, 0x0000000745c00000, 0x0000000745c00000|100%| O|  |TAMS 0x0000000745c00000, 0x0000000745a00000| Untracked 
|  46|0x0000000745c00000, 0x0000000745e00000, 0x0000000745e00000|100%| O|  |TAMS 0x0000000745e00000, 0x0000000745c00000| Untracked 
|  47|0x0000000745e00000, 0x0000000746000000, 0x0000000746000000|100%| O|  |TAMS 0x0000000746000000, 0x0000000745e00000| Untracked 
|  48|0x0000000746000000, 0x0000000746200000, 0x0000000746200000|100%| O|  |TAMS 0x0000000746200000, 0x0000000746000000| Updating 
|  49|0x0000000746200000, 0x0000000746400000, 0x0000000746400000|100%| O|  |TAMS 0x0000000746400000, 0x0000000746200000| Untracked 
|  50|0x0000000746400000, 0x0000000746600000, 0x0000000746600000|100%| O|  |TAMS 0x0000000746600000, 0x0000000746400000| Updating 
|  51|0x0000000746600000, 0x0000000746800000, 0x0000000746800000|100%| O|  |TAMS 0x0000000746800000, 0x0000000746600000| Updating 
|  52|0x0000000746800000, 0x0000000746a00000, 0x0000000746a00000|100%| O|  |TAMS 0x0000000746a00000, 0x0000000746800000| Updating 
|  53|0x0000000746a00000, 0x0000000746c00000, 0x0000000746c00000|100%| O|  |TAMS 0x0000000746c00000, 0x0000000746a00000| Untracked 
|  54|0x0000000746c00000, 0x0000000746e00000, 0x0000000746e00000|100%| O|  |TAMS 0x0000000746e00000, 0x0000000746c00000| Untracked 
|  55|0x0000000746e00000, 0x0000000747000000, 0x0000000747000000|100%| O|  |TAMS 0x0000000747000000, 0x0000000746e00000| Untracked 
|  56|0x0000000747000000, 0x0000000747200000, 0x0000000747200000|100%| O|  |TAMS 0x0000000747200000, 0x0000000747000000| Untracked 
|  57|0x0000000747200000, 0x0000000747400000, 0x0000000747400000|100%| O|  |TAMS 0x0000000747400000, 0x0000000747200000| Untracked 
|  58|0x0000000747400000, 0x0000000747600000, 0x0000000747600000|100%| O|  |TAMS 0x0000000747600000, 0x0000000747400000| Untracked 
|  59|0x0000000747600000, 0x0000000747800000, 0x0000000747800000|100%| O|  |TAMS 0x0000000747800000, 0x0000000747600000| Updating 
|  60|0x0000000747800000, 0x0000000747a00000, 0x0000000747a00000|100%| O|  |TAMS 0x0000000747a00000, 0x0000000747800000| Untracked 
|  61|0x0000000747a00000, 0x0000000747c00000, 0x0000000747c00000|100%| O|  |TAMS 0x0000000747c00000, 0x0000000747a00000| Untracked 
|  62|0x0000000747c00000, 0x0000000747e00000, 0x0000000747e00000|100%| O|  |TAMS 0x0000000747e00000, 0x0000000747c00000| Untracked 
|  63|0x0000000747e00000, 0x0000000748000000, 0x0000000748000000|100%| O|  |TAMS 0x0000000748000000, 0x0000000747e00000| Untracked 
|  64|0x0000000748000000, 0x0000000748200000, 0x0000000748200000|100%| O|  |TAMS 0x0000000748200000, 0x0000000748000000| Updating 
|  65|0x0000000748200000, 0x0000000748400000, 0x0000000748400000|100%| O|  |TAMS 0x0000000748400000, 0x0000000748200000| Untracked 
|  66|0x0000000748400000, 0x0000000748600000, 0x0000000748600000|100%| O|  |TAMS 0x0000000748600000, 0x0000000748400000| Untracked 
|  67|0x0000000748600000, 0x0000000748800000, 0x0000000748800000|100%| O|  |TAMS 0x0000000748800000, 0x0000000748600000| Updating 
|  68|0x0000000748800000, 0x0000000748a00000, 0x0000000748a00000|100%| O|  |TAMS 0x0000000748a00000, 0x0000000748800000| Updating 
|  69|0x0000000748a00000, 0x0000000748c00000, 0x0000000748c00000|100%| O|  |TAMS 0x0000000748c00000, 0x0000000748a00000| Updating 
|  70|0x0000000748c00000, 0x0000000748e00000, 0x0000000748e00000|100%| O|  |TAMS 0x0000000748e00000, 0x0000000748c00000| Updating 
|  71|0x0000000748e00000, 0x0000000749000000, 0x0000000749000000|100%| O|  |TAMS 0x0000000749000000, 0x0000000748e00000| Updating 
|  72|0x0000000749000000, 0x0000000749200000, 0x0000000749200000|100%| O|  |TAMS 0x0000000749200000, 0x0000000749000000| Updating 
|  73|0x0000000749200000, 0x0000000749400000, 0x0000000749400000|100%| O|  |TAMS 0x0000000749400000, 0x0000000749200000| Updating 
|  74|0x0000000749400000, 0x0000000749600000, 0x0000000749600000|100%| O|  |TAMS 0x0000000749600000, 0x0000000749400000| Updating 
|  75|0x0000000749600000, 0x0000000749800000, 0x0000000749800000|100%| O|  |TAMS 0x0000000749800000, 0x0000000749600000| Updating 
|  76|0x0000000749800000, 0x0000000749a00000, 0x0000000749a00000|100%| O|  |TAMS 0x0000000749a00000, 0x0000000749800000| Updating 
|  77|0x0000000749a00000, 0x0000000749c00000, 0x0000000749c00000|100%| O|  |TAMS 0x0000000749c00000, 0x0000000749a00000| Updating 
|  78|0x0000000749c00000, 0x0000000749e00000, 0x0000000749e00000|100%|HS|  |TAMS 0x0000000749c00000, 0x0000000749c00000| Complete 
|  79|0x0000000749e00000, 0x000000074a000000, 0x000000074a000000|100%| O|  |TAMS 0x000000074a000000, 0x0000000749e00000| Updating 
|  80|0x000000074a000000, 0x000000074a200000, 0x000000074a200000|100%| O|  |TAMS 0x000000074a200000, 0x000000074a000000| Updating 
|  81|0x000000074a200000, 0x000000074a400000, 0x000000074a400000|100%| O|  |TAMS 0x000000074a400000, 0x000000074a200000| Updating 
|  82|0x000000074a400000, 0x000000074a600000, 0x000000074a600000|100%| O|  |TAMS 0x000000074a600000, 0x000000074a400000| Updating 
|  83|0x000000074a600000, 0x000000074a800000, 0x000000074a800000|100%| O|  |TAMS 0x000000074a800000, 0x000000074a600000| Updating 
|  84|0x000000074a800000, 0x000000074aa00000, 0x000000074aa00000|100%|HS|  |TAMS 0x000000074a800000, 0x000000074a800000| Complete 
|  85|0x000000074aa00000, 0x000000074ac00000, 0x000000074ac00000|100%| O|  |TAMS 0x000000074aa00000, 0x000000074aa00000| Untracked 
|  86|0x000000074ac00000, 0x000000074ae00000, 0x000000074ae00000|100%| O|  |TAMS 0x000000074ae00000, 0x000000074ac00000| Updating 
|  87|0x000000074ae00000, 0x000000074b000000, 0x000000074b000000|100%| O|  |TAMS 0x000000074ae00000, 0x000000074ae00000| Untracked 
|  88|0x000000074b000000, 0x000000074b200000, 0x000000074b200000|100%| O|  |TAMS 0x000000074b000000, 0x000000074b000000| Untracked 
|  89|0x000000074b200000, 0x000000074b400000, 0x000000074b400000|100%| O|  |TAMS 0x000000074b400000, 0x000000074b200000| Untracked 
|  90|0x000000074b400000, 0x000000074b600000, 0x000000074b600000|100%| O|  |TAMS 0x000000074b600000, 0x000000074b400000| Untracked 
|  91|0x000000074b600000, 0x000000074b800000, 0x000000074b800000|100%| O|  |TAMS 0x000000074b800000, 0x000000074b600000| Updating 
|  92|0x000000074b800000, 0x000000074ba00000, 0x000000074ba00000|100%| O|  |TAMS 0x000000074ba00000, 0x000000074b800000| Updating 
|  93|0x000000074ba00000, 0x000000074bc00000, 0x000000074bc00000|100%| O|  |TAMS 0x000000074bc00000, 0x000000074ba00000| Updating 
|  94|0x000000074bc00000, 0x000000074be00000, 0x000000074be00000|100%| O|  |TAMS 0x000000074be00000, 0x000000074bc00000| Updating 
|  95|0x000000074be00000, 0x000000074c000000, 0x000000074c000000|100%| O|  |TAMS 0x000000074c000000, 0x000000074be00000| Updating 
|  96|0x000000074c000000, 0x000000074c200000, 0x000000074c200000|100%| O|  |TAMS 0x000000074c200000, 0x000000074c000000| Updating 
|  97|0x000000074c200000, 0x000000074c400000, 0x000000074c400000|100%| O|  |TAMS 0x000000074c400000, 0x000000074c200000| Updating 
|  98|0x000000074c400000, 0x000000074c600000, 0x000000074c600000|100%| O|  |TAMS 0x000000074c600000, 0x000000074c400000| Updating 
|  99|0x000000074c600000, 0x000000074c800000, 0x000000074c800000|100%| O|  |TAMS 0x000000074c800000, 0x000000074c600000| Updating 
| 100|0x000000074c800000, 0x000000074ca00000, 0x000000074ca00000|100%| O|  |TAMS 0x000000074ca00000, 0x000000074c800000| Updating 
| 101|0x000000074ca00000, 0x000000074cc00000, 0x000000074cc00000|100%| O|  |TAMS 0x000000074cc00000, 0x000000074ca00000| Updating 
| 102|0x000000074cc00000, 0x000000074ce00000, 0x000000074ce00000|100%| O|  |TAMS 0x000000074ce00000, 0x000000074cc00000| Updating 
| 103|0x000000074ce00000, 0x000000074d000000, 0x000000074d000000|100%| O|  |TAMS 0x000000074d000000, 0x000000074ce00000| Updating 
| 104|0x000000074d000000, 0x000000074d200000, 0x000000074d200000|100%| O|  |TAMS 0x000000074d200000, 0x000000074d000000| Updating 
| 105|0x000000074d200000, 0x000000074d400000, 0x000000074d400000|100%| O|  |TAMS 0x000000074d400000, 0x000000074d200000| Updating 
| 106|0x000000074d400000, 0x000000074d600000, 0x000000074d600000|100%| O|  |TAMS 0x000000074d600000, 0x000000074d400000| Updating 
| 107|0x000000074d600000, 0x000000074d800000, 0x000000074d800000|100%| O|  |TAMS 0x000000074d800000, 0x000000074d600000| Updating 
| 108|0x000000074d800000, 0x000000074da00000, 0x000000074da00000|100%| O|  |TAMS 0x000000074da00000, 0x000000074d800000| Updating 
| 109|0x000000074da00000, 0x000000074dc00000, 0x000000074dc00000|100%| O|  |TAMS 0x000000074dc00000, 0x000000074da00000| Updating 
| 110|0x000000074dc00000, 0x000000074de00000, 0x000000074de00000|100%| O|  |TAMS 0x000000074de00000, 0x000000074dc00000| Updating 
| 111|0x000000074de00000, 0x000000074e000000, 0x000000074e000000|100%| O|  |TAMS 0x000000074de00000, 0x000000074de00000| Untracked 
| 112|0x000000074e000000, 0x000000074e200000, 0x000000074e200000|100%| O|  |TAMS 0x000000074e200000, 0x000000074e000000| Updating 
| 113|0x000000074e200000, 0x000000074e400000, 0x000000074e400000|100%| O|  |TAMS 0x000000074e400000, 0x000000074e200000| Updating 
| 114|0x000000074e400000, 0x000000074e600000, 0x000000074e600000|100%| O|  |TAMS 0x000000074e600000, 0x000000074e400000| Updating 
| 115|0x000000074e600000, 0x000000074e800000, 0x000000074e800000|100%| O|  |TAMS 0x000000074e800000, 0x000000074e600000| Updating 
| 116|0x000000074e800000, 0x000000074ea00000, 0x000000074ea00000|100%| O|  |TAMS 0x000000074ea00000, 0x000000074e800000| Updating 
| 117|0x000000074ea00000, 0x000000074ec00000, 0x000000074ec00000|100%| O|  |TAMS 0x000000074ec00000, 0x000000074ea00000| Updating 
| 118|0x000000074ec00000, 0x000000074ee00000, 0x000000074ee00000|100%| O|  |TAMS 0x000000074ee00000, 0x000000074ec00000| Updating 
| 119|0x000000074ee00000, 0x000000074f000000, 0x000000074f000000|100%| O|  |TAMS 0x000000074f000000, 0x000000074ee00000| Updating 
| 120|0x000000074f000000, 0x000000074f200000, 0x000000074f200000|100%| O|  |TAMS 0x000000074f200000, 0x000000074f000000| Untracked 
| 121|0x000000074f200000, 0x000000074f400000, 0x000000074f400000|100%| O|  |TAMS 0x000000074f400000, 0x000000074f200000| Untracked 
| 122|0x000000074f400000, 0x000000074f600000, 0x000000074f600000|100%| O|  |TAMS 0x000000074f600000, 0x000000074f400000| Untracked 
| 123|0x000000074f600000, 0x000000074f800000, 0x000000074f800000|100%| O|  |TAMS 0x000000074f800000, 0x000000074f600000| Untracked 
| 124|0x000000074f800000, 0x000000074fa00000, 0x000000074fa00000|100%| O|  |TAMS 0x000000074fa00000, 0x000000074f800000| Untracked 
| 125|0x000000074fa00000, 0x000000074fc00000, 0x000000074fc00000|100%| O|  |TAMS 0x000000074fc00000, 0x000000074fa00000| Untracked 
| 126|0x000000074fc00000, 0x000000074fe00000, 0x000000074fe00000|100%| O|  |TAMS 0x000000074fe00000, 0x000000074fc00000| Untracked 
| 127|0x000000074fe00000, 0x0000000750000000, 0x0000000750000000|100%| O|  |TAMS 0x0000000750000000, 0x000000074fe00000| Updating 
| 128|0x0000000750000000, 0x0000000750200000, 0x0000000750200000|100%| O|  |TAMS 0x0000000750200000, 0x0000000750000000| Updating 
| 129|0x0000000750200000, 0x0000000750400000, 0x0000000750400000|100%| O|  |TAMS 0x0000000750400000, 0x0000000750200000| Updating 
| 130|0x0000000750400000, 0x0000000750600000, 0x0000000750600000|100%| O|  |TAMS 0x0000000750600000, 0x0000000750400000| Updating 
| 131|0x0000000750600000, 0x0000000750800000, 0x0000000750800000|100%| O|  |TAMS 0x0000000750800000, 0x0000000750600000| Updating 
| 132|0x0000000750800000, 0x0000000750a00000, 0x0000000750a00000|100%| O|  |TAMS 0x0000000750a00000, 0x0000000750800000| Updating 
| 133|0x0000000750a00000, 0x0000000750c00000, 0x0000000750c00000|100%| O|  |TAMS 0x0000000750c00000, 0x0000000750a00000| Updating 
| 134|0x0000000750c00000, 0x0000000750e00000, 0x0000000750e00000|100%| O|  |TAMS 0x0000000750e00000, 0x0000000750c00000| Updating 
| 135|0x0000000750e00000, 0x0000000751000000, 0x0000000751000000|100%| O|  |TAMS 0x0000000751000000, 0x0000000750e00000| Updating 
| 136|0x0000000751000000, 0x0000000751200000, 0x0000000751200000|100%| O|  |TAMS 0x0000000751200000, 0x0000000751000000| Updating 
| 137|0x0000000751200000, 0x0000000751400000, 0x0000000751400000|100%| O|  |TAMS 0x0000000751400000, 0x0000000751200000| Updating 
| 138|0x0000000751400000, 0x0000000751600000, 0x0000000751600000|100%| O|  |TAMS 0x0000000751600000, 0x0000000751400000| Untracked 
| 139|0x0000000751600000, 0x0000000751800000, 0x0000000751800000|100%| O|  |TAMS 0x0000000751800000, 0x0000000751600000| Untracked 
| 140|0x0000000751800000, 0x0000000751a00000, 0x0000000751a00000|100%| O|  |TAMS 0x0000000751a00000, 0x0000000751800000| Updating 
| 141|0x0000000751a00000, 0x0000000751c00000, 0x0000000751c00000|100%| O|  |TAMS 0x0000000751c00000, 0x0000000751a00000| Updating 
| 142|0x0000000751c00000, 0x0000000751e00000, 0x0000000751e00000|100%| O|  |TAMS 0x0000000751e00000, 0x0000000751c00000| Updating 
| 143|0x0000000751e00000, 0x0000000752000000, 0x0000000752000000|100%| O|  |TAMS 0x0000000752000000, 0x0000000751e00000| Updating 
| 144|0x0000000752000000, 0x0000000752200000, 0x0000000752200000|100%| O|  |TAMS 0x0000000752200000, 0x0000000752000000| Updating 
| 145|0x0000000752200000, 0x0000000752400000, 0x0000000752400000|100%| O|  |TAMS 0x0000000752400000, 0x0000000752200000| Untracked 
| 146|0x0000000752400000, 0x0000000752600000, 0x0000000752600000|100%| O|  |TAMS 0x0000000752600000, 0x0000000752400000| Untracked 
| 147|0x0000000752600000, 0x0000000752800000, 0x0000000752800000|100%| O|  |TAMS 0x0000000752800000, 0x0000000752600000| Untracked 
| 148|0x0000000752800000, 0x0000000752a00000, 0x0000000752a00000|100%| O|  |TAMS 0x0000000752a00000, 0x0000000752800000| Updating 
| 149|0x0000000752a00000, 0x0000000752c00000, 0x0000000752c00000|100%|HS|  |TAMS 0x0000000752c00000, 0x0000000752a00000| Complete 
| 150|0x0000000752c00000, 0x0000000752e00000, 0x0000000752e00000|100%| O|  |TAMS 0x0000000752e00000, 0x0000000752c00000| Updating 
| 151|0x0000000752e00000, 0x0000000753000000, 0x0000000753000000|100%| O|  |TAMS 0x0000000752e00000, 0x0000000752e00000| Untracked 
| 152|0x0000000753000000, 0x00000007530f8400, 0x0000000753200000| 48%| O|  |TAMS 0x0000000753000000, 0x0000000753000000| Untracked 
| 153|0x0000000753200000, 0x0000000753400000, 0x0000000753400000|100%| O|  |TAMS 0x0000000753400000, 0x0000000753200000| Untracked 
| 154|0x0000000753400000, 0x0000000753600000, 0x0000000753600000|100%|HS|  |TAMS 0x0000000753600000, 0x0000000753400000| Complete 
| 155|0x0000000753600000, 0x0000000753800000, 0x0000000753800000|100%|HC|  |TAMS 0x0000000753800000, 0x0000000753600000| Complete 
| 156|0x0000000753800000, 0x0000000753a00000, 0x0000000753a00000|100%|HS|  |TAMS 0x0000000753a00000, 0x0000000753800000| Complete 
| 157|0x0000000753a00000, 0x0000000753c00000, 0x0000000753c00000|100%|HS|  |TAMS 0x0000000753c00000, 0x0000000753a00000| Complete 
| 158|0x0000000753c00000, 0x0000000753e00000, 0x0000000753e00000|100%|HC|  |TAMS 0x0000000753e00000, 0x0000000753c00000| Complete 
| 159|0x0000000753e00000, 0x0000000754000000, 0x0000000754000000|100%|HS|  |TAMS 0x0000000754000000, 0x0000000753e00000| Complete 
| 160|0x0000000754000000, 0x0000000754200000, 0x0000000754200000|100%|HS|  |TAMS 0x0000000754200000, 0x0000000754000000| Complete 
| 161|0x0000000754200000, 0x0000000754400000, 0x0000000754400000|100%| O|  |TAMS 0x0000000754200000, 0x0000000754200000| Untracked 
| 162|0x0000000754400000, 0x0000000754600000, 0x0000000754600000|100%| O|  |TAMS 0x0000000754400000, 0x0000000754400000| Untracked 
| 163|0x0000000754600000, 0x0000000754800000, 0x0000000754800000|100%| O|  |TAMS 0x0000000754800000, 0x0000000754600000| Untracked 
| 164|0x0000000754800000, 0x0000000754a00000, 0x0000000754a00000|100%|HS|  |TAMS 0x0000000754a00000, 0x0000000754800000| Complete 
| 165|0x0000000754a00000, 0x0000000754c00000, 0x0000000754c00000|100%|HC|  |TAMS 0x0000000754c00000, 0x0000000754a00000| Complete 
| 166|0x0000000754c00000, 0x0000000754e00000, 0x0000000754e00000|100%|HC|  |TAMS 0x0000000754e00000, 0x0000000754c00000| Complete 
| 167|0x0000000754e00000, 0x0000000755000000, 0x0000000755000000|100%|HS|  |TAMS 0x0000000755000000, 0x0000000754e00000| Complete 
| 168|0x0000000755000000, 0x0000000755200000, 0x0000000755200000|100%|HS|  |TAMS 0x0000000755200000, 0x0000000755000000| Complete 
| 169|0x0000000755200000, 0x0000000755400000, 0x0000000755400000|100%|HC|  |TAMS 0x0000000755400000, 0x0000000755200000| Complete 
| 170|0x0000000755400000, 0x0000000755600000, 0x0000000755600000|100%|HS|  |TAMS 0x0000000755600000, 0x0000000755400000| Complete 
| 171|0x0000000755600000, 0x0000000755800000, 0x0000000755800000|100%|HS|  |TAMS 0x0000000755800000, 0x0000000755600000| Complete 
| 172|0x0000000755800000, 0x0000000755a00000, 0x0000000755a00000|100%| O|  |TAMS 0x0000000755a00000, 0x0000000755800000| Untracked 
| 173|0x0000000755a00000, 0x0000000755c00000, 0x0000000755c00000|100%| O|  |TAMS 0x0000000755c00000, 0x0000000755a00000| Untracked 
| 174|0x0000000755c00000, 0x0000000755e00000, 0x0000000755e00000|100%| O|  |TAMS 0x0000000755e00000, 0x0000000755c00000| Updating 
| 175|0x0000000755e00000, 0x0000000756000000, 0x0000000756000000|100%| O|  |TAMS 0x0000000756000000, 0x0000000755e00000| Updating 
| 176|0x0000000756000000, 0x0000000756200000, 0x0000000756200000|100%| O|  |TAMS 0x0000000756200000, 0x0000000756000000| Updating 
| 177|0x0000000756200000, 0x0000000756400000, 0x0000000756400000|100%| O|  |TAMS 0x0000000756400000, 0x0000000756200000| Updating 
| 178|0x0000000756400000, 0x0000000756600000, 0x0000000756600000|100%| O|  |TAMS 0x0000000756600000, 0x0000000756400000| Updating 
| 179|0x0000000756600000, 0x0000000756800000, 0x0000000756800000|100%|HS|  |TAMS 0x0000000756800000, 0x0000000756600000| Complete 
| 180|0x0000000756800000, 0x0000000756a00000, 0x0000000756a00000|100%|HC|  |TAMS 0x0000000756a00000, 0x0000000756800000| Complete 
| 181|0x0000000756a00000, 0x0000000756c00000, 0x0000000756c00000|100%|HC|  |TAMS 0x0000000756c00000, 0x0000000756a00000| Complete 
| 182|0x0000000756c00000, 0x0000000756e00000, 0x0000000756e00000|100%| O|  |TAMS 0x0000000756c00000, 0x0000000756c00000| Untracked 
| 183|0x0000000756e00000, 0x0000000757000000, 0x0000000757000000|100%| O|  |TAMS 0x0000000757000000, 0x0000000756e00000| Untracked 
| 184|0x0000000757000000, 0x0000000757200000, 0x0000000757200000|100%| O|  |TAMS 0x0000000757200000, 0x0000000757000000| Untracked 
| 185|0x0000000757200000, 0x0000000757400000, 0x0000000757400000|100%| O|  |TAMS 0x0000000757400000, 0x0000000757200000| Untracked 
| 186|0x0000000757400000, 0x0000000757600000, 0x0000000757600000|100%| O|  |TAMS 0x0000000757600000, 0x0000000757400000| Untracked 
| 187|0x0000000757600000, 0x0000000757800000, 0x0000000757800000|100%| O|  |TAMS 0x0000000757800000, 0x0000000757600000| Untracked 
| 188|0x0000000757800000, 0x0000000757a00000, 0x0000000757a00000|100%| O|  |TAMS 0x0000000757a00000, 0x0000000757800000| Untracked 
| 189|0x0000000757a00000, 0x0000000757c00000, 0x0000000757c00000|100%| O|  |TAMS 0x0000000757c00000, 0x0000000757a00000| Untracked 
| 190|0x0000000757c00000, 0x0000000757e00000, 0x0000000757e00000|100%| O|  |TAMS 0x0000000757e00000, 0x0000000757c00000| Updating 
| 191|0x0000000757e00000, 0x0000000758000000, 0x0000000758000000|100%| O|  |TAMS 0x0000000758000000, 0x0000000757e00000| Updating 
| 192|0x0000000758000000, 0x0000000758200000, 0x0000000758200000|100%| O|  |TAMS 0x0000000758061a00, 0x0000000758000000| Updating 
| 193|0x0000000758200000, 0x0000000758400000, 0x0000000758400000|100%| O|  |TAMS 0x0000000758200000, 0x0000000758200000| Untracked 
| 194|0x0000000758400000, 0x0000000758600000, 0x0000000758600000|100%| O|  |TAMS 0x0000000758400000, 0x0000000758400000| Untracked 
| 195|0x0000000758600000, 0x0000000758800000, 0x0000000758800000|100%| O|  |TAMS 0x0000000758600000, 0x0000000758600000| Untracked 
| 196|0x0000000758800000, 0x0000000758a00000, 0x0000000758a00000|100%| O|  |TAMS 0x0000000758800000, 0x0000000758800000| Untracked 
| 197|0x0000000758a00000, 0x0000000758c00000, 0x0000000758c00000|100%| O|  |TAMS 0x0000000758a00000, 0x0000000758a00000| Untracked 
| 198|0x0000000758c00000, 0x0000000758e00000, 0x0000000758e00000|100%| O|  |TAMS 0x0000000758c00000, 0x0000000758c00000| Untracked 
| 199|0x0000000758e00000, 0x0000000759000000, 0x0000000759000000|100%| O|  |TAMS 0x0000000758e00000, 0x0000000758e00000| Untracked 
| 200|0x0000000759000000, 0x0000000759200000, 0x0000000759200000|100%|HS|  |TAMS 0x0000000759000000, 0x0000000759000000| Complete 
| 201|0x0000000759200000, 0x0000000759400000, 0x0000000759400000|100%| O|  |TAMS 0x0000000759200000, 0x0000000759200000| Untracked 
| 202|0x0000000759400000, 0x0000000759600000, 0x0000000759600000|100%| O|  |TAMS 0x0000000759400000, 0x0000000759400000| Untracked 
| 203|0x0000000759600000, 0x0000000759800000, 0x0000000759800000|100%| O|  |TAMS 0x0000000759600000, 0x0000000759600000| Untracked 
| 204|0x0000000759800000, 0x0000000759a00000, 0x0000000759a00000|100%| O|  |TAMS 0x0000000759800000, 0x0000000759800000| Untracked 
| 205|0x0000000759a00000, 0x0000000759c00000, 0x0000000759c00000|100%| O|  |TAMS 0x0000000759a00000, 0x0000000759a00000| Untracked 
| 206|0x0000000759c00000, 0x0000000759e00000, 0x0000000759e00000|100%|HS|  |TAMS 0x0000000759c00000, 0x0000000759c00000| Complete 
| 207|0x0000000759e00000, 0x000000075a000000, 0x000000075a000000|100%|HC|  |TAMS 0x0000000759e00000, 0x0000000759e00000| Complete 
| 208|0x000000075a000000, 0x000000075a000000, 0x000000075a200000|  0%| F|  |TAMS 0x000000075a000000, 0x000000075a000000| Untracked 
| 209|0x000000075a200000, 0x000000075a200000, 0x000000075a400000|  0%| F|  |TAMS 0x000000075a200000, 0x000000075a200000| Untracked 
| 210|0x000000075a400000, 0x000000075a400000, 0x000000075a600000|  0%| F|  |TAMS 0x000000075a400000, 0x000000075a400000| Untracked 
| 211|0x000000075a600000, 0x000000075a600000, 0x000000075a800000|  0%| F|  |TAMS 0x000000075a600000, 0x000000075a600000| Untracked 
| 212|0x000000075a800000, 0x000000075a800000, 0x000000075aa00000|  0%| F|  |TAMS 0x000000075a800000, 0x000000075a800000| Untracked 
| 213|0x000000075aa00000, 0x000000075aa00000, 0x000000075ac00000|  0%| F|  |TAMS 0x000000075aa00000, 0x000000075aa00000| Untracked 
| 214|0x000000075ac00000, 0x000000075ac00000, 0x000000075ae00000|  0%| F|  |TAMS 0x000000075ac00000, 0x000000075ac00000| Untracked 
| 215|0x000000075ae00000, 0x000000075ae00000, 0x000000075b000000|  0%| F|  |TAMS 0x000000075ae00000, 0x000000075ae00000| Untracked 
| 216|0x000000075b000000, 0x000000075b000000, 0x000000075b200000|  0%| F|  |TAMS 0x000000075b000000, 0x000000075b000000| Untracked 
| 217|0x000000075b200000, 0x000000075b200000, 0x000000075b400000|  0%| F|  |TAMS 0x000000075b200000, 0x000000075b200000| Untracked 
| 218|0x000000075b400000, 0x000000075b400000, 0x000000075b600000|  0%| F|  |TAMS 0x000000075b400000, 0x000000075b400000| Untracked 
| 219|0x000000075b600000, 0x000000075b600000, 0x000000075b800000|  0%| F|  |TAMS 0x000000075b600000, 0x000000075b600000| Untracked 
| 220|0x000000075b800000, 0x000000075b800000, 0x000000075ba00000|  0%| F|  |TAMS 0x000000075b800000, 0x000000075b800000| Untracked 
| 221|0x000000075ba00000, 0x000000075ba00000, 0x000000075bc00000|  0%| F|  |TAMS 0x000000075ba00000, 0x000000075ba00000| Untracked 
| 222|0x000000075bc00000, 0x000000075bc00000, 0x000000075be00000|  0%| F|  |TAMS 0x000000075bc00000, 0x000000075bc00000| Untracked 
| 223|0x000000075be00000, 0x000000075be00000, 0x000000075c000000|  0%| F|  |TAMS 0x000000075be00000, 0x000000075be00000| Untracked 
| 224|0x000000075c000000, 0x000000075c000000, 0x000000075c200000|  0%| F|  |TAMS 0x000000075c000000, 0x000000075c000000| Untracked 
| 225|0x000000075c200000, 0x000000075c200000, 0x000000075c400000|  0%| F|  |TAMS 0x000000075c200000, 0x000000075c200000| Untracked 
| 226|0x000000075c400000, 0x000000075c400000, 0x000000075c600000|  0%| F|  |TAMS 0x000000075c400000, 0x000000075c400000| Untracked 
| 227|0x000000075c600000, 0x000000075c600000, 0x000000075c800000|  0%| F|  |TAMS 0x000000075c600000, 0x000000075c600000| Untracked 
| 228|0x000000075c800000, 0x000000075c800000, 0x000000075ca00000|  0%| F|  |TAMS 0x000000075c800000, 0x000000075c800000| Untracked 
| 229|0x000000075ca00000, 0x000000075ca00000, 0x000000075cc00000|  0%| F|  |TAMS 0x000000075ca00000, 0x000000075ca00000| Untracked 
| 230|0x000000075cc00000, 0x000000075cc00000, 0x000000075ce00000|  0%| F|  |TAMS 0x000000075cc00000, 0x000000075cc00000| Untracked 
| 231|0x000000075ce00000, 0x000000075ce00000, 0x000000075d000000|  0%| F|  |TAMS 0x000000075ce00000, 0x000000075ce00000| Untracked 
| 232|0x000000075d000000, 0x000000075d000000, 0x000000075d200000|  0%| F|  |TAMS 0x000000075d000000, 0x000000075d000000| Untracked 
| 233|0x000000075d200000, 0x000000075d200000, 0x000000075d400000|  0%| F|  |TAMS 0x000000075d200000, 0x000000075d200000| Untracked 
| 234|0x000000075d400000, 0x000000075d400000, 0x000000075d600000|  0%| F|  |TAMS 0x000000075d400000, 0x000000075d400000| Untracked 
| 235|0x000000075d600000, 0x000000075d600000, 0x000000075d800000|  0%| F|  |TAMS 0x000000075d600000, 0x000000075d600000| Untracked 
| 236|0x000000075d800000, 0x000000075d800000, 0x000000075da00000|  0%| F|  |TAMS 0x000000075d800000, 0x000000075d800000| Untracked 
| 237|0x000000075da00000, 0x000000075da00000, 0x000000075dc00000|  0%| F|  |TAMS 0x000000075da00000, 0x000000075da00000| Untracked 
| 238|0x000000075dc00000, 0x000000075dc00000, 0x000000075de00000|  0%| F|  |TAMS 0x000000075dc00000, 0x000000075dc00000| Untracked 
| 239|0x000000075de00000, 0x000000075de00000, 0x000000075e000000|  0%| F|  |TAMS 0x000000075de00000, 0x000000075de00000| Untracked 
| 240|0x000000075e000000, 0x000000075e000000, 0x000000075e200000|  0%| F|  |TAMS 0x000000075e000000, 0x000000075e000000| Untracked 
| 241|0x000000075e200000, 0x000000075e200000, 0x000000075e400000|  0%| F|  |TAMS 0x000000075e200000, 0x000000075e200000| Untracked 
| 242|0x000000075e400000, 0x000000075e400000, 0x000000075e600000|  0%| F|  |TAMS 0x000000075e400000, 0x000000075e400000| Untracked 
| 243|0x000000075e600000, 0x000000075e600000, 0x000000075e800000|  0%| F|  |TAMS 0x000000075e600000, 0x000000075e600000| Untracked 
| 244|0x000000075e800000, 0x000000075e800000, 0x000000075ea00000|  0%| F|  |TAMS 0x000000075e800000, 0x000000075e800000| Untracked 
| 245|0x000000075ea00000, 0x000000075ea00000, 0x000000075ec00000|  0%| F|  |TAMS 0x000000075ea00000, 0x000000075ea00000| Untracked 
| 246|0x000000075ec00000, 0x000000075ec00000, 0x000000075ee00000|  0%| F|  |TAMS 0x000000075ec00000, 0x000000075ec00000| Untracked 
| 247|0x000000075ee00000, 0x000000075ee00000, 0x000000075f000000|  0%| F|  |TAMS 0x000000075ee00000, 0x000000075ee00000| Untracked 
| 248|0x000000075f000000, 0x000000075f000000, 0x000000075f200000|  0%| F|  |TAMS 0x000000075f000000, 0x000000075f000000| Untracked 
| 249|0x000000075f200000, 0x000000075f200000, 0x000000075f400000|  0%| F|  |TAMS 0x000000075f200000, 0x000000075f200000| Untracked 
| 250|0x000000075f400000, 0x000000075f400000, 0x000000075f600000|  0%| F|  |TAMS 0x000000075f400000, 0x000000075f400000| Untracked 
| 251|0x000000075f600000, 0x000000075f600000, 0x000000075f800000|  0%| F|  |TAMS 0x000000075f600000, 0x000000075f600000| Untracked 
| 252|0x000000075f800000, 0x000000075f800000, 0x000000075fa00000|  0%| F|  |TAMS 0x000000075f800000, 0x000000075f800000| Untracked 
| 253|0x000000075fa00000, 0x000000075fa00000, 0x000000075fc00000|  0%| F|  |TAMS 0x000000075fa00000, 0x000000075fa00000| Untracked 
| 254|0x000000075fc00000, 0x000000075fc00000, 0x000000075fe00000|  0%| F|  |TAMS 0x000000075fc00000, 0x000000075fc00000| Untracked 
| 255|0x000000075fe00000, 0x000000075fe00000, 0x0000000760000000|  0%| F|  |TAMS 0x000000075fe00000, 0x000000075fe00000| Untracked 
| 256|0x0000000760000000, 0x0000000760000000, 0x0000000760200000|  0%| F|  |TAMS 0x0000000760000000, 0x0000000760000000| Untracked 
| 257|0x0000000760200000, 0x0000000760200000, 0x0000000760400000|  0%| F|  |TAMS 0x0000000760200000, 0x0000000760200000| Untracked 
| 258|0x0000000760400000, 0x0000000760400000, 0x0000000760600000|  0%| F|  |TAMS 0x0000000760400000, 0x0000000760400000| Untracked 
| 259|0x0000000760600000, 0x0000000760600000, 0x0000000760800000|  0%| F|  |TAMS 0x0000000760600000, 0x0000000760600000| Untracked 
| 260|0x0000000760800000, 0x0000000760800000, 0x0000000760a00000|  0%| F|  |TAMS 0x0000000760800000, 0x0000000760800000| Untracked 
| 261|0x0000000760a00000, 0x0000000760a00000, 0x0000000760c00000|  0%| F|  |TAMS 0x0000000760a00000, 0x0000000760a00000| Untracked 
| 262|0x0000000760c00000, 0x0000000760c00000, 0x0000000760e00000|  0%| F|  |TAMS 0x0000000760c00000, 0x0000000760c00000| Untracked 
| 263|0x0000000760e00000, 0x0000000760e00000, 0x0000000761000000|  0%| F|  |TAMS 0x0000000760e00000, 0x0000000760e00000| Untracked 
| 264|0x0000000761000000, 0x0000000761000000, 0x0000000761200000|  0%| F|  |TAMS 0x0000000761000000, 0x0000000761000000| Untracked 
| 265|0x0000000761200000, 0x0000000761200000, 0x0000000761400000|  0%| F|  |TAMS 0x0000000761200000, 0x0000000761200000| Untracked 
| 266|0x0000000761400000, 0x0000000761400000, 0x0000000761600000|  0%| F|  |TAMS 0x0000000761400000, 0x0000000761400000| Untracked 
| 267|0x0000000761600000, 0x0000000761600000, 0x0000000761800000|  0%| F|  |TAMS 0x0000000761600000, 0x0000000761600000| Untracked 
| 268|0x0000000761800000, 0x0000000761800000, 0x0000000761a00000|  0%| F|  |TAMS 0x0000000761800000, 0x0000000761800000| Untracked 
| 269|0x0000000761a00000, 0x0000000761a00000, 0x0000000761c00000|  0%| F|  |TAMS 0x0000000761a00000, 0x0000000761a00000| Untracked 
| 270|0x0000000761c00000, 0x0000000761c00000, 0x0000000761e00000|  0%| F|  |TAMS 0x0000000761c00000, 0x0000000761c00000| Untracked 
| 271|0x0000000761e00000, 0x0000000761e00000, 0x0000000762000000|  0%| F|  |TAMS 0x0000000761e00000, 0x0000000761e00000| Untracked 
| 272|0x0000000762000000, 0x0000000762000000, 0x0000000762200000|  0%| F|  |TAMS 0x0000000762000000, 0x0000000762000000| Untracked 
| 273|0x0000000762200000, 0x0000000762200000, 0x0000000762400000|  0%| F|  |TAMS 0x0000000762200000, 0x0000000762200000| Untracked 
| 274|0x0000000762400000, 0x0000000762400000, 0x0000000762600000|  0%| F|  |TAMS 0x0000000762400000, 0x0000000762400000| Untracked 
| 275|0x0000000762600000, 0x0000000762600000, 0x0000000762800000|  0%| F|  |TAMS 0x0000000762600000, 0x0000000762600000| Untracked 
| 276|0x0000000762800000, 0x0000000762800000, 0x0000000762a00000|  0%| F|  |TAMS 0x0000000762800000, 0x0000000762800000| Untracked 
| 277|0x0000000762a00000, 0x0000000762a00000, 0x0000000762c00000|  0%| F|  |TAMS 0x0000000762a00000, 0x0000000762a00000| Untracked 
| 278|0x0000000762c00000, 0x0000000762c00000, 0x0000000762e00000|  0%| F|  |TAMS 0x0000000762c00000, 0x0000000762c00000| Untracked 
| 279|0x0000000762e00000, 0x0000000762e00000, 0x0000000763000000|  0%| F|  |TAMS 0x0000000762e00000, 0x0000000762e00000| Untracked 
| 280|0x0000000763000000, 0x0000000763000000, 0x0000000763200000|  0%| F|  |TAMS 0x0000000763000000, 0x0000000763000000| Untracked 
| 281|0x0000000763200000, 0x0000000763200000, 0x0000000763400000|  0%| F|  |TAMS 0x0000000763200000, 0x0000000763200000| Untracked 
| 282|0x0000000763400000, 0x0000000763400000, 0x0000000763600000|  0%| F|  |TAMS 0x0000000763400000, 0x0000000763400000| Untracked 
| 283|0x0000000763600000, 0x0000000763600000, 0x0000000763800000|  0%| F|  |TAMS 0x0000000763600000, 0x0000000763600000| Untracked 
| 284|0x0000000763800000, 0x0000000763800000, 0x0000000763a00000|  0%| F|  |TAMS 0x0000000763800000, 0x0000000763800000| Untracked 
| 285|0x0000000763a00000, 0x0000000763a00000, 0x0000000763c00000|  0%| F|  |TAMS 0x0000000763a00000, 0x0000000763a00000| Untracked 
| 286|0x0000000763c00000, 0x0000000763c00000, 0x0000000763e00000|  0%| F|  |TAMS 0x0000000763c00000, 0x0000000763c00000| Untracked 
| 287|0x0000000763e00000, 0x0000000763e00000, 0x0000000764000000|  0%| F|  |TAMS 0x0000000763e00000, 0x0000000763e00000| Untracked 
| 288|0x0000000764000000, 0x0000000764000000, 0x0000000764200000|  0%| F|  |TAMS 0x0000000764000000, 0x0000000764000000| Untracked 
| 289|0x0000000764200000, 0x0000000764200000, 0x0000000764400000|  0%| F|  |TAMS 0x0000000764200000, 0x0000000764200000| Untracked 
| 290|0x0000000764400000, 0x0000000764400000, 0x0000000764600000|  0%| F|  |TAMS 0x0000000764400000, 0x0000000764400000| Untracked 
| 291|0x0000000764600000, 0x0000000764600000, 0x0000000764800000|  0%| F|  |TAMS 0x0000000764600000, 0x0000000764600000| Untracked 
| 292|0x0000000764800000, 0x0000000764800000, 0x0000000764a00000|  0%| F|  |TAMS 0x0000000764800000, 0x0000000764800000| Untracked 
| 293|0x0000000764a00000, 0x0000000764a00000, 0x0000000764c00000|  0%| F|  |TAMS 0x0000000764a00000, 0x0000000764a00000| Untracked 
| 294|0x0000000764c00000, 0x0000000764c00000, 0x0000000764e00000|  0%| F|  |TAMS 0x0000000764c00000, 0x0000000764c00000| Untracked 
| 295|0x0000000764e00000, 0x0000000764e00000, 0x0000000765000000|  0%| F|  |TAMS 0x0000000764e00000, 0x0000000764e00000| Untracked 
| 296|0x0000000765000000, 0x0000000765000000, 0x0000000765200000|  0%| F|  |TAMS 0x0000000765000000, 0x0000000765000000| Untracked 
| 297|0x0000000765200000, 0x0000000765200000, 0x0000000765400000|  0%| F|  |TAMS 0x0000000765200000, 0x0000000765200000| Untracked 
| 298|0x0000000765400000, 0x0000000765400000, 0x0000000765600000|  0%| F|  |TAMS 0x0000000765400000, 0x0000000765400000| Untracked 
| 299|0x0000000765600000, 0x0000000765600000, 0x0000000765800000|  0%| F|  |TAMS 0x0000000765600000, 0x0000000765600000| Untracked 
| 300|0x0000000765800000, 0x0000000765800000, 0x0000000765a00000|  0%| F|  |TAMS 0x0000000765800000, 0x0000000765800000| Untracked 
| 301|0x0000000765a00000, 0x0000000765a00000, 0x0000000765c00000|  0%| F|  |TAMS 0x0000000765a00000, 0x0000000765a00000| Untracked 
| 302|0x0000000765c00000, 0x0000000765c00000, 0x0000000765e00000|  0%| F|  |TAMS 0x0000000765c00000, 0x0000000765c00000| Untracked 
| 303|0x0000000765e00000, 0x0000000765e00000, 0x0000000766000000|  0%| F|  |TAMS 0x0000000765e00000, 0x0000000765e00000| Untracked 
| 304|0x0000000766000000, 0x0000000766000000, 0x0000000766200000|  0%| F|  |TAMS 0x0000000766000000, 0x0000000766000000| Untracked 
| 305|0x0000000766200000, 0x0000000766200000, 0x0000000766400000|  0%| F|  |TAMS 0x0000000766200000, 0x0000000766200000| Untracked 
| 306|0x0000000766400000, 0x0000000766400000, 0x0000000766600000|  0%| F|  |TAMS 0x0000000766400000, 0x0000000766400000| Untracked 
| 307|0x0000000766600000, 0x0000000766600000, 0x0000000766800000|  0%| F|  |TAMS 0x0000000766600000, 0x0000000766600000| Untracked 
| 308|0x0000000766800000, 0x0000000766800000, 0x0000000766a00000|  0%| F|  |TAMS 0x0000000766800000, 0x0000000766800000| Untracked 
| 309|0x0000000766a00000, 0x0000000766a00000, 0x0000000766c00000|  0%| F|  |TAMS 0x0000000766a00000, 0x0000000766a00000| Untracked 
| 310|0x0000000766c00000, 0x0000000766c00000, 0x0000000766e00000|  0%| F|  |TAMS 0x0000000766c00000, 0x0000000766c00000| Untracked 
| 311|0x0000000766e00000, 0x0000000766e00000, 0x0000000767000000|  0%| F|  |TAMS 0x0000000766e00000, 0x0000000766e00000| Untracked 
| 312|0x0000000767000000, 0x0000000767000000, 0x0000000767200000|  0%| F|  |TAMS 0x0000000767000000, 0x0000000767000000| Untracked 
| 313|0x0000000767200000, 0x0000000767200000, 0x0000000767400000|  0%| F|  |TAMS 0x0000000767200000, 0x0000000767200000| Untracked 
| 314|0x0000000767400000, 0x0000000767400000, 0x0000000767600000|  0%| F|  |TAMS 0x0000000767400000, 0x0000000767400000| Untracked 
| 315|0x0000000767600000, 0x0000000767600000, 0x0000000767800000|  0%| F|  |TAMS 0x0000000767600000, 0x0000000767600000| Untracked 
| 316|0x0000000767800000, 0x0000000767800000, 0x0000000767a00000|  0%| F|  |TAMS 0x0000000767800000, 0x0000000767800000| Untracked 
| 317|0x0000000767a00000, 0x0000000767a00000, 0x0000000767c00000|  0%| F|  |TAMS 0x0000000767a00000, 0x0000000767a00000| Untracked 
| 318|0x0000000767c00000, 0x0000000767c00000, 0x0000000767e00000|  0%| F|  |TAMS 0x0000000767c00000, 0x0000000767c00000| Untracked 
| 319|0x0000000767e00000, 0x0000000767e00000, 0x0000000768000000|  0%| F|  |TAMS 0x0000000767e00000, 0x0000000767e00000| Untracked 
| 320|0x0000000768000000, 0x0000000768000000, 0x0000000768200000|  0%| F|  |TAMS 0x0000000768000000, 0x0000000768000000| Untracked 
| 321|0x0000000768200000, 0x0000000768200000, 0x0000000768400000|  0%| F|  |TAMS 0x0000000768200000, 0x0000000768200000| Untracked 
| 322|0x0000000768400000, 0x0000000768400000, 0x0000000768600000|  0%| F|  |TAMS 0x0000000768400000, 0x0000000768400000| Untracked 
| 323|0x0000000768600000, 0x0000000768600000, 0x0000000768800000|  0%| F|  |TAMS 0x0000000768600000, 0x0000000768600000| Untracked 
| 324|0x0000000768800000, 0x0000000768800000, 0x0000000768a00000|  0%| F|  |TAMS 0x0000000768800000, 0x0000000768800000| Untracked 
| 325|0x0000000768a00000, 0x0000000768a00000, 0x0000000768c00000|  0%| F|  |TAMS 0x0000000768a00000, 0x0000000768a00000| Untracked 
| 326|0x0000000768c00000, 0x0000000768c00000, 0x0000000768e00000|  0%| F|  |TAMS 0x0000000768c00000, 0x0000000768c00000| Untracked 
| 327|0x0000000768e00000, 0x0000000768e00000, 0x0000000769000000|  0%| F|  |TAMS 0x0000000768e00000, 0x0000000768e00000| Untracked 
| 328|0x0000000769000000, 0x0000000769000000, 0x0000000769200000|  0%| F|  |TAMS 0x0000000769000000, 0x0000000769000000| Untracked 
| 329|0x0000000769200000, 0x0000000769200000, 0x0000000769400000|  0%| F|  |TAMS 0x0000000769200000, 0x0000000769200000| Untracked 
| 330|0x0000000769400000, 0x0000000769400000, 0x0000000769600000|  0%| F|  |TAMS 0x0000000769400000, 0x0000000769400000| Untracked 
| 331|0x0000000769600000, 0x0000000769600000, 0x0000000769800000|  0%| F|  |TAMS 0x0000000769600000, 0x0000000769600000| Untracked 
| 332|0x0000000769800000, 0x0000000769800000, 0x0000000769a00000|  0%| F|  |TAMS 0x0000000769800000, 0x0000000769800000| Untracked 
| 333|0x0000000769a00000, 0x0000000769a00000, 0x0000000769c00000|  0%| F|  |TAMS 0x0000000769a00000, 0x0000000769a00000| Untracked 
| 334|0x0000000769c00000, 0x0000000769c00000, 0x0000000769e00000|  0%| F|  |TAMS 0x0000000769c00000, 0x0000000769c00000| Untracked 
| 335|0x0000000769e00000, 0x000000076a000000, 0x000000076a000000|100%| S|CS|TAMS 0x0000000769e00000, 0x0000000769e00000| Complete 
| 336|0x000000076a000000, 0x000000076a200000, 0x000000076a200000|100%| S|CS|TAMS 0x000000076a000000, 0x000000076a000000| Complete 
| 337|0x000000076a200000, 0x000000076a400000, 0x000000076a400000|100%| S|CS|TAMS 0x000000076a200000, 0x000000076a200000| Complete 
| 338|0x000000076a400000, 0x000000076a400000, 0x000000076a600000|  0%| F|  |TAMS 0x000000076a400000, 0x000000076a400000| Untracked 
| 339|0x000000076a600000, 0x000000076a600000, 0x000000076a800000|  0%| F|  |TAMS 0x000000076a600000, 0x000000076a600000| Untracked 
| 340|0x000000076a800000, 0x000000076a800000, 0x000000076aa00000|  0%| F|  |TAMS 0x000000076a800000, 0x000000076a800000| Untracked 
| 341|0x000000076aa00000, 0x000000076aa00000, 0x000000076ac00000|  0%| F|  |TAMS 0x000000076aa00000, 0x000000076aa00000| Untracked 
| 342|0x000000076ac00000, 0x000000076ac00000, 0x000000076ae00000|  0%| F|  |TAMS 0x000000076ac00000, 0x000000076ac00000| Untracked 
| 343|0x000000076ae00000, 0x000000076ae00000, 0x000000076b000000|  0%| F|  |TAMS 0x000000076ae00000, 0x000000076ae00000| Untracked 
| 344|0x000000076b000000, 0x000000076b000000, 0x000000076b200000|  0%| F|  |TAMS 0x000000076b000000, 0x000000076b000000| Untracked 
| 345|0x000000076b200000, 0x000000076b200000, 0x000000076b400000|  0%| F|  |TAMS 0x000000076b200000, 0x000000076b200000| Untracked 
| 346|0x000000076b400000, 0x000000076b400000, 0x000000076b600000|  0%| F|  |TAMS 0x000000076b400000, 0x000000076b400000| Untracked 
| 347|0x000000076b600000, 0x000000076b600000, 0x000000076b800000|  0%| F|  |TAMS 0x000000076b600000, 0x000000076b600000| Untracked 
| 348|0x000000076b800000, 0x000000076b800000, 0x000000076ba00000|  0%| F|  |TAMS 0x000000076b800000, 0x000000076b800000| Untracked 
| 349|0x000000076ba00000, 0x000000076ba00000, 0x000000076bc00000|  0%| F|  |TAMS 0x000000076ba00000, 0x000000076ba00000| Untracked 

Card table byte_map: [0x000002727a040000,0x000002727a640000] _byte_map_base: 0x0000027276640000

Marking Bits (Prev, Next): (CMBitMap*) 0x000002726270ca80, (CMBitMap*) 0x000002726270ca40
 Prev Bits: [0x0000027200000000, 0x0000027203000000)
 Next Bits: [0x000002727ac40000, 0x000002727dc40000)

Polling page: 0x0000027260610000

Metaspace:

Usage:
  Non-class:     89.70 MB used.
      Class:     13.66 MB used.
       Both:    103.36 MB used.

Virtual space:
  Non-class space:      128.00 MB reserved,      90.31 MB ( 71%) committed,  2 nodes.
      Class space:        1.00 GB reserved,      14.12 MB (  1%) committed,  1 nodes.
             Both:        1.12 GB reserved,     104.44 MB (  9%) committed. 

Chunk freelists:
   Non-Class:  5.42 MB
       Class:  1.69 MB
        Both:  7.12 MB

MaxMetaspaceSize: unlimited
CompressedClassSpaceSize: 1.00 GB
Initial GC threshold: 21.00 MB
Current GC threshold: 174.06 MB
CDS: on
MetaspaceReclaimPolicy: balanced
 - commit_granule_bytes: 65536.
 - commit_granule_words: 8192.
 - virtual_space_node_default_size: 8388608.
 - enlarge_chunks_in_place: 1.
 - new_chunks_are_fully_committed: 0.
 - uncommit_free_chunks: 1.
 - use_allocation_guard: 0.
 - handle_deallocations: 1.


Internal statistics:

num_allocs_failed_limit: 9.
num_arena_births: 1588.
num_arena_deaths: 4.
num_vsnodes_births: 3.
num_vsnodes_deaths: 0.
num_space_committed: 1671.
num_space_uncommitted: 0.
num_chunks_returned_to_freelist: 33.
num_chunks_taken_from_freelist: 6072.
num_chunk_merges: 10.
num_chunk_splits: 3931.
num_chunks_enlarged: 2454.
num_inconsistent_stats: 0.

CodeHeap 'non-profiled nmethods': size=119168Kb used=12008Kb max_used=12193Kb free=107159Kb
 bounds [0x0000027271d60000, 0x0000027272950000, 0x00000272791c0000]
CodeHeap 'profiled nmethods': size=119104Kb used=34384Kb max_used=34384Kb free=84719Kb
 bounds [0x000002726a1c0000, 0x000002726c380000, 0x0000027271610000]
CodeHeap 'non-nmethods': size=7488Kb used=4212Kb max_used=4328Kb free=3275Kb
 bounds [0x0000027271610000, 0x0000027271a50000, 0x0000027271d60000]
 total_blobs=17605 nmethods=16604 adapters=906
 compilation: enabled
              stopped_count=0, restarted_count=0
 full_count=0

Compilation events (20 events):
Event: 126.073 Thread 0x000002724dfa19e0 nmethod 20294 0x000002726c004110 code [0x000002726c004340, 0x000002726c0049f8]
Event: 126.073 Thread 0x000002724dfa19e0 20297       3       com.sun.tools.javac.file.JavacFileManager$ArchiveContainer$1::preVisitDirectory (60 bytes)
Event: 126.073 Thread 0x000002724dfa4f00 nmethod 20296 0x000002726adcd590 code [0x000002726adcd720, 0x000002726adcd868]
Event: 126.073 Thread 0x000002724dfa49b0 nmethod 20295 0x000002726c003b90 code [0x000002726c003d40, 0x000002726c003fa8]
Event: 126.073 Thread 0x000002724902c430 nmethod 20301 0x000002726bffe590 code [0x000002726bffe7c0, 0x000002726bfff038]
Event: 126.073 Thread 0x000002724dfa4f00 20299       3       jdk.nio.zipfs.ZipPath::relativize (314 bytes)
Event: 126.073 Thread 0x000002724dfa49b0 20300       3       jdk.nio.zipfs.ZipPath::equals (38 bytes)
Event: 126.073 Thread 0x000002724902c430 20302       3       com.sun.tools.javac.file.RelativePath::hashCode (8 bytes)
Event: 126.074 Thread 0x000002724dfa19e0 nmethod 20297 0x000002726bffdb90 code [0x000002726bffdda0, 0x000002726bffe378]
Event: 126.074 Thread 0x000002724902c430 nmethod 20302 0x000002726c0c2e90 code [0x000002726c0c3040, 0x000002726c0c3188]
Event: 126.074 Thread 0x000002724dfa49b0 nmethod 20300 0x000002726bffd390 code [0x000002726bffd560, 0x000002726bffdaa8]
Event: 126.075 Thread 0x000002724dfa4f00 nmethod 20299 0x000002726b34ca90 code [0x000002726b34cde0, 0x000002726b34e4f8]
Event: 126.084 Thread 0x000002724dfa4f00 20303 %     2       java.util.LinkedHashMap::valuesToArray @ 10 (38 bytes)
Event: 126.084 Thread 0x000002724dfa4f00 nmethod 20303% 0x000002726ae0bd90 code [0x000002726ae0bf40, 0x000002726ae0c258]
Event: 126.096 Thread 0x000002724dfa19e0 20304       3       jdk.nio.zipfs.ZipFileSystem$Entry::<init> (109 bytes)
Event: 126.097 Thread 0x000002724dfa19e0 nmethod 20304 0x000002726b34c390 code [0x000002726b34c540, 0x000002726b34c908]
Event: 126.122 Thread 0x000002724dfa4f00 20306       2       java.util.LinkedHashMap::valuesToArray (38 bytes)
Event: 126.122 Thread 0x000002724dfa4f00 nmethod 20306 0x000002726be3b690 code [0x000002726be3b840, 0x000002726be3bad8]
Event: 126.202 Thread 0x000002724dfa19e0 20308       3       jdk.internal.util.ArraysSupport::mismatch (73 bytes)
Event: 126.203 Thread 0x000002724dfa19e0 nmethod 20308 0x000002726bffcb90 code [0x000002726bffcd60, 0x000002726bffd178]

GC Heap History (20 events):
Event: 121.609 GC heap after
{Heap after GC invocations=51 (full 0):
 garbage-first heap   total 557056K, used 278355K [0x0000000740000000, 0x0000000800000000)
  region size 2048K, 9 young (18432K), 9 survivors (18432K)
 Metaspace       used 98327K, committed 99392K, reserved 1179648K
  class space    used 13117K, committed 13632K, reserved 1048576K
}
Event: 121.647 GC heap before
{Heap before GC invocations=51 (full 0):
 garbage-first heap   total 557056K, used 286547K [0x0000000740000000, 0x0000000800000000)
  region size 2048K, 13 young (26624K), 9 survivors (18432K)
 Metaspace       used 98327K, committed 99392K, reserved 1179648K
  class space    used 13117K, committed 13632K, reserved 1048576K
}
Event: 121.661 GC heap after
{Heap after GC invocations=52 (full 0):
 garbage-first heap   total 557056K, used 282606K [0x0000000740000000, 0x0000000800000000)
  region size 2048K, 2 young (4096K), 2 survivors (4096K)
 Metaspace       used 98327K, committed 99392K, reserved 1179648K
  class space    used 13117K, committed 13632K, reserved 1048576K
}
Event: 122.148 GC heap before
{Heap before GC invocations=52 (full 0):
 garbage-first heap   total 557056K, used 385006K [0x0000000740000000, 0x0000000800000000)
  region size 2048K, 53 young (108544K), 2 survivors (4096K)
 Metaspace       used 98594K, committed 99584K, reserved 1179648K
  class space    used 13145K, committed 13632K, reserved 1048576K
}
Event: 122.157 GC heap after
{Heap after GC invocations=53 (full 0):
 garbage-first heap   total 557056K, used 304357K [0x0000000740000000, 0x0000000800000000)
  region size 2048K, 7 young (14336K), 7 survivors (14336K)
 Metaspace       used 98594K, committed 99584K, reserved 1179648K
  class space    used 13145K, committed 13632K, reserved 1048576K
}
Event: 122.530 GC heap before
{Heap before GC invocations=53 (full 0):
 garbage-first heap   total 557056K, used 400613K [0x0000000740000000, 0x0000000800000000)
  region size 2048K, 55 young (112640K), 7 survivors (14336K)
 Metaspace       used 98648K, committed 99648K, reserved 1179648K
  class space    used 13145K, committed 13632K, reserved 1048576K
}
Event: 122.537 GC heap after
{Heap after GC invocations=54 (full 0):
 garbage-first heap   total 557056K, used 308660K [0x0000000740000000, 0x0000000800000000)
  region size 2048K, 3 young (6144K), 3 survivors (6144K)
 Metaspace       used 98648K, committed 99648K, reserved 1179648K
  class space    used 13145K, committed 13632K, reserved 1048576K
}
Event: 123.843 GC heap before
{Heap before GC invocations=54 (full 0):
 garbage-first heap   total 557056K, used 415156K [0x0000000740000000, 0x0000000800000000)
  region size 2048K, 55 young (112640K), 3 survivors (6144K)
 Metaspace       used 98672K, committed 99648K, reserved 1179648K
  class space    used 13147K, committed 13632K, reserved 1048576K
}
Event: 123.846 GC heap after
{Heap after GC invocations=55 (full 0):
 garbage-first heap   total 557056K, used 311454K [0x0000000740000000, 0x0000000800000000)
  region size 2048K, 4 young (8192K), 4 survivors (8192K)
 Metaspace       used 98672K, committed 99648K, reserved 1179648K
  class space    used 13147K, committed 13632K, reserved 1048576K
}
Event: 124.292 GC heap before
{Heap before GC invocations=55 (full 0):
 garbage-first heap   total 557056K, used 424094K [0x0000000740000000, 0x0000000800000000)
  region size 2048K, 59 young (120832K), 4 survivors (8192K)
 Metaspace       used 98699K, committed 99712K, reserved 1179648K
  class space    used 13152K, committed 13632K, reserved 1048576K
}
Event: 124.301 GC heap after
{Heap after GC invocations=56 (full 0):
 garbage-first heap   total 557056K, used 329865K [0x0000000740000000, 0x0000000800000000)
  region size 2048K, 8 young (16384K), 8 survivors (16384K)
 Metaspace       used 98699K, committed 99712K, reserved 1179648K
  class space    used 13152K, committed 13632K, reserved 1048576K
}
Event: 125.191 GC heap before
{Heap before GC invocations=56 (full 0):
 garbage-first heap   total 557056K, used 411785K [0x0000000740000000, 0x0000000800000000)
  region size 2048K, 32 young (65536K), 8 survivors (16384K)
 Metaspace       used 104678K, committed 105792K, reserved 1179648K
  class space    used 13909K, committed 14400K, reserved 1048576K
}
Event: 125.201 GC heap after
{Heap after GC invocations=57 (full 0):
 garbage-first heap   total 557056K, used 362481K [0x0000000740000000, 0x0000000800000000)
  region size 2048K, 8 young (16384K), 8 survivors (16384K)
 Metaspace       used 104678K, committed 105792K, reserved 1179648K
  class space    used 13909K, committed 14400K, reserved 1048576K
}
Event: 125.681 GC heap before
{Heap before GC invocations=57 (full 0):
 garbage-first heap   total 557056K, used 460785K [0x0000000740000000, 0x0000000800000000)
  region size 2048K, 44 young (90112K), 8 survivors (16384K)
 Metaspace       used 105554K, committed 106624K, reserved 1179648K
  class space    used 13956K, committed 14464K, reserved 1048576K
}
Event: 125.694 GC heap after
{Heap after GC invocations=58 (full 0):
 garbage-first heap   total 557056K, used 393606K [0x0000000740000000, 0x0000000800000000)
  region size 2048K, 6 young (12288K), 6 survivors (12288K)
 Metaspace       used 105554K, committed 106624K, reserved 1179648K
  class space    used 13956K, committed 14464K, reserved 1048576K
}
Event: 126.008 GC heap before
{Heap before GC invocations=58 (full 0):
 garbage-first heap   total 557056K, used 457094K [0x0000000740000000, 0x0000000800000000)
  region size 2048K, 34 young (69632K), 6 survivors (12288K)
 Metaspace       used 105842K, committed 106944K, reserved 1179648K
  class space    used 13985K, committed 14464K, reserved 1048576K
}
Event: 126.019 GC heap after
{Heap after GC invocations=59 (full 0):
 garbage-first heap   total 557056K, used 417960K [0x0000000740000000, 0x0000000800000000)
  region size 2048K, 5 young (10240K), 5 survivors (10240K)
 Metaspace       used 105842K, committed 106944K, reserved 1179648K
  class space    used 13985K, committed 14464K, reserved 1048576K
}
Event: 126.139 GC heap before
{Heap before GC invocations=59 (full 0):
 garbage-first heap   total 557056K, used 460968K [0x0000000740000000, 0x0000000800000000)
  region size 2048K, 25 young (51200K), 5 survivors (10240K)
 Metaspace       used 105842K, committed 106944K, reserved 1179648K
  class space    used 13985K, committed 14464K, reserved 1048576K
}
Event: 126.144 GC heap after
{Heap after GC invocations=60 (full 0):
 garbage-first heap   total 557056K, used 427935K [0x0000000740000000, 0x0000000800000000)
  region size 2048K, 3 young (6144K), 3 survivors (6144K)
 Metaspace       used 105842K, committed 106944K, reserved 1179648K
  class space    used 13985K, committed 14464K, reserved 1048576K
}
Event: 126.295 GC heap before
{Heap before GC invocations=60 (full 0):
 garbage-first heap   total 716800K, used 458655K [0x0000000740000000, 0x0000000800000000)
  region size 2048K, 22 young (45056K), 3 survivors (6144K)
 Metaspace       used 105842K, committed 106944K, reserved 1179648K
  class space    used 13985K, committed 14464K, reserved 1048576K
}

Dll operation events (16 events):
Event: 0.008 Loaded shared library C:\Users\27439\.jdks\corretto-17.0.10\bin\java.dll
Event: 0.022 Loaded shared library C:\Users\27439\.jdks\corretto-17.0.10\bin\jsvml.dll
Event: 0.076 Loaded shared library C:\Users\27439\.jdks\corretto-17.0.10\bin\zip.dll
Event: 0.082 Loaded shared library C:\Users\27439\.jdks\corretto-17.0.10\bin\instrument.dll
Event: 0.085 Loaded shared library C:\Users\27439\.jdks\corretto-17.0.10\bin\net.dll
Event: 0.086 Loaded shared library C:\Users\27439\.jdks\corretto-17.0.10\bin\nio.dll
Event: 0.089 Loaded shared library C:\Users\27439\.jdks\corretto-17.0.10\bin\zip.dll
Event: 0.214 Loaded shared library C:\Users\27439\.jdks\corretto-17.0.10\bin\jimage.dll
Event: 0.260 Loaded shared library C:\Users\27439\.jdks\corretto-17.0.10\bin\verify.dll
Event: 0.380 Loaded shared library C:\Users\27439\.gradle\native\68d5fa5c4cc2d200863cafc0d521ce42e7d3e7ee720ec0a83991735586a16f82\windows-amd64\native-platform.dll
Event: 0.384 Loaded shared library C:\Users\27439\.gradle\native\e376f236ea51e6404a007f0833ffe2c6e607c4080706a723a18a27aeea778392\windows-amd64\native-platform-file-events.dll
Event: 0.933 Loaded shared library C:\Users\27439\.jdks\corretto-17.0.10\bin\management.dll
Event: 0.935 Loaded shared library C:\Users\27439\.jdks\corretto-17.0.10\bin\management_ext.dll
Event: 1.113 Loaded shared library C:\Users\27439\.jdks\corretto-17.0.10\bin\extnet.dll
Event: 1.361 Loaded shared library C:\Users\27439\.jdks\corretto-17.0.10\bin\sunmscapi.dll
Event: 15.163 Loaded shared library C:\Users\27439\.jdks\corretto-17.0.10\bin\rmi.dll

Deoptimization events (20 events):
Event: 125.902 Thread 0x000002724eccaa90 DEOPT PACKING pc=0x000002726a975b15 sp=0x000000c7716f85a0
Event: 125.902 Thread 0x000002724eccaa90 DEOPT UNPACKING pc=0x0000027271667143 sp=0x000000c7716f7a48 mode 0
Event: 125.924 Thread 0x000002724eccaa90 Uncommon trap: trap_request=0xffffff45 fr.pc=0x0000027271f82d30 relative=0x0000000000000130
Event: 125.924 Thread 0x000002724eccaa90 Uncommon trap: reason=unstable_if action=reinterpret pc=0x0000027271f82d30 method=jdk.nio.zipfs.ZipFileSystem.checkUTF8([B)V @ 13 c2
Event: 125.924 Thread 0x000002724eccaa90 DEOPT PACKING pc=0x0000027271f82d30 sp=0x000000c7716f8680
Event: 125.924 Thread 0x000002724eccaa90 DEOPT UNPACKING pc=0x00000272716669a3 sp=0x000000c7716f8620 mode 2
Event: 125.924 Thread 0x000002724eccaa90 Uncommon trap: trap_request=0xffffff45 fr.pc=0x000002727242a270 relative=0x0000000000000e10
Event: 125.924 Thread 0x000002724eccaa90 Uncommon trap: reason=unstable_if action=reinterpret pc=0x000002727242a270 method=sun.nio.cs.UTF_8$Decoder.decodeArrayLoop(Ljava/nio/ByteBuffer;Ljava/nio/CharBuffer;)Ljava/nio/charset/CoderResult; @ 164 c2
Event: 125.924 Thread 0x000002724eccaa90 DEOPT PACKING pc=0x000002727242a270 sp=0x000000c7716f82f0
Event: 125.924 Thread 0x000002724eccaa90 DEOPT UNPACKING pc=0x00000272716669a3 sp=0x000000c7716f8288 mode 2
Event: 126.034 Thread 0x000002724eccaa90 DEOPT PACKING pc=0x000002726c0766b8 sp=0x000000c7716f84b0
Event: 126.034 Thread 0x000002724eccaa90 DEOPT UNPACKING pc=0x0000027271667143 sp=0x000000c7716f7a20 mode 0
Event: 126.083 Thread 0x000002724eccaa90 Uncommon trap: trap_request=0xffffff76 fr.pc=0x0000027272775d5c relative=0x00000000000001bc
Event: 126.083 Thread 0x000002724eccaa90 Uncommon trap: reason=predicate action=maybe_recompile pc=0x0000027272775d5c method=java.util.LinkedHashMap.valuesToArray([Ljava/lang/Object;)[Ljava/lang/Object; @ 12 c2
Event: 126.083 Thread 0x000002724eccaa90 DEOPT PACKING pc=0x0000027272775d5c sp=0x000000c7716f8420
Event: 126.084 Thread 0x000002724eccaa90 DEOPT UNPACKING pc=0x00000272716669a3 sp=0x000000c7716f83d8 mode 2
Event: 126.176 Thread 0x000002724eccaa90 Uncommon trap: trap_request=0xffffff45 fr.pc=0x0000027272775148 relative=0x00000000000001a8
Event: 126.176 Thread 0x000002724eccaa90 Uncommon trap: reason=unstable_if action=reinterpret pc=0x0000027272775148 method=jdk.internal.util.ArraysSupport.mismatch([B[BI)I @ 38 c2
Event: 126.176 Thread 0x000002724eccaa90 DEOPT PACKING pc=0x0000027272775148 sp=0x000000c7716f8420
Event: 126.176 Thread 0x000002724eccaa90 DEOPT UNPACKING pc=0x00000272716669a3 sp=0x000000c7716f83d0 mode 2

Classes unloaded (20 events):
Event: 11.877 Thread 0x0000027203c8f140 Unloading class 0x00000272055badd8 'GradleTasksUtil$_filterTasks_closure5'
Event: 11.877 Thread 0x0000027203c8f140 Unloading class 0x00000272055ba9f0 'GradleTasksUtil$_filterTasks_closure4'
Event: 11.877 Thread 0x0000027203c8f140 Unloading class 0x00000272055ba608 'GradleTasksUtil$_filterTasks_closure3'
Event: 11.877 Thread 0x0000027203c8f140 Unloading class 0x00000272055ba220 'GradleTasksUtil$_isMatchedTask_closure2$_closure10'
Event: 11.877 Thread 0x0000027203c8f140 Unloading class 0x00000272055b9e38 'GradleTasksUtil$_isMatchedTask_closure2'
Event: 11.877 Thread 0x0000027203c8f140 Unloading class 0x00000272055b9a50 'GradleTasksUtil$_isMatchedTask_closure1'
Event: 11.877 Thread 0x0000027203c8f140 Unloading class 0x00000272055b97c8 'GradleTasksUtil'
Event: 11.877 Thread 0x0000027203c8f140 Unloading class 0x00000272055b93e0 '_BuildScript_$1$_asArguments_closure1'
Event: 11.877 Thread 0x0000027203c8f140 Unloading class 0x00000272055b9138 '_BuildScript_$1'
Event: 11.877 Thread 0x0000027203c8f140 Unloading class 0x00000272055b8e90 'KotlinMppTestLogger$2'
Event: 11.877 Thread 0x0000027203c8f140 Unloading class 0x00000272055b8bb8 'KotlinMppTestLogger$1'
Event: 11.877 Thread 0x0000027203c8f140 Unloading class 0x00000272055b87d0 'KotlinMppTestLogger$_logConfigurationError_closure2'
Event: 11.877 Thread 0x0000027203c8f140 Unloading class 0x00000272055b83e8 'KotlinMppTestLogger$_logTestEvent_closure1$_closure3$_closure5'
Event: 11.877 Thread 0x0000027203c8f140 Unloading class 0x00000272055b8000 'KotlinMppTestLogger$_logTestEvent_closure1$_closure3$_closure4'
Event: 11.877 Thread 0x0000027203c8f140 Unloading class 0x00000272055b1400 'KotlinMppTestLogger$_logTestEvent_closure1$_closure3'
Event: 11.877 Thread 0x0000027203c8f140 Unloading class 0x00000272055b1a88 'KotlinMppTestLogger$_logTestEvent_closure1'
Event: 11.877 Thread 0x0000027203c8f140 Unloading class 0x00000272055b1800 'KotlinMppTestLogger'
Event: 11.877 Thread 0x0000027203c8f140 Unloading class 0x0000027205538930 '_BuildScript_$_run_closure1$_closure2'
Event: 11.877 Thread 0x0000027203c8f140 Unloading class 0x0000027205538548 '_BuildScript_$_run_closure1'
Event: 11.877 Thread 0x0000027203c8f140 Unloading class 0x0000027205538000 '_BuildScript_'

Classes redefined (0 events):
No events

Internal exceptions (20 events):
Event: 15.196 Thread 0x0000027251fdeb60 Exception <a 'sun/nio/fs/WindowsException'{0x000000074c13d180}> (0x000000074c13d180) 
thrown [s\src\hotspot\share\prims\jni.cpp, line 516]
Event: 15.200 Thread 0x000002724ecc9b60 Exception <a 'java/lang/InterruptedException'{0x000000074c159c48}> (0x000000074c159c48) 
thrown [s\src\hotspot\share\runtime\objectMonitor.cpp, line 1658]
Event: 15.207 Thread 0x000002724ecc68c0 Exception <a 'java/lang/NoSuchMethodError'{0x000000074c1d43b0}: static Lorg/jetbrains/kotlin/daemon/common/CompileService$CallResult$Ok;.<clinit>()V> (0x000000074c1d43b0) 
thrown [s\src\hotspot\share\prims\jni.cpp, line 1107]
Event: 15.214 Thread 0x0000027251fdeb60 Exception <a 'java/lang/NoSuchMethodError'{0x000000074be597d0}: 'java.lang.Object java.lang.invoke.DirectMethodHandle$Holder.invokeSpecial(java.lang.Object, java.lang.Object, java.lang.Object, java.lang.Object, int, java.lang.Object)'> (0x000000074be597d0) 
thrown [s\src\hotspot\share\interpreter\linkResolver.cpp, line 759]
Event: 15.215 Thread 0x0000027251fdeb60 Exception <a 'java/lang/NoSuchMethodError'{0x000000074be5dd20}: 'java.lang.Object java.lang.invoke.Invokers$Holder.invokeExact_MT(java.lang.Object, java.lang.Object, java.lang.Object, int, java.lang.Object, java.lang.Object)'> (0x000000074be5dd20) 
thrown [s\src\hotspot\share\interpreter\linkResolver.cpp, line 759]
Event: 15.219 Thread 0x0000027251fdeb60 Exception <a 'sun/nio/fs/WindowsException'{0x000000074bed18c0}> (0x000000074bed18c0) 
thrown [s\src\hotspot\share\prims\jni.cpp, line 516]
Event: 15.222 Thread 0x0000027251fdeb60 Exception <a 'sun/nio/fs/WindowsException'{0x000000074bf25c08}> (0x000000074bf25c08) 
thrown [s\src\hotspot\share\prims\jni.cpp, line 516]
Event: 15.223 Thread 0x0000027251fdeb60 Exception <a 'sun/nio/fs/WindowsException'{0x000000074bf25e10}> (0x000000074bf25e10) 
thrown [s\src\hotspot\share\prims\jni.cpp, line 516]
Event: 15.249 Thread 0x000002724ecc68c0 Exception <a 'java/lang/NoSuchMethodError'{0x000000074bd6abb8}: static [Ljava/lang/Integer;.<clinit>()V> (0x000000074bd6abb8) 
thrown [s\src\hotspot\share\prims\jni.cpp, line 1107]
Event: 112.162 Thread 0x000002724ecc8c30 Implicit null exception at 0x0000027271e3ecaf to 0x0000027271e3f950
Event: 117.072 Thread 0x000002724eccaa90 Implicit null exception at 0x000002727264a8cc to 0x0000027272650410
Event: 119.697 Thread 0x000002724eccaa90 Exception <a 'java/lang/NoSuchMethodError'{0x000000074c139c88}: static Ljava/lang/Object;.<clinit>()V> (0x000000074c139c88) 
thrown [s\src\hotspot\share\prims\jni.cpp, line 1107]
Event: 121.412 Thread 0x000002724ece6a00 Exception <a 'java/lang/NoSuchMethodError'{0x000000075d8bee38}: 'long java.lang.invoke.DirectMethodHandle$Holder.invokeVirtual(java.lang.Object, java.lang.Object)'> (0x000000075d8bee38) 
thrown [s\src\hotspot\share\interpreter\linkResolver.cpp, line 759]
Event: 121.412 Thread 0x000002724ece6a00 Exception <a 'java/lang/NoSuchMethodError'{0x000000075d8cb038}: 'int java.lang.invoke.DirectMethodHandle$Holder.invokeSpecialIFC(java.lang.Object, java.lang.Object, java.lang.Object, java.lang.Object, java.lang.Object)'> (0x000000075d8cb038) 
thrown [s\src\hotspot\share\interpreter\linkResolver.cpp, line 759]
Event: 124.223 Thread 0x000002724ece9280 Implicit null exception at 0x000002727288a69b to 0x0000027272894230
Event: 124.986 Thread 0x000002724eccaa90 Exception <a 'java/lang/NoSuchMethodError'{0x000000075fc4e5e8}: 'void java.lang.invoke.DirectMethodHandle$Holder.invokeVirtual(java.lang.Object, java.lang.Object, java.lang.Object, java.lang.Object)'> (0x000000075fc4e5e8) 
thrown [s\src\hotspot\share\interpreter\linkResolver.cpp, line 759]
Event: 125.827 Thread 0x000002724eccaa90 Exception <a 'sun/nio/fs/WindowsException'{0x00000007604526e8}> (0x00000007604526e8) 
thrown [s\src\hotspot\share\prims\jni.cpp, line 516]
Event: 125.828 Thread 0x000002724eccaa90 Exception <a 'sun/nio/fs/WindowsException'{0x00000007604529e0}> (0x00000007604529e0) 
thrown [s\src\hotspot\share\prims\jni.cpp, line 516]
Event: 125.842 Thread 0x000002724eccaa90 Exception <a 'java/lang/NoSuchMethodError'{0x0000000760504bf0}: 'java.lang.Object java.lang.invoke.DirectMethodHandle$Holder.invokeVirtual(java.lang.Object, java.lang.Object, java.lang.Object, int, int)'> (0x0000000760504bf0) 
thrown [s\src\hotspot\share\interpreter\linkResolver.cpp, line 759]
Event: 125.842 Thread 0x000002724eccaa90 Exception <a 'java/lang/NoSuchMethodError'{0x000000076050c150}: 'java.lang.Object java.lang.invoke.DirectMethodHandle$Holder.invokeVirtual(java.lang.Object, java.lang.Object, int)'> (0x000000076050c150) 
thrown [s\src\hotspot\share\interpreter\linkResolver.cpp, line 759]

VM Operations (20 events):
Event: 124.853 Executing VM operation: HandshakeAllThreads done
Event: 125.191 Executing VM operation: G1TryInitiateConcMark
Event: 125.201 Executing VM operation: G1TryInitiateConcMark done
Event: 125.210 Executing VM operation: HandshakeAllThreads
Event: 125.211 Executing VM operation: HandshakeAllThreads done
Event: 125.239 Executing VM operation: HandshakeAllThreads
Event: 125.239 Executing VM operation: HandshakeAllThreads done
Event: 125.527 Executing VM operation: HandshakeAllThreads
Event: 125.527 Executing VM operation: HandshakeAllThreads done
Event: 125.681 Executing VM operation: G1CollectForAllocation
Event: 125.694 Executing VM operation: G1CollectForAllocation done
Event: 125.830 Executing VM operation: HandshakeAllThreads
Event: 125.830 Executing VM operation: HandshakeAllThreads done
Event: 126.008 Executing VM operation: G1CollectForAllocation
Event: 126.019 Executing VM operation: G1CollectForAllocation done
Event: 126.139 Executing VM operation: G1CollectForAllocation
Event: 126.144 Executing VM operation: G1CollectForAllocation done
Event: 126.184 Executing VM operation: G1PauseRemark
Event: 126.202 Executing VM operation: G1PauseRemark done
Event: 126.295 Executing VM operation: G1CollectForAllocation

Events (20 events):
Event: 125.552 Thread 0x0000027249050e60 flushing nmethod 0x000002726c0c2e90
Event: 125.552 Thread 0x0000027249050e60 flushing nmethod 0x000002726c156810
Event: 125.552 Thread 0x0000027249050e60 flushing nmethod 0x000002726c176c90
Event: 125.552 Thread 0x0000027249050e60 flushing nmethod 0x000002726c178210
Event: 125.553 Thread 0x0000027249050e60 flushing nmethod 0x000002726c23d810
Event: 125.553 Thread 0x0000027249050e60 flushing nmethod 0x000002726c241b90
Event: 125.553 Thread 0x0000027249050e60 flushing nmethod 0x000002726c243690
Event: 125.553 Thread 0x0000027249050e60 flushing nmethod 0x000002726c245390
Event: 125.553 Thread 0x0000027249050e60 flushing nmethod 0x000002726c261510
Event: 125.553 Thread 0x0000027249050e60 flushing nmethod 0x000002726c262190
Event: 125.553 Thread 0x0000027249050e60 flushing nmethod 0x000002726c297790
Event: 125.553 Thread 0x0000027249050e60 flushing nmethod 0x000002726c298a10
Event: 125.553 Thread 0x0000027249050e60 flushing nmethod 0x000002726c299310
Event: 125.553 Thread 0x0000027249050e60 flushing nmethod 0x000002726c299790
Event: 125.553 Thread 0x0000027249050e60 flushing nmethod 0x000002726c29b510
Event: 125.553 Thread 0x0000027249050e60 flushing nmethod 0x000002726c29b910
Event: 125.553 Thread 0x0000027249050e60 flushing nmethod 0x000002726c29c690
Event: 125.553 Thread 0x0000027249050e60 flushing nmethod 0x000002726c29d010
Event: 125.553 Thread 0x0000027249050e60 flushing nmethod 0x000002726c29db90
Event: 125.553 Thread 0x0000027249050e60 flushing nmethod 0x000002726c2ce390


Dynamic libraries:
0x00007ff79c3c0000 - 0x00007ff79c3ce000 	C:\Users\27439\.jdks\corretto-17.0.10\bin\java.exe
0x00007ffeda2f0000 - 0x00007ffeda507000 	C:\WINDOWS\SYSTEM32\ntdll.dll
0x00007ffed8210000 - 0x00007ffed82d4000 	C:\WINDOWS\System32\KERNEL32.DLL
0x00007ffed7710000 - 0x00007ffed7ac7000 	C:\WINDOWS\System32\KERNELBASE.dll
0x00007ffed7db0000 - 0x00007ffed7ec1000 	C:\WINDOWS\System32\ucrtbase.dll
0x00007ffed3d50000 - 0x00007ffed3d6b000 	C:\Users\27439\.jdks\corretto-17.0.10\bin\VCRUNTIME140.dll
0x00007ffed3d30000 - 0x00007ffed3d47000 	C:\Users\27439\.jdks\corretto-17.0.10\bin\jli.dll
0x00007ffed8060000 - 0x00007ffed820f000 	C:\WINDOWS\System32\USER32.dll
0x00007ffed7b90000 - 0x00007ffed7bb6000 	C:\WINDOWS\System32\win32u.dll
0x00007ffec4eb0000 - 0x00007ffec5143000 	C:\WINDOWS\WinSxS\amd64_microsoft.windows.common-controls_6595b64144ccf1df_6.0.22621.3672_none_2713b9d173822955\COMCTL32.dll
0x00007ffeda200000 - 0x00007ffeda2a7000 	C:\WINDOWS\System32\msvcrt.dll
0x00007ffed8020000 - 0x00007ffed8049000 	C:\WINDOWS\System32\GDI32.dll
0x00007ffed7f00000 - 0x00007ffed8018000 	C:\WINDOWS\System32\gdi32full.dll
0x00007ffed7600000 - 0x00007ffed769a000 	C:\WINDOWS\System32\msvcp_win.dll
0x00007ffed93f0000 - 0x00007ffed9421000 	C:\WINDOWS\System32\IMM32.DLL
0x00007ffed3d20000 - 0x00007ffed3d2c000 	C:\Users\27439\.jdks\corretto-17.0.10\bin\vcruntime140_1.dll
0x00007ffec62f0000 - 0x00007ffec637d000 	C:\Users\27439\.jdks\corretto-17.0.10\bin\msvcp140.dll
0x00007ffe72ae0000 - 0x00007ffe73742000 	C:\Users\27439\.jdks\corretto-17.0.10\bin\server\jvm.dll
0x00007ffed9fd0000 - 0x00007ffeda082000 	C:\WINDOWS\System32\ADVAPI32.dll
0x00007ffed89c0000 - 0x00007ffed8a68000 	C:\WINDOWS\System32\sechost.dll
0x00007ffed7ed0000 - 0x00007ffed7ef8000 	C:\WINDOWS\System32\bcrypt.dll
0x00007ffed84f0000 - 0x00007ffed8604000 	C:\WINDOWS\System32\RPCRT4.dll
0x00007ffec64c0000 - 0x00007ffec64c9000 	C:\WINDOWS\SYSTEM32\WSOCK32.dll
0x00007ffed8a80000 - 0x00007ffed8af1000 	C:\WINDOWS\System32\WS2_32.dll
0x00007ffed69a0000 - 0x00007ffed69ed000 	C:\WINDOWS\SYSTEM32\POWRPROF.dll
0x00007ffed06c0000 - 0x00007ffed06f4000 	C:\WINDOWS\SYSTEM32\WINMM.dll
0x00007ffecf0d0000 - 0x00007ffecf0da000 	C:\WINDOWS\SYSTEM32\VERSION.dll
0x00007ffed6900000 - 0x00007ffed6913000 	C:\WINDOWS\SYSTEM32\UMPDC.dll
0x00007ffed6680000 - 0x00007ffed6698000 	C:\WINDOWS\SYSTEM32\kernel.appcore.dll
0x00007ffed3d10000 - 0x00007ffed3d1a000 	C:\Users\27439\.jdks\corretto-17.0.10\bin\jimage.dll
0x00007ffece270000 - 0x00007ffece4a2000 	C:\WINDOWS\SYSTEM32\DBGHELP.DLL
0x00007ffed97c0000 - 0x00007ffed9b4e000 	C:\WINDOWS\System32\combase.dll
0x00007ffeda090000 - 0x00007ffeda167000 	C:\WINDOWS\System32\OLEAUT32.dll
0x00007ffecdbe0000 - 0x00007ffecdc12000 	C:\WINDOWS\SYSTEM32\dbgcore.DLL
0x00007ffed7bc0000 - 0x00007ffed7c3b000 	C:\WINDOWS\System32\bcryptPrimitives.dll
0x00007ffeb2a70000 - 0x00007ffeb2aab000 	C:\Users\27439\.jdks\corretto-17.0.10\bin\jdwp.dll
0x00007ffed1c30000 - 0x00007ffed1c3e000 	C:\Users\27439\.jdks\corretto-17.0.10\bin\instrument.dll
0x00007ffed0b70000 - 0x00007ffed0b95000 	C:\Users\27439\.jdks\corretto-17.0.10\bin\java.dll
0x00007ffebddc0000 - 0x00007ffebde97000 	C:\Users\27439\.jdks\corretto-17.0.10\bin\jsvml.dll
0x00007ffed8b00000 - 0x00007ffed9369000 	C:\WINDOWS\System32\SHELL32.dll
0x00007ffed5520000 - 0x00007ffed5e1f000 	C:\WINDOWS\SYSTEM32\windows.storage.dll
0x00007ffed53e0000 - 0x00007ffed551f000 	C:\WINDOWS\SYSTEM32\wintypes.dll
0x00007ffed8710000 - 0x00007ffed8809000 	C:\WINDOWS\System32\SHCORE.dll
0x00007ffed9460000 - 0x00007ffed94be000 	C:\WINDOWS\System32\shlwapi.dll
0x00007ffed7530000 - 0x00007ffed7557000 	C:\WINDOWS\SYSTEM32\profapi.dll
0x00007ffec6170000 - 0x00007ffec617c000 	C:\Users\27439\.jdks\corretto-17.0.10\bin\dt_socket.dll
0x00007ffed6070000 - 0x00007ffed609d000 	C:\WINDOWS\SYSTEM32\IPHLPAPI.DLL
0x00007ffed6b70000 - 0x00007ffed6bd9000 	C:\WINDOWS\system32\mswsock.dll
0x00007ffec6230000 - 0x00007ffec6248000 	C:\Users\27439\.jdks\corretto-17.0.10\bin\zip.dll
0x00007ffed2b70000 - 0x00007ffed2b89000 	C:\Users\27439\.jdks\corretto-17.0.10\bin\net.dll
0x00007ffed23d0000 - 0x00007ffed2506000 	C:\WINDOWS\SYSTEM32\WINHTTP.dll
0x00007ffec62a0000 - 0x00007ffec62b6000 	C:\Users\27439\.jdks\corretto-17.0.10\bin\nio.dll
0x00007ffeca670000 - 0x00007ffeca680000 	C:\Users\27439\.jdks\corretto-17.0.10\bin\verify.dll
0x00007ffea2670000 - 0x00007ffea2697000 	C:\Users\27439\.gradle\native\68d5fa5c4cc2d200863cafc0d521ce42e7d3e7ee720ec0a83991735586a16f82\windows-amd64\native-platform.dll
0x00007ffe928a0000 - 0x00007ffe929e4000 	C:\Users\27439\.gradle\native\e376f236ea51e6404a007f0833ffe2c6e607c4080706a723a18a27aeea778392\windows-amd64\native-platform-file-events.dll
0x00007ffed1c70000 - 0x00007ffed1c79000 	C:\Users\27439\.jdks\corretto-17.0.10\bin\management.dll
0x00007ffeca720000 - 0x00007ffeca72b000 	C:\Users\27439\.jdks\corretto-17.0.10\bin\management_ext.dll
0x00007ffed9520000 - 0x00007ffed9528000 	C:\WINDOWS\System32\PSAPI.DLL
0x00007ffed6db0000 - 0x00007ffed6dcb000 	C:\WINDOWS\SYSTEM32\CRYPTSP.dll
0x00007ffed65e0000 - 0x00007ffed6615000 	C:\WINDOWS\system32\rsaenh.dll
0x00007ffed6c40000 - 0x00007ffed6c68000 	C:\WINDOWS\SYSTEM32\USERENV.dll
0x00007ffed6dd0000 - 0x00007ffed6ddc000 	C:\WINDOWS\SYSTEM32\CRYPTBASE.dll
0x00007ffed8a70000 - 0x00007ffed8a79000 	C:\WINDOWS\System32\NSI.dll
0x00007ffed1000000 - 0x00007ffed1019000 	C:\WINDOWS\SYSTEM32\dhcpcsvc6.DLL
0x00007ffed0cf0000 - 0x00007ffed0d0f000 	C:\WINDOWS\SYSTEM32\dhcpcsvc.DLL
0x00007ffed60a0000 - 0x00007ffed61a2000 	C:\WINDOWS\SYSTEM32\DNSAPI.dll
0x00007ffec6c60000 - 0x00007ffec6c69000 	C:\Users\27439\.jdks\corretto-17.0.10\bin\extnet.dll
0x00007ffec64b0000 - 0x00007ffec64be000 	C:\Users\27439\.jdks\corretto-17.0.10\bin\sunmscapi.dll
0x00007ffed7c40000 - 0x00007ffed7da6000 	C:\WINDOWS\System32\CRYPT32.dll
0x00007ffed6fc0000 - 0x00007ffed6fed000 	C:\WINDOWS\SYSTEM32\ncrypt.dll
0x00007ffed6f80000 - 0x00007ffed6fb7000 	C:\WINDOWS\SYSTEM32\NTASN1.dll
0x00007ffec96c0000 - 0x00007ffec96c8000 	C:\WINDOWS\system32\wshunix.dll
0x00007ffeb2fd0000 - 0x00007ffeb2fe7000 	C:\WINDOWS\system32\napinsp.dll
0x00007ffeb2f60000 - 0x00007ffeb2f7b000 	C:\WINDOWS\system32\pnrpnsp.dll
0x00007ffeb3b40000 - 0x00007ffeb3b51000 	C:\WINDOWS\System32\winrnr.dll
0x00007ffeb3b20000 - 0x00007ffeb3b35000 	C:\WINDOWS\system32\wshbth.dll
0x00007ffeb3af0000 - 0x00007ffeb3b17000 	C:\WINDOWS\system32\nlansp_c.dll
0x00007ffed0ff0000 - 0x00007ffed0ffa000 	C:\Windows\System32\rasadhlp.dll
0x00007ffecf610000 - 0x00007ffecf693000 	C:\WINDOWS\System32\fwpuclnt.dll
0x00007ffec62e0000 - 0x00007ffec62e7000 	C:\Users\27439\.jdks\corretto-17.0.10\bin\rmi.dll

dbghelp: loaded successfully - version: 4.0.5 - missing functions: none
symbol engine: initialized successfully - sym options: 0x614 - pdb path: .;C:\Users\27439\.jdks\corretto-17.0.10\bin;C:\WINDOWS\SYSTEM32;C:\WINDOWS\WinSxS\amd64_microsoft.windows.common-controls_6595b64144ccf1df_6.0.22621.3672_none_2713b9d173822955;C:\Users\27439\.jdks\corretto-17.0.10\bin\server;C:\Users\27439\.gradle\native\68d5fa5c4cc2d200863cafc0d521ce42e7d3e7ee720ec0a83991735586a16f82\windows-amd64;C:\Users\27439\.gradle\native\e376f236ea51e6404a007f0833ffe2c6e607c4080706a723a18a27aeea778392\windows-amd64

VM Arguments:
jvm_args: --add-opens=java.base/java.util.concurrent.atomic=ALL-UNNAMED -agentlib:jdwp=transport=dt_socket,server=n,suspend=y,address=127.0.0.1:38711 --add-opens=java.base/java.util=ALL-UNNAMED --add-opens=java.base/java.lang=ALL-UNNAMED --add-opens=java.base/java.lang.invoke=ALL-UNNAMED --add-opens=java.prefs/java.util.prefs=ALL-UNNAMED --add-opens=java.base/java.nio.charset=ALL-UNNAMED --add-opens=java.base/java.net=ALL-UNNAMED --add-opens=java.base/java.util.concurrent.atomic=ALL-UNNAMED -Xmx3g -Dfile.encoding=UTF-8 -Duser.country=CN -Duser.language=zh -Duser.variant -javaagent:C:\Users\27439\.gradle\wrapper\dists\gradle-8.2-all\2q3bs1ik8c4yxxdwn9pbenul9\gradle-8.2\lib\agents\gradle-instrumentation-agent-8.2.jar 
java_command: org.gradle.launcher.daemon.bootstrap.GradleDaemon 8.2
java_class_path (initial): C:\Users\27439\.gradle\wrapper\dists\gradle-8.2-all\2q3bs1ik8c4yxxdwn9pbenul9\gradle-8.2\lib\gradle-launcher-8.2.jar
Launcher Type: SUN_STANDARD

[Global flags]
     intx CICompilerCount                          = 12                                        {product} {ergonomic}
     uint ConcGCThreads                            = 3                                         {product} {ergonomic}
     uint G1ConcRefinementThreads                  = 13                                        {product} {ergonomic}
   size_t G1HeapRegionSize                         = 2097152                                   {product} {ergonomic}
    uintx GCDrainStackTargetSize                   = 64                                        {product} {ergonomic}
   size_t InitialHeapSize                          = 255852544                                 {product} {ergonomic}
   size_t MarkStackSize                            = 4194304                                   {product} {ergonomic}
   size_t MaxHeapSize                              = 3221225472                                {product} {command line}
   size_t MaxNewSize                               = 1931476992                                {product} {ergonomic}
   size_t MinHeapDeltaBytes                        = 2097152                                   {product} {ergonomic}
   size_t MinHeapSize                              = 8388608                                   {product} {ergonomic}
    uintx NonNMethodCodeHeapSize                   = 7602480                                {pd product} {ergonomic}
    uintx NonProfiledCodeHeapSize                  = 122027880                              {pd product} {ergonomic}
    uintx ProfiledCodeHeapSize                     = 122027880                              {pd product} {ergonomic}
    uintx ReservedCodeCacheSize                    = 251658240                              {pd product} {ergonomic}
     bool SegmentedCodeCache                       = true                                      {product} {ergonomic}
   size_t SoftMaxHeapSize                          = 3221225472                             {manageable} {ergonomic}
     bool UseCompressedClassPointers               = true                           {product lp64_product} {ergonomic}
     bool UseCompressedOops                        = true                           {product lp64_product} {ergonomic}
     bool UseG1GC                                  = true                                      {product} {ergonomic}
     bool UseLargePagesIndividualAllocation        = false                                  {pd product} {ergonomic}

Logging:
Log output configuration:
 #0: stdout all=warning uptime,level,tags
 #1: stderr all=off uptime,level,tags

Environment Variables:
JAVA_HOME=C:\Users\27439\.jdks\corretto-17.0.10
CLASSPATH=C:\Users\27439\.jdks\corretto-17.0.10\lib\dt.jar;C:\Users\27439\.jdks\corretto-17.0.10\lib\tools.jar
PATH=C:\Users\27439\AppData\Local\Programs\Python\Python312;C:\Program Files (x86)\VMware\VMware Workstation\bin\;C:\WINDOWS\system32;C:\WINDOWS;C:\WINDOWS\System32\Wbem;C:\WINDOWS\System32\WindowsPowerShell\v1.0\;C:\WINDOWS\System32\OpenSSH\;C:\Program Files\NVIDIA Corporation\NVIDIA NvDLISR;C:\Program Files (x86)\NVIDIA Corporation\PhysX\Common;C:\Program Files\Git\cmd;C:\ProgramData\chocolatey\bin;C:\Users\27439\AppData\Roaming\nvm;C:\Program Files\nodejs;C:\Program Files\dotnet\;C:\Program Files\CMake\bin;;C:\Program Files (x86)\Tencent\微信web开发者工具\dll;C:\Program Files\Git LFS;C:\Program Files (x86)\Windows Kits\10\Windows Performance Toolkit\;C:\Users\27439\.cargo\bin;C:\Program Files\MySQL\MySQL Shell 8.0\bin\;C:\Users\27439\AppData\Local\pnpm;C:\Users\27439\AppData\Local\Microsoft\WindowsApps;C:\Users\27439\AppData\Local\JetBrains\Toolbox\scripts;C:\Users\27439\AppData\Roaming\npm;C:\Users\27439\AppData\Local\Android\Sdk\platform-tools;C:\Users\27439\AppData\Local\Android\Sdk\emulator;C:\Users\27439\AppData\Local\Android\Sdktools;C:\Users\27439\AppData\Local\Android\Sdktools\bin;C:\Users\27439\AppData\Local\Programs\Microsoft VS Code\bin;C:\Program Files\adb;C:\Users\27439\AppData\Local\GitHubDesktop\bin;C:\Users\27439\AppData\Roaming\nvm;C:\Program Files\nodejs;C:\Program Files\ffmpeg\bin;C:\Users\27439\AppData\Roaming\Pub\Cache\bin;C:\Users\27439\.sdk\flutter\bin;C:\Users\27439\.dotnet\tools;C:\Users\27439\.sdk\golib\bin;C:\Users\27439\.sdk\go\bin;C:\Users\27439\.sdk\hover-master;C:\Users\27439\.sdk\mingw64\bin;C:\Users\27439\.dotnet\tools;C:\Users\27439\AppData\Local\Programs\Python\Python312\Scripts;D:\编程;C:\Users\27439\.sdk\flutter3\bin;C:\Users\27439\AppData\Local\Android\Sdk\platform-tools;C:\Users\27439\AppData\Local\Android\Sdk\emulator;C:\Users\27439\AppData\Local\Android\Sdk\tools;C:\Users\27439\AppData\Local\Android\Sdk\tools\bin;C:\Users\27439\.jdks\corretto-17.0.10\bin;C:\Users\27439\AppData\Local\Packages\PythonSoftwareFoundation.Python.3.
USERNAME=27439
OS=Windows_NT
PROCESSOR_IDENTIFIER=AMD64 Family 25 Model 68 Stepping 1, AuthenticAMD
TMP=C:\Users\27439\AppData\Local\Temp
TEMP=C:\Users\27439\AppData\Local\Temp



Periodic native trim disabled


---------------  S Y S T E M  ---------------

OS:
 Windows 11 , 64 bit Build 22621 (10.0.22621.3958)
OS uptime: 1 days 22:23 hours
Hyper-V role detected

CPU: total 16 (initial active 16) (16 cores per cpu, 2 threads per core) family 25 model 68 stepping 1 microcode 0x0, cx8, cmov, fxsr, ht, mmx, 3dnowpref, sse, sse2, sse3, ssse3, sse4a, sse4.1, sse4.2, popcnt, lzcnt, tsc, tscinvbit, avx, avx2, aes, clmul, bmi1, bmi2, adx, sha, fma, vzeroupper, clflush, clflushopt, hv
Processor Information for all 16 processors :
  Max Mhz: 3201, Current Mhz: 3201, Mhz Limit: 3201

Memory: 4k page, system-wide physical 15613M (674M free)
TotalPageFile size 31578M (AvailPageFile size 302M)
current process WorkingSet (physical memory assigned to process): 986M, peak: 986M
current process commit charge ("private bytes"): 1185M, peak: 1691M

vm_info: OpenJDK 64-Bit Server VM (17.0.10+7-LTS) for windows-amd64 JRE (17.0.10+7-LTS), built on Jan 10 2024 22:11:07 by "Administrator" with MS VC++ 16.10 / 16.11 (VS2019)

END.
