#
# There is insufficient memory for the Java Runtime Environment to continue.
# Native memory allocation (malloc) failed to allocate 570896 bytes for Chunk::new
# Possible reasons:
#   The system is out of physical RAM or swap space
#   The process is running with CompressedOops enabled, and the Java Heap may be blocking the growth of the native heap
# Possible solutions:
#   Reduce memory load on the system
#   Increase physical memory or swap space
#   Check if swap backing store is full
#   Decrease Java heap size (-Xmx/-Xms)
#   Decrease number of Java threads
#   Decrease Java thread stack sizes (-Xss)
#   Set larger code cache with -XX:ReservedCodeCacheSize=
#   JVM is running with Zero Based Compressed Oops mode in which the Java heap is
#     placed in the first 32GB address space. The Java Heap base address is the
#     maximum limit for the native heap growth. Please use -XX:HeapBaseMinAddress
#     to set the Java Heap base and to place the Java Heap above 32GB virtual address.
# This output file may be truncated or incomplete.
#
#  Out of Memory Error (arena.cpp:191), pid=10856, tid=22384
#
# JRE version: OpenJDK Runtime Environment Corretto-17.0.10.7.1 (17.0.10+7) (build 17.0.10+7-LTS)
# Java VM: OpenJDK 64-Bit Server VM Corretto-17.0.10.7.1 (17.0.10+7-LTS, mixed mode, sharing, tiered, compressed oops, compressed class ptrs, g1 gc, windows-amd64)
# No core dump will be written. Minidumps are not enabled by default on client versions of Windows
#

---------------  S U M M A R Y ------------

Command Line: --add-opens=java.base/java.util.concurrent.atomic=ALL-UNNAMED -agentlib:jdwp=transport=dt_socket,server=n,suspend=y,address=127.0.0.1:59519 --add-opens=java.base/java.util=ALL-UNNAMED --add-opens=java.base/java.lang=ALL-UNNAMED --add-opens=java.base/java.lang.invoke=ALL-UNNAMED --add-opens=java.prefs/java.util.prefs=ALL-UNNAMED --add-opens=java.base/java.nio.charset=ALL-UNNAMED --add-opens=java.base/java.net=ALL-UNNAMED --add-opens=java.base/java.util.concurrent.atomic=ALL-UNNAMED -Xmx3g -Dfile.encoding=UTF-8 -Duser.country=CN -Duser.language=zh -Duser.variant -javaagent:C:\Users\27439\.gradle\wrapper\dists\gradle-8.2-all\2q3bs1ik8c4yxxdwn9pbenul9\gradle-8.2\lib\agents\gradle-instrumentation-agent-8.2.jar org.gradle.launcher.daemon.bootstrap.GradleDaemon 8.2

Host: AMD Ryzen 7 6800H with Radeon Graphics         , 16 cores, 15G,  Windows 11 , 64 bit Build 22621 (10.0.22621.3672)
Time: Mon Jul 29 14:13:31 2024  Windows 11 , 64 bit Build 22621 (10.0.22621.3672) elapsed time: 34.433091 seconds (0d 0h 0m 34s)

---------------  T H R E A D  ---------------

Current thread (0x0000021d72176350):  JavaThread "C2 CompilerThread1" daemon [_thread_in_native, id=22384, stack(0x00000076d7b00000,0x00000076d7c00000)]


Current CompileTask:
C2:  34433 20587 %     4       org.gradle.internal.logging.text.AbstractLineChoppingStyledTextOutput::doAppend @ 10 (43 bytes)

Stack: [0x00000076d7b00000,0x00000076d7c00000]
Native frames: (J=compiled Java code, j=interpreted, Vv=VM code, C=native code)
V  [jvm.dll+0x67d2c9]
V  [jvm.dll+0x834b1a]
V  [jvm.dll+0x8365de]
V  [jvm.dll+0x836c43]
V  [jvm.dll+0x2477ff]
V  [jvm.dll+0xac514]
V  [jvm.dll+0xacb5c]
V  [jvm.dll+0x2aed1f]
V  [jvm.dll+0x584b67]
V  [jvm.dll+0x2228a2]
V  [jvm.dll+0x21ba9e]
V  [jvm.dll+0x219201]
V  [jvm.dll+0x1a502d]
V  [jvm.dll+0x2290de]
V  [jvm.dll+0x2272ac]
V  [jvm.dll+0x7e9bd7]
V  [jvm.dll+0x7e3fda]
V  [jvm.dll+0x67c1b5]
C  [ucrtbase.dll+0x29333]
C  [KERNEL32.DLL+0x1257d]
C  [ntdll.dll+0x5af28]


---------------  P R O C E S S  ---------------

Threads class SMR info:
_java_thread_list=0x0000021d6ce46d60, length=185, elements={
0x0000021d01df1b60, 0x0000021d23371780, 0x0000021d23372600, 0x0000021d233913c0,
0x0000021d233930f0, 0x0000021d23395ac0, 0x0000021d23396ca0, 0x0000021d23397a40,
0x0000021d233a3a00, 0x0000021d233a4400, 0x0000021d23455b00, 0x0000021d22ac87c0,
0x0000021d235cb8c0, 0x0000021d235cdf70, 0x0000021d23626400, 0x0000021d2361f590,
0x0000021d6abb2410, 0x0000021d239ec9d0, 0x0000021d69f115b0, 0x0000021d69f27b80,
0x0000021d69f28060, 0x0000021d69f4fbe0, 0x0000021d6a1aa830, 0x0000021d69216400,
0x0000021d692154d0, 0x0000021d692159e0, 0x0000021d6ac9a170, 0x0000021d6ac9cf00,
0x0000021d6ac9c9f0, 0x0000021d6ac9a680, 0x0000021d6ac9ab90, 0x0000021d6ac9de30,
0x0000021d6ac9d410, 0x0000021d6ac9b0a0, 0x0000021d6ac9e340, 0x0000021d6ac99240,
0x0000021d6ac9ed60, 0x0000021d6ac9bac0, 0x0000021d6ac9f270, 0x0000021d6ac99750,
0x0000021d6ac9d920, 0x0000021d6ac99c60, 0x0000021d6bf1eb80, 0x0000021d6bf1d230,
0x0000021d6bf19a80, 0x0000021d6bf1f090, 0x0000021d6bf1f5a0, 0x0000021d6bf1b3d0,
0x0000021d6bf1b8e0, 0x0000021d6bf1a9b0, 0x0000021d6bf1c810, 0x0000021d6bf204d0,
0x0000021d6bf1fab0, 0x0000021d6bf1ffc0, 0x0000021d6bf19060, 0x0000021d6bf209e0,
0x0000021d6bf1bdf0, 0x0000021d6bf1d740, 0x0000021d6bf19f90, 0x0000021d6bf1a4a0,
0x0000021d6bf19570, 0x0000021d6bf1aec0, 0x0000021d6bf1c300, 0x0000021d6bf1cd20,
0x0000021d6bf1dc50, 0x0000021d6bf1e160, 0x0000021d6bf1e670, 0x0000021d69215ef0,
0x0000021d69214ab0, 0x0000021d6ac9bfd0, 0x0000021d6e842210, 0x0000021d6e83ada0,
0x0000021d6e83c6f0, 0x0000021d6e83e550, 0x0000021d6e83ea60, 0x0000021d6e83f480,
0x0000021d6e83f990, 0x0000021d6e83d110, 0x0000021d6e8417f0, 0x0000021d6e83d620,
0x0000021d6e841d00, 0x0000021d6e83e040, 0x0000021d6e83b7c0, 0x0000021d6e83ef70,
0x0000021d6e83bcd0, 0x0000021d6e83c1e0, 0x0000021d72949990, 0x0000021d7294d140,
0x0000021d7294cc30, 0x0000021d72949ea0, 0x0000021d7294b2e0, 0x0000021d7294b7f0,
0x0000021d7294bd00, 0x0000021d7294c210, 0x0000021d7294c720, 0x0000021d7294a3b0,
0x0000021d7294a8c0, 0x0000021d7294add0, 0x0000021d6ac9c4e0, 0x0000021d6b4a0480,
0x0000021d6b4a13b0, 0x0000021d6b4a18c0, 0x0000021d6b4a69c0, 0x0000021d6b4a27f0,
0x0000021d6b4a1dd0, 0x0000021d6b4a22e0, 0x0000021d6b4a3210, 0x0000021d6b4a3c30,
0x0000021d6b4a2d00, 0x0000021d6b4a5a90, 0x0000021d6b4a4140, 0x0000021d6b4a4650,
0x0000021d6b4a64b0, 0x0000021d6b4a3720, 0x0000021d6b4a4b60, 0x0000021d6b4a5fa0,
0x0000021d6b4a5580, 0x0000021d6b4a6ed0, 0x0000021d6b4a73e0, 0x0000021d6b49ff70,
0x0000021d6b4a78f0, 0x0000021d6b4a0ea0, 0x0000021d6b4a0990, 0x0000021d6e9d7e40,
0x0000021d6e9da1b0, 0x0000021d6e9db5f0, 0x0000021d6e9d55c0, 0x0000021d6e9d64f0,
0x0000021d6e9d8860, 0x0000021d6e9d8350, 0x0000021d6e9d8d70, 0x0000021d6e9d9ca0,
0x0000021d6e9dbb00, 0x0000021d6e9d9280, 0x0000021d6e9d9790, 0x0000021d6e9da6c0,
0x0000021d6e9dabd0, 0x0000021d6e9dc010, 0x0000021d6e9d5ad0, 0x0000021d6e9dca30,
0x0000021d6e9dc520, 0x0000021d6e9d6f10, 0x0000021d6e9dcf40, 0x0000021d6e9d7930,
0x0000021d6b4a5070, 0x0000021d6bf78a10, 0x0000021d6bf76190, 0x0000021d6bf72ef0,
0x0000021d6bf71ab0, 0x0000021d6bf729e0, 0x0000021d6bf75260, 0x0000021d6bf766a0,
0x0000021d6bf78f20, 0x0000021d6bf73e20, 0x0000021d6bf71fc0, 0x0000021d6bf74840,
0x0000021d6bf75c80, 0x0000021d6bf73400, 0x0000021d6bf77ff0, 0x0000021d6e9d5fe0,
0x0000021d6bf78500, 0x0000021d6e524400, 0x0000021d6e51f300, 0x0000021d6e524e20,
0x0000021d6e523ef0, 0x0000021d6e5225a0, 0x0000021d6e51f810, 0x0000021d6e524910,
0x0000021d6e525330, 0x0000021d6e5234d0, 0x0000021d6e525d50, 0x0000021d6e51edf0,
0x0000021d6e525840, 0x0000021d6e5239e0, 0x0000021d6e51fd20, 0x0000021d6e526260,
0x0000021d6e526770, 0x0000021d6e520230, 0x0000021d7cd7e880, 0x0000021d7cd7cf30,
0x0000021d7cd77920, 0x0000021d7cd7b0d0, 0x0000021d7cd78850, 0x0000021d72175e00,
0x0000021d72176350
}

Java Threads: ( => current thread )
  0x0000021d01df1b60 JavaThread "main" [_thread_blocked, id=21756, stack(0x00000076d5600000,0x00000076d5700000)]
  0x0000021d23371780 JavaThread "Reference Handler" daemon [_thread_blocked, id=21956, stack(0x00000076d5d00000,0x00000076d5e00000)]
  0x0000021d23372600 JavaThread "Finalizer" daemon [_thread_blocked, id=22340, stack(0x00000076d5e00000,0x00000076d5f00000)]
  0x0000021d233913c0 JavaThread "Signal Dispatcher" daemon [_thread_blocked, id=2720, stack(0x00000076d5f00000,0x00000076d6000000)]
  0x0000021d233930f0 JavaThread "Attach Listener" daemon [_thread_blocked, id=21532, stack(0x00000076d6000000,0x00000076d6100000)]
  0x0000021d23395ac0 JavaThread "Service Thread" daemon [_thread_blocked, id=20800, stack(0x00000076d6100000,0x00000076d6200000)]
  0x0000021d23396ca0 JavaThread "Monitor Deflation Thread" daemon [_thread_blocked, id=14576, stack(0x00000076d6200000,0x00000076d6300000)]
  0x0000021d23397a40 JavaThread "C2 CompilerThread0" daemon [_thread_blocked, id=23252, stack(0x00000076d6300000,0x00000076d6400000)]
  0x0000021d233a3a00 JavaThread "C1 CompilerThread0" daemon [_thread_blocked, id=21248, stack(0x00000076d6400000,0x00000076d6500000)]
  0x0000021d233a4400 JavaThread "Sweeper thread" daemon [_thread_blocked, id=21524, stack(0x00000076d6500000,0x00000076d6600000)]
  0x0000021d23455b00 JavaThread "C1 CompilerThread1" daemon [_thread_blocked, id=6012, stack(0x00000076d6600000,0x00000076d6700000)]
  0x0000021d22ac87c0 JavaThread "Common-Cleaner" daemon [_thread_blocked, id=10512, stack(0x00000076d6700000,0x00000076d6800000)]
  0x0000021d235cb8c0 JavaThread "JDWP Transport Listener: dt_socket" daemon [_thread_blocked, id=23424, stack(0x00000076d6a00000,0x00000076d6b00000)]
  0x0000021d235cdf70 JavaThread "JDWP Event Helper Thread" daemon [_thread_blocked, id=15264, stack(0x00000076d6b00000,0x00000076d6c00000)]
  0x0000021d23626400 JavaThread "JDWP Command Reader" daemon [_thread_in_native, id=21144, stack(0x00000076d6c00000,0x00000076d6d00000)]
  0x0000021d2361f590 JavaThread "Notification Thread" daemon [_thread_blocked, id=20564, stack(0x00000076d6d00000,0x00000076d6e00000)]
  0x0000021d6abb2410 JavaThread "Daemon health stats" [_thread_blocked, id=11272, stack(0x00000076d7a00000,0x00000076d7b00000)]
  0x0000021d239ec9d0 JavaThread "Incoming local TCP Connector on port 59524" [_thread_in_native, id=2664, stack(0x00000076d6f00000,0x00000076d7000000)]
  0x0000021d69f115b0 JavaThread "Daemon periodic checks" [_thread_blocked, id=23216, stack(0x00000076d7c00000,0x00000076d7d00000)]
  0x0000021d69f27b80 JavaThread "Daemon" [_thread_blocked, id=21312, stack(0x00000076d7d00000,0x00000076d7e00000)]
  0x0000021d69f28060 JavaThread "Handler for socket connection from /127.0.0.1:59524 to /127.0.0.1:59525" [_thread_in_native, id=22960, stack(0x00000076d7e00000,0x00000076d7f00000)]
  0x0000021d69f4fbe0 JavaThread "Cancel handler" [_thread_blocked, id=20744, stack(0x00000076d7f00000,0x00000076d8000000)]
  0x0000021d6a1aa830 JavaThread "Daemon worker" [_thread_blocked, id=23268, stack(0x00000076d8000000,0x00000076d8100000)]
  0x0000021d69216400 JavaThread "Asynchronous log dispatcher for DefaultDaemonConnection: socket connection from /127.0.0.1:59524 to /127.0.0.1:59525" [_thread_blocked, id=16952, stack(0x00000076d8100000,0x00000076d8200000)]
  0x0000021d692154d0 JavaThread "Stdin handler" [_thread_blocked, id=21692, stack(0x00000076d8200000,0x00000076d8300000)]
  0x0000021d692159e0 JavaThread "Daemon client event forwarder" [_thread_blocked, id=23080, stack(0x00000076d8300000,0x00000076d8400000)]
  0x0000021d6ac9a170 JavaThread "Cache worker for journal cache (C:\Users\27439\.gradle\caches\journal-1)" [_thread_blocked, id=20772, stack(0x00000076d8400000,0x00000076d8500000)]
  0x0000021d6ac9cf00 JavaThread "File lock request listener" [_thread_in_native, id=14804, stack(0x00000076d8500000,0x00000076d8600000)]
  0x0000021d6ac9c9f0 JavaThread "Cache worker for file hash cache (C:\Users\27439\.gradle\caches\8.2\fileHashes)" [_thread_blocked, id=20056, stack(0x00000076d8600000,0x00000076d8700000)]
  0x0000021d6ac9a680 JavaThread "File watcher server" daemon [_thread_in_native, id=8796, stack(0x00000076d8800000,0x00000076d8900000)]
  0x0000021d6ac9ab90 JavaThread "File watcher consumer" daemon [_thread_blocked, id=14176, stack(0x00000076d8900000,0x00000076d8a00000)]
  0x0000021d6ac9de30 JavaThread "Cache worker for checksums cache (D:\Code\intellij\intellij-cangjie-lsp\.gradle\8.2\checksums)" [_thread_blocked, id=22880, stack(0x00000076d8a00000,0x00000076d8b00000)]
  0x0000021d6ac9d410 JavaThread "Cache worker for cache directory md-rule (C:\Users\27439\.gradle\caches\8.2\md-rule)" [_thread_blocked, id=23100, stack(0x00000076d8b00000,0x00000076d8c00000)]
  0x0000021d6ac9b0a0 JavaThread "Cache worker for file content cache (C:\Users\27439\.gradle\caches\8.2\fileContent)" [_thread_blocked, id=20748, stack(0x00000076d9100000,0x00000076d9200000)]
  0x0000021d6ac9e340 JavaThread "Cache worker for file hash cache (D:\Code\intellij\intellij-cangjie-lsp\.gradle\8.2\fileHashes)" [_thread_blocked, id=17604, stack(0x00000076d9200000,0x00000076d9300000)]
  0x0000021d6ac99240 JavaThread "Cache worker for cache directory md-supplier (C:\Users\27439\.gradle\caches\8.2\md-supplier)" [_thread_blocked, id=15280, stack(0x00000076d9300000,0x00000076d9400000)]
  0x0000021d6ac9ed60 JavaThread "Cache worker for execution history cache (C:\Users\27439\.gradle\caches\8.2\executionHistory)" [_thread_blocked, id=22848, stack(0x00000076d9400000,0x00000076d9500000)]
  0x0000021d6ac9bac0 JavaThread "jar transforms" [_thread_blocked, id=3476, stack(0x00000076d9500000,0x00000076d9600000)]
  0x0000021d6ac9f270 JavaThread "jar transforms Thread 2" [_thread_blocked, id=21612, stack(0x00000076d9600000,0x00000076d9700000)]
  0x0000021d6ac99750 JavaThread "jar transforms Thread 3" [_thread_blocked, id=20672, stack(0x00000076d9900000,0x00000076d9a00000)]
  0x0000021d6ac9d920 JavaThread "jar transforms Thread 4" [_thread_blocked, id=21388, stack(0x00000076d9800000,0x00000076d9900000)]
  0x0000021d6ac99c60 JavaThread "jar transforms Thread 5" [_thread_blocked, id=9040, stack(0x00000076d9a00000,0x00000076d9b00000)]
  0x0000021d6bf1eb80 JavaThread "jar transforms Thread 6" [_thread_blocked, id=1856, stack(0x00000076d9b00000,0x00000076d9c00000)]
  0x0000021d6bf1d230 JavaThread "Cache worker for kotlin-dsl (C:\Users\27439\.gradle\caches\8.2\kotlin-dsl)" [_thread_blocked, id=13576, stack(0x00000076d9c00000,0x00000076d9d00000)]
  0x0000021d6bf19a80 JavaThread "jar transforms Thread 7" [_thread_blocked, id=21836, stack(0x00000076d9d00000,0x00000076d9e00000)]
  0x0000021d6bf1f090 JavaThread "jar transforms Thread 8" [_thread_blocked, id=3100, stack(0x00000076d9e00000,0x00000076d9f00000)]
  0x0000021d6bf1f5a0 JavaThread "jar transforms Thread 9" [_thread_blocked, id=22376, stack(0x00000076d9f00000,0x00000076da000000)]
  0x0000021d6bf1b3d0 JavaThread "jar transforms Thread 10" [_thread_blocked, id=22824, stack(0x00000076da000000,0x00000076da100000)]
  0x0000021d6bf1b8e0 JavaThread "Cache worker for dependencies-accessors (D:\Code\intellij\intellij-cangjie-lsp\.gradle\8.2\dependencies-accessors)" [_thread_blocked, id=6612, stack(0x00000076da100000,0x00000076da200000)]
  0x0000021d6bf1a9b0 JavaThread "Cache worker for Build Output Cleanup Cache (D:\Code\intellij\intellij-cangjie-lsp\.gradle\buildOutputCleanup)" [_thread_blocked, id=13600, stack(0x00000076da200000,0x00000076da300000)]
  0x0000021d6bf1c810 JavaThread "jar transforms Thread 11" [_thread_blocked, id=1428, stack(0x00000076da300000,0x00000076da400000)]
  0x0000021d6bf204d0 JavaThread "jar transforms Thread 12" [_thread_blocked, id=9576, stack(0x00000076da400000,0x00000076da500000)]
  0x0000021d6bf1fab0 JavaThread "Unconstrained build operations" [_thread_blocked, id=10032, stack(0x00000076da500000,0x00000076da600000)]
  0x0000021d6bf1ffc0 JavaThread "Unconstrained build operations Thread 2" [_thread_blocked, id=22760, stack(0x00000076da600000,0x00000076da700000)]
  0x0000021d6bf19060 JavaThread "Unconstrained build operations Thread 3" [_thread_blocked, id=22944, stack(0x00000076da700000,0x00000076da800000)]
  0x0000021d6bf209e0 JavaThread "Unconstrained build operations Thread 4" [_thread_blocked, id=22508, stack(0x00000076da800000,0x00000076da900000)]
  0x0000021d6bf1bdf0 JavaThread "Unconstrained build operations Thread 5" [_thread_blocked, id=19576, stack(0x00000076da900000,0x00000076daa00000)]
  0x0000021d6bf1d740 JavaThread "Unconstrained build operations Thread 6" [_thread_blocked, id=21712, stack(0x00000076daa00000,0x00000076dab00000)]
  0x0000021d6bf19f90 JavaThread "Unconstrained build operations Thread 7" [_thread_blocked, id=18784, stack(0x00000076dab00000,0x00000076dac00000)]
  0x0000021d6bf1a4a0 JavaThread "Unconstrained build operations Thread 8" [_thread_blocked, id=14188, stack(0x00000076dac00000,0x00000076dad00000)]
  0x0000021d6bf19570 JavaThread "Unconstrained build operations Thread 9" [_thread_blocked, id=23056, stack(0x00000076dad00000,0x00000076dae00000)]
  0x0000021d6bf1aec0 JavaThread "Unconstrained build operations Thread 10" [_thread_blocked, id=21500, stack(0x00000076dae00000,0x00000076daf00000)]
  0x0000021d6bf1c300 JavaThread "Unconstrained build operations Thread 11" [_thread_blocked, id=20860, stack(0x00000076daf00000,0x00000076db000000)]
  0x0000021d6bf1cd20 JavaThread "Unconstrained build operations Thread 12" [_thread_blocked, id=22020, stack(0x00000076db000000,0x00000076db100000)]
  0x0000021d6bf1dc50 JavaThread "Unconstrained build operations Thread 13" [_thread_blocked, id=21436, stack(0x00000076db100000,0x00000076db200000)]
  0x0000021d6bf1e160 JavaThread "Unconstrained build operations Thread 14" [_thread_blocked, id=2900, stack(0x00000076db200000,0x00000076db300000)]
  0x0000021d6bf1e670 JavaThread "Unconstrained build operations Thread 15" [_thread_blocked, id=20372, stack(0x00000076db300000,0x00000076db400000)]
  0x0000021d69215ef0 JavaThread "jar transforms Thread 13" [_thread_blocked, id=21884, stack(0x00000076db400000,0x00000076db500000)]
  0x0000021d69214ab0 JavaThread "jar transforms Thread 14" [_thread_blocked, id=22336, stack(0x00000076db500000,0x00000076db600000)]
  0x0000021d6ac9bfd0 JavaThread "jar transforms Thread 15" [_thread_blocked, id=21724, stack(0x00000076db600000,0x00000076db700000)]
  0x0000021d6e842210 JavaThread "jar transforms Thread 16" [_thread_blocked, id=2124, stack(0x00000076db700000,0x00000076db800000)]
  0x0000021d6e83ada0 JavaThread "build event listener" [_thread_blocked, id=17840, stack(0x00000076db800000,0x00000076db900000)]
  0x0000021d6e83c6f0 JavaThread "Memory manager" [_thread_blocked, id=10612, stack(0x00000076db900000,0x00000076dba00000)]
  0x0000021d6e83e550 JavaThread "Unconstrained build operations Thread 16" [_thread_blocked, id=14928, stack(0x00000076dba00000,0x00000076dbb00000)]
  0x0000021d6e83ea60 JavaThread "Unconstrained build operations Thread 17" [_thread_blocked, id=22420, stack(0x00000076dbb00000,0x00000076dbc00000)]
  0x0000021d6e83f480 JavaThread "Unconstrained build operations Thread 18" [_thread_blocked, id=11096, stack(0x00000076dbc00000,0x00000076dbd00000)]
  0x0000021d6e83f990 JavaThread "Unconstrained build operations Thread 19" [_thread_blocked, id=21872, stack(0x00000076dbd00000,0x00000076dbe00000)]
  0x0000021d6e83d110 JavaThread "Unconstrained build operations Thread 20" [_thread_blocked, id=11048, stack(0x00000076dbe00000,0x00000076dbf00000)]
  0x0000021d6e8417f0 JavaThread "Unconstrained build operations Thread 21" [_thread_blocked, id=17588, stack(0x00000076dbf00000,0x00000076dc000000)]
  0x0000021d6e83d620 JavaThread "Unconstrained build operations Thread 22" [_thread_blocked, id=20584, stack(0x00000076dc000000,0x00000076dc100000)]
  0x0000021d6e841d00 JavaThread "Unconstrained build operations Thread 23" [_thread_blocked, id=18488, stack(0x00000076dc100000,0x00000076dc200000)]
  0x0000021d6e83e040 JavaThread "Unconstrained build operations Thread 24" [_thread_blocked, id=23496, stack(0x00000076dc200000,0x00000076dc300000)]
  0x0000021d6e83b7c0 JavaThread "Unconstrained build operations Thread 25" [_thread_blocked, id=21108, stack(0x00000076dc300000,0x00000076dc400000)]
  0x0000021d6e83ef70 JavaThread "Unconstrained build operations Thread 26" [_thread_blocked, id=15588, stack(0x00000076dc400000,0x00000076dc500000)]
  0x0000021d6e83bcd0 JavaThread "Unconstrained build operations Thread 27" [_thread_blocked, id=2444, stack(0x00000076dc500000,0x00000076dc600000)]
  0x0000021d6e83c1e0 JavaThread "Unconstrained build operations Thread 28" [_thread_blocked, id=20484, stack(0x00000076dc600000,0x00000076dc700000)]
  0x0000021d72949990 JavaThread "Unconstrained build operations Thread 29" [_thread_blocked, id=2468, stack(0x00000076dc700000,0x00000076dc800000)]
  0x0000021d7294d140 JavaThread "Unconstrained build operations Thread 30" [_thread_blocked, id=4492, stack(0x00000076dc800000,0x00000076dc900000)]
  0x0000021d7294cc30 JavaThread "Unconstrained build operations Thread 31" [_thread_blocked, id=3412, stack(0x00000076dc900000,0x00000076dca00000)]
  0x0000021d72949ea0 JavaThread "Unconstrained build operations Thread 32" [_thread_blocked, id=21336, stack(0x00000076dca00000,0x00000076dcb00000)]
  0x0000021d7294b2e0 JavaThread "Unconstrained build operations Thread 33" [_thread_blocked, id=21696, stack(0x00000076dcb00000,0x00000076dcc00000)]
  0x0000021d7294b7f0 JavaThread "Exec process" [_thread_in_native, id=19256, stack(0x00000076dcc00000,0x00000076dcd00000)]
  0x0000021d7294bd00 JavaThread "Exec process Thread 2" [_thread_in_native, id=6052, stack(0x00000076dcd00000,0x00000076dce00000)]
  0x0000021d7294c210 JavaThread "Exec process Thread 3" [_thread_in_native, id=10104, stack(0x00000076dce00000,0x00000076dcf00000)]
  0x0000021d7294c720 JavaThread "Unconstrained build operations Thread 34" [_thread_blocked, id=13884, stack(0x00000076d8700000,0x00000076d8800000)]
  0x0000021d7294a3b0 JavaThread "Unconstrained build operations Thread 35" [_thread_blocked, id=23528, stack(0x00000076dcf00000,0x00000076dd000000)]
  0x0000021d7294a8c0 JavaThread "Unconstrained build operations Thread 36" [_thread_blocked, id=22732, stack(0x00000076dd000000,0x00000076dd100000)]
  0x0000021d7294add0 JavaThread "Unconstrained build operations Thread 37" [_thread_blocked, id=4552, stack(0x00000076dd100000,0x00000076dd200000)]
  0x0000021d6ac9c4e0 JavaThread "Unconstrained build operations Thread 38" [_thread_blocked, id=21812, stack(0x00000076dd200000,0x00000076dd300000)]
  0x0000021d6b4a0480 JavaThread "Unconstrained build operations Thread 39" [_thread_blocked, id=21296, stack(0x00000076dd300000,0x00000076dd400000)]
  0x0000021d6b4a13b0 JavaThread "Unconstrained build operations Thread 40" [_thread_blocked, id=17776, stack(0x00000076dd400000,0x00000076dd500000)]
  0x0000021d6b4a18c0 JavaThread "Unconstrained build operations Thread 41" [_thread_blocked, id=5700, stack(0x00000076dd500000,0x00000076dd600000)]
  0x0000021d6b4a69c0 JavaThread "Unconstrained build operations Thread 42" [_thread_blocked, id=15676, stack(0x00000076dd600000,0x00000076dd700000)]
  0x0000021d6b4a27f0 JavaThread "Unconstrained build operations Thread 43" [_thread_blocked, id=23228, stack(0x00000076dd700000,0x00000076dd800000)]
  0x0000021d6b4a1dd0 JavaThread "Unconstrained build operations Thread 44" [_thread_blocked, id=20416, stack(0x00000076dd800000,0x00000076dd900000)]
  0x0000021d6b4a22e0 JavaThread "Unconstrained build operations Thread 45" [_thread_blocked, id=22556, stack(0x00000076dd900000,0x00000076dda00000)]
  0x0000021d6b4a3210 JavaThread "Unconstrained build operations Thread 46" [_thread_blocked, id=21592, stack(0x00000076dda00000,0x00000076ddb00000)]
  0x0000021d6b4a3c30 JavaThread "Unconstrained build operations Thread 47" [_thread_blocked, id=22628, stack(0x00000076ddb00000,0x00000076ddc00000)]
  0x0000021d6b4a2d00 JavaThread "Unconstrained build operations Thread 48" [_thread_blocked, id=2940, stack(0x00000076ddc00000,0x00000076ddd00000)]
  0x0000021d6b4a5a90 JavaThread "Unconstrained build operations Thread 49" [_thread_blocked, id=5068, stack(0x00000076ddd00000,0x00000076dde00000)]
  0x0000021d6b4a4140 JavaThread "Unconstrained build operations Thread 50" [_thread_blocked, id=20952, stack(0x00000076dde00000,0x00000076ddf00000)]
  0x0000021d6b4a4650 JavaThread "Unconstrained build operations Thread 51" [_thread_blocked, id=10244, stack(0x00000076ddf00000,0x00000076de000000)]
  0x0000021d6b4a64b0 JavaThread "Unconstrained build operations Thread 52" [_thread_blocked, id=22256, stack(0x00000076de000000,0x00000076de100000)]
  0x0000021d6b4a3720 JavaThread "Unconstrained build operations Thread 53" [_thread_blocked, id=17004, stack(0x00000076de100000,0x00000076de200000)]
  0x0000021d6b4a4b60 JavaThread "Unconstrained build operations Thread 54" [_thread_blocked, id=21780, stack(0x00000076de200000,0x00000076de300000)]
  0x0000021d6b4a5fa0 JavaThread "Unconstrained build operations Thread 55" [_thread_blocked, id=11792, stack(0x00000076de300000,0x00000076de400000)]
  0x0000021d6b4a5580 JavaThread "Unconstrained build operations Thread 56" [_thread_blocked, id=9356, stack(0x00000076de400000,0x00000076de500000)]
  0x0000021d6b4a6ed0 JavaThread "Unconstrained build operations Thread 57" [_thread_blocked, id=21928, stack(0x00000076de500000,0x00000076de600000)]
  0x0000021d6b4a73e0 JavaThread "Unconstrained build operations Thread 58" [_thread_blocked, id=3024, stack(0x00000076de600000,0x00000076de700000)]
  0x0000021d6b49ff70 JavaThread "Unconstrained build operations Thread 59" [_thread_blocked, id=9344, stack(0x00000076de700000,0x00000076de800000)]
  0x0000021d6b4a78f0 JavaThread "Unconstrained build operations Thread 60" [_thread_blocked, id=4412, stack(0x00000076de800000,0x00000076de900000)]
  0x0000021d6b4a0ea0 JavaThread "Unconstrained build operations Thread 61" [_thread_blocked, id=21456, stack(0x00000076de900000,0x00000076dea00000)]
  0x0000021d6b4a0990 JavaThread "Unconstrained build operations Thread 62" [_thread_blocked, id=22488, stack(0x00000076dea00000,0x00000076deb00000)]
  0x0000021d6e9d7e40 JavaThread "Unconstrained build operations Thread 63" [_thread_blocked, id=18148, stack(0x00000076deb00000,0x00000076dec00000)]
  0x0000021d6e9da1b0 JavaThread "Unconstrained build operations Thread 64" [_thread_blocked, id=23420, stack(0x00000076dec00000,0x00000076ded00000)]
  0x0000021d6e9db5f0 JavaThread "Unconstrained build operations Thread 65" [_thread_blocked, id=4772, stack(0x00000076ded00000,0x00000076dee00000)]
  0x0000021d6e9d55c0 JavaThread "Unconstrained build operations Thread 66" [_thread_blocked, id=14260, stack(0x00000076dee00000,0x00000076def00000)]
  0x0000021d6e9d64f0 JavaThread "Unconstrained build operations Thread 67" [_thread_blocked, id=22704, stack(0x00000076def00000,0x00000076df000000)]
  0x0000021d6e9d8860 JavaThread "Unconstrained build operations Thread 68" [_thread_blocked, id=14644, stack(0x00000076df000000,0x00000076df100000)]
  0x0000021d6e9d8350 JavaThread "included builds" [_thread_blocked, id=18564, stack(0x00000076df500000,0x00000076df600000)]
  0x0000021d6e9d8d70 JavaThread "Execution worker" [_thread_blocked, id=12980, stack(0x00000076df600000,0x00000076df700000)]
  0x0000021d6e9d9ca0 JavaThread "Execution worker Thread 2" [_thread_blocked, id=21644, stack(0x00000076df700000,0x00000076df800000)]
  0x0000021d6e9dbb00 JavaThread "Execution worker Thread 3" [_thread_blocked, id=22456, stack(0x00000076df800000,0x00000076df900000)]
  0x0000021d6e9d9280 JavaThread "Execution worker Thread 4" [_thread_blocked, id=14812, stack(0x00000076df900000,0x00000076dfa00000)]
  0x0000021d6e9d9790 JavaThread "Execution worker Thread 5" [_thread_blocked, id=19480, stack(0x00000076dfa00000,0x00000076dfb00000)]
  0x0000021d6e9da6c0 JavaThread "Execution worker Thread 6" [_thread_blocked, id=21256, stack(0x00000076dfb00000,0x00000076dfc00000)]
  0x0000021d6e9dabd0 JavaThread "Execution worker Thread 7" [_thread_blocked, id=19368, stack(0x00000076dfc00000,0x00000076dfd00000)]
  0x0000021d6e9dc010 JavaThread "Execution worker Thread 8" [_thread_blocked, id=7612, stack(0x00000076dfd00000,0x00000076dfe00000)]
  0x0000021d6e9d5ad0 JavaThread "Execution worker Thread 9" [_thread_blocked, id=21132, stack(0x00000076dfe00000,0x00000076dff00000)]
  0x0000021d6e9dca30 JavaThread "Execution worker Thread 10" [_thread_blocked, id=19784, stack(0x00000076dff00000,0x00000076e0000000)]
  0x0000021d6e9dc520 JavaThread "Execution worker Thread 11" [_thread_blocked, id=8140, stack(0x00000076e0000000,0x00000076e0100000)]
  0x0000021d6e9d6f10 JavaThread "Execution worker Thread 12" [_thread_blocked, id=7496, stack(0x00000076e0100000,0x00000076e0200000)]
  0x0000021d6e9dcf40 JavaThread "Execution worker Thread 13" [_thread_blocked, id=18220, stack(0x00000076e0200000,0x00000076e0300000)]
  0x0000021d6e9d7930 JavaThread "Execution worker Thread 14" [_thread_blocked, id=16752, stack(0x00000076e0300000,0x00000076e0400000)]
  0x0000021d6b4a5070 JavaThread "Execution worker Thread 15" [_thread_blocked, id=13568, stack(0x00000076e0400000,0x00000076e0500000)]
  0x0000021d6bf78a10 JavaThread "Cache worker for execution history cache (D:\Code\intellij\intellij-cangjie-lsp\.gradle\8.2\executionHistory)" [_thread_blocked, id=7356, stack(0x00000076e0500000,0x00000076e0600000)]
  0x0000021d6bf76190 JavaThread "Unconstrained build operations Thread 69" [_thread_blocked, id=23012, stack(0x00000076e0600000,0x00000076e0700000)]
  0x0000021d6bf72ef0 JavaThread "Unconstrained build operations Thread 70" [_thread_blocked, id=19088, stack(0x00000076e0700000,0x00000076e0800000)]
  0x0000021d6bf71ab0 JavaThread "Unconstrained build operations Thread 71" [_thread_blocked, id=19144, stack(0x00000076e0800000,0x00000076e0900000)]
  0x0000021d6bf729e0 JavaThread "Unconstrained build operations Thread 72" [_thread_blocked, id=22472, stack(0x00000076e0900000,0x00000076e0a00000)]
  0x0000021d6bf75260 JavaThread "Unconstrained build operations Thread 73" [_thread_blocked, id=22652, stack(0x00000076e0a00000,0x00000076e0b00000)]
  0x0000021d6bf766a0 JavaThread "Unconstrained build operations Thread 74" [_thread_blocked, id=15276, stack(0x00000076e0b00000,0x00000076e0c00000)]
  0x0000021d6bf78f20 JavaThread "Unconstrained build operations Thread 75" [_thread_blocked, id=20708, stack(0x00000076e0c00000,0x00000076e0d00000)]
  0x0000021d6bf73e20 JavaThread "Unconstrained build operations Thread 76" [_thread_blocked, id=20844, stack(0x00000076e0d00000,0x00000076e0e00000)]
  0x0000021d6bf71fc0 JavaThread "Unconstrained build operations Thread 77" [_thread_blocked, id=13948, stack(0x00000076e0e00000,0x00000076e0f00000)]
  0x0000021d6bf74840 JavaThread "Unconstrained build operations Thread 78" [_thread_blocked, id=11760, stack(0x00000076e0f00000,0x00000076e1000000)]
  0x0000021d6bf75c80 JavaThread "WorkerExecutor Queue" [_thread_blocked, id=8040, stack(0x00000076df200000,0x00000076df300000)]
  0x0000021d6bf73400 JavaThread "RMI Scheduler(0)" daemon [_thread_blocked, id=23500, stack(0x00000076df300000,0x00000076df400000)]
  0x0000021d6bf77ff0 JavaThread "RMI GC Daemon" daemon [_thread_blocked, id=1568, stack(0x00000076e1000000,0x00000076e1100000)]
  0x0000021d6e9d5fe0 JavaThread "RMI TCP Accept-0" daemon [_thread_in_native, id=23172, stack(0x00000076e1100000,0x00000076e1200000)]
  0x0000021d6bf78500 JavaThread "RMI Reaper" [_thread_blocked, id=21228, stack(0x00000076e1200000,0x00000076e1300000)]
  0x0000021d6e524400 JavaThread "RMI TCP Connection(1)-127.0.0.1" daemon [_thread_in_native, id=7824, stack(0x00000076e1300000,0x00000076e1400000)]
  0x0000021d6e51f300 JavaThread "Cache worker for Java compile cache (C:\Users\27439\.gradle\caches\8.2\javaCompile)" [_thread_blocked, id=22092, stack(0x00000076e1600000,0x00000076e1700000)]
  0x0000021d6e524e20 JavaThread "Build operations" [_thread_blocked, id=23292, stack(0x00000076d7800000,0x00000076d7900000)]
  0x0000021d6e523ef0 JavaThread "Build operations Thread 2" [_thread_blocked, id=10724, stack(0x00000076d9700000,0x00000076d9800000)]
  0x0000021d6e5225a0 JavaThread "Build operations Thread 3" [_thread_blocked, id=22300, stack(0x00000076df100000,0x00000076df200000)]
  0x0000021d6e51f810 JavaThread "Build operations Thread 4" [_thread_blocked, id=23336, stack(0x00000076df400000,0x00000076df500000)]
  0x0000021d6e524910 JavaThread "Build operations Thread 5" [_thread_blocked, id=10132, stack(0x00000076e1400000,0x00000076e1500000)]
  0x0000021d6e525330 JavaThread "Build operations Thread 6" [_thread_blocked, id=23260, stack(0x00000076e2200000,0x00000076e2300000)]
  0x0000021d6e5234d0 JavaThread "Build operations Thread 7" [_thread_blocked, id=12240, stack(0x00000076e2300000,0x00000076e2400000)]
  0x0000021d6e525d50 JavaThread "Build operations Thread 8" [_thread_blocked, id=21040, stack(0x00000076e2400000,0x00000076e2500000)]
  0x0000021d6e51edf0 JavaThread "Build operations Thread 9" [_thread_blocked, id=22104, stack(0x00000076e2500000,0x00000076e2600000)]
  0x0000021d6e525840 JavaThread "Build operations Thread 10" [_thread_blocked, id=22888, stack(0x00000076e2600000,0x00000076e2700000)]
  0x0000021d6e5239e0 JavaThread "Build operations Thread 11" [_thread_blocked, id=23264, stack(0x00000076e2700000,0x00000076e2800000)]
  0x0000021d6e51fd20 JavaThread "Build operations Thread 12" [_thread_blocked, id=23208, stack(0x00000076e2800000,0x00000076e2900000)]
  0x0000021d6e526260 JavaThread "Build operations Thread 13" [_thread_blocked, id=21516, stack(0x00000076e2900000,0x00000076e2a00000)]
  0x0000021d6e526770 JavaThread "Build operations Thread 14" [_thread_blocked, id=21304, stack(0x00000076e2a00000,0x00000076e2b00000)]
  0x0000021d6e520230 JavaThread "Build operations Thread 15" [_thread_blocked, id=11476, stack(0x00000076e2b00000,0x00000076e2c00000)]
  0x0000021d7cd7e880 JavaThread "Unconstrained build operations Thread 79" [_thread_blocked, id=23344, stack(0x00000076e2d00000,0x00000076e2e00000)]
  0x0000021d7cd7cf30 JavaThread "WorkerExecutor Queue Thread 2" [_thread_blocked, id=1328, stack(0x00000076e2f00000,0x00000076e3000000)]
  0x0000021d7cd77920 JavaThread "RMI RenewClean-[127.0.0.1:17510,org.jetbrains.kotlin.daemon.common.LoopbackNetworkInterface$ClientLoopbackSocketFactory@32d862fc]" daemon [_thread_blocked, id=19608, stack(0x00000076e3000000,0x00000076e3100000)]
  0x0000021d7cd7b0d0 JavaThread "RMI TCP Connection(2)-127.0.0.1" daemon [_thread_in_native, id=22584, stack(0x00000076e3100000,0x00000076e3200000)]
  0x0000021d7cd78850 JavaThread "Build operations Thread 16" [_thread_blocked, id=14132, stack(0x00000076d6900000,0x00000076d6a00000)]
  0x0000021d72175e00 JavaThread "C1 CompilerThread2" daemon [_thread_blocked, id=21308, stack(0x00000076d6800000,0x00000076d6900000)]
=>0x0000021d72176350 JavaThread "C2 CompilerThread1" daemon [_thread_in_native, id=22384, stack(0x00000076d7b00000,0x00000076d7c00000)]

Other Threads:
  0x0000021d2336c0b0 VMThread "VM Thread" [stack: 0x00000076d5c00000,0x00000076d5d00000] [id=23532]
  0x0000021d01df27f0 WatcherThread [stack: 0x00000076d6e00000,0x00000076d6f00000] [id=11148]
  0x0000021d01e4bd30 GCTaskThread "GC Thread#0" [stack: 0x00000076d5700000,0x00000076d5800000] [id=11784]
  0x0000021d23b21520 GCTaskThread "GC Thread#1" [stack: 0x00000076d7000000,0x00000076d7100000] [id=13428]
  0x0000021d23d4c020 GCTaskThread "GC Thread#2" [stack: 0x00000076d7100000,0x00000076d7200000] [id=22088]
  0x0000021d23fbdbf0 GCTaskThread "GC Thread#3" [stack: 0x00000076d7200000,0x00000076d7300000] [id=10392]
  0x0000021d23f5c4d0 GCTaskThread "GC Thread#4" [stack: 0x00000076d7300000,0x00000076d7400000] [id=5028]
  0x0000021d6977a650 GCTaskThread "GC Thread#5" [stack: 0x00000076d7400000,0x00000076d7500000] [id=22012]
  0x0000021d69a8ed20 GCTaskThread "GC Thread#6" [stack: 0x00000076d7500000,0x00000076d7600000] [id=16360]
  0x0000021d6945d690 GCTaskThread "GC Thread#7" [stack: 0x00000076d7600000,0x00000076d7700000] [id=22672]
  0x0000021d6945d950 GCTaskThread "GC Thread#8" [stack: 0x00000076d7700000,0x00000076d7800000] [id=23092]
  0x0000021d23718f50 GCTaskThread "GC Thread#9" [stack: 0x00000076d7900000,0x00000076d7a00000] [id=4116]
  0x0000021d6f3dd460 GCTaskThread "GC Thread#10" [stack: 0x00000076d8c00000,0x00000076d8d00000] [id=1732]
  0x0000021d6cfd7aa0 GCTaskThread "GC Thread#11" [stack: 0x00000076d8d00000,0x00000076d8e00000] [id=9932]
  0x0000021d6ac7f4a0 GCTaskThread "GC Thread#12" [stack: 0x00000076d8e00000,0x00000076d8f00000] [id=3236]
  0x0000021d01e58c80 ConcurrentGCThread "G1 Main Marker" [stack: 0x00000076d5800000,0x00000076d5900000] [id=22676]
  0x0000021d01e59e40 ConcurrentGCThread "G1 Conc#0" [stack: 0x00000076d5900000,0x00000076d5a00000] [id=21588]
  0x0000021d6f34c480 ConcurrentGCThread "G1 Conc#1" [stack: 0x00000076d8f00000,0x00000076d9000000] [id=3028]
  0x0000021d6cd50c40 ConcurrentGCThread "G1 Conc#2" [stack: 0x00000076d9000000,0x00000076d9100000] [id=21420]
  0x0000021d22978310 ConcurrentGCThread "G1 Refine#0" [stack: 0x00000076d5a00000,0x00000076d5b00000] [id=21908]
  0x0000021d6edd8690 ConcurrentGCThread "G1 Refine#1" [stack: 0x00000076e1700000,0x00000076e1800000] [id=22544]
  0x0000021d6edd9540 ConcurrentGCThread "G1 Refine#2" [stack: 0x00000076e1800000,0x00000076e1900000] [id=23108]
  0x0000021d6b8df580 ConcurrentGCThread "G1 Refine#3" [stack: 0x00000076e1900000,0x00000076e1a00000] [id=23312]
  0x0000021d6b8e18c0 ConcurrentGCThread "G1 Refine#4" [stack: 0x00000076e1500000,0x00000076e1600000] [id=23296]
  0x0000021d6b8de0f0 ConcurrentGCThread "G1 Refine#5" [stack: 0x00000076e1a00000,0x00000076e1b00000] [id=12880]
  0x0000021d6c235a00 ConcurrentGCThread "G1 Refine#6" [stack: 0x00000076e1b00000,0x00000076e1c00000] [id=11728]
  0x0000021d7938c510 ConcurrentGCThread "G1 Refine#7" [stack: 0x00000076e1c00000,0x00000076e1d00000] [id=19796]
  0x0000021d79389bf0 ConcurrentGCThread "G1 Refine#8" [stack: 0x00000076e1d00000,0x00000076e1e00000] [id=20792]
  0x0000021d7938c800 ConcurrentGCThread "G1 Refine#9" [stack: 0x00000076e1e00000,0x00000076e1f00000] [id=23184]
  0x0000021d7938a1d0 ConcurrentGCThread "G1 Refine#10" [stack: 0x00000076e1f00000,0x00000076e2000000] [id=23276]
  0x0000021d7938a7b0 ConcurrentGCThread "G1 Refine#11" [stack: 0x00000076e2000000,0x00000076e2100000] [id=23280]
  0x0000021d7938b080 ConcurrentGCThread "G1 Refine#12" [stack: 0x00000076e2100000,0x00000076e2200000] [id=23284]
  0x0000021d22978d40 ConcurrentGCThread "G1 Service" [stack: 0x00000076d5b00000,0x00000076d5c00000] [id=2264]

Threads with active compile tasks:
C2 CompilerThread1    34470 20587 %     4       org.gradle.internal.logging.text.AbstractLineChoppingStyledTextOutput::doAppend @ 10 (43 bytes)

VM state: not at safepoint (normal execution)

VM Mutex/Monitor currently owned by a thread: None

Heap address: 0x0000000740000000, size: 3072 MB, Compressed Oops mode: Zero based, Oop shift amount: 3

CDS archive(s) mapped at: [0x0000021d24000000-0x0000021d24bb0000-0x0000021d24bb0000), size 12255232, SharedBaseAddress: 0x0000021d24000000, ArchiveRelocationMode: 1.
Compressed class space mapped at: 0x0000021d25000000-0x0000021d65000000, reserved size: 1073741824
Narrow klass base: 0x0000021d24000000, Narrow klass shift: 0, Narrow klass range: 0x100000000

GC Precious Log:
 CPUs: 16 total, 16 available
 Memory: 15613M
 Large Page Support: Disabled
 NUMA Support: Disabled
 Compressed Oops: Enabled (Zero based)
 Heap Region Size: 2M
 Heap Min Capacity: 8M
 Heap Initial Capacity: 244M
 Heap Max Capacity: 3G
 Pre-touch: Disabled
 Parallel Workers: 13
 Concurrent Workers: 3
 Concurrent Refinement Workers: 13
 Periodic GC: Disabled

Heap:
 garbage-first heap   total 1253376K, used 912498K [0x0000000740000000, 0x0000000800000000)
  region size 2048K, 248 young (507904K), 36 survivors (73728K)
 Metaspace       used 101789K, committed 102784K, reserved 1179648K
  class space    used 13337K, committed 13824K, reserved 1048576K

Heap Regions: E=young(eden), S=young(survivor), O=old, HS=humongous(starts), HC=humongous(continues), CS=collection set, F=free, OA=open archive, CA=closed archive, TAMS=top-at-mark-start (previous, next)
|   0|0x0000000740000000, 0x0000000740200000, 0x0000000740200000|100%|HS|  |TAMS 0x0000000740200000, 0x0000000740200000| Complete 
|   1|0x0000000740200000, 0x0000000740400000, 0x0000000740400000|100%|HC|  |TAMS 0x0000000740400000, 0x0000000740400000| Complete 
|   2|0x0000000740400000, 0x0000000740600000, 0x0000000740600000|100%| O|  |TAMS 0x0000000740600000, 0x0000000740600000| Untracked 
|   3|0x0000000740600000, 0x0000000740800000, 0x0000000740800000|100%| O|  |TAMS 0x0000000740800000, 0x0000000740800000| Untracked 
|   4|0x0000000740800000, 0x0000000740a00000, 0x0000000740a00000|100%| O|  |TAMS 0x0000000740a00000, 0x0000000740a00000| Untracked 
|   5|0x0000000740a00000, 0x0000000740c00000, 0x0000000740c00000|100%| O|  |TAMS 0x0000000740c00000, 0x0000000740c00000| Untracked 
|   6|0x0000000740c00000, 0x0000000740e00000, 0x0000000740e00000|100%| O|  |TAMS 0x0000000740e00000, 0x0000000740e00000| Untracked 
|   7|0x0000000740e00000, 0x0000000741000000, 0x0000000741000000|100%| O|  |TAMS 0x0000000741000000, 0x0000000741000000| Untracked 
|   8|0x0000000741000000, 0x0000000741200000, 0x0000000741200000|100%| O|  |TAMS 0x0000000741200000, 0x0000000741200000| Untracked 
|   9|0x0000000741200000, 0x0000000741400000, 0x0000000741400000|100%| O|  |TAMS 0x0000000741400000, 0x0000000741400000| Untracked 
|  10|0x0000000741400000, 0x0000000741600000, 0x0000000741600000|100%| O|  |TAMS 0x0000000741600000, 0x0000000741600000| Untracked 
|  11|0x0000000741600000, 0x0000000741800000, 0x0000000741800000|100%| O|  |TAMS 0x0000000741800000, 0x0000000741800000| Untracked 
|  12|0x0000000741800000, 0x0000000741a00000, 0x0000000741a00000|100%| O|  |TAMS 0x0000000741a00000, 0x0000000741a00000| Untracked 
|  13|0x0000000741a00000, 0x0000000741c00000, 0x0000000741c00000|100%| O|  |TAMS 0x0000000741c00000, 0x0000000741c00000| Untracked 
|  14|0x0000000741c00000, 0x0000000741e00000, 0x0000000741e00000|100%| O|  |TAMS 0x0000000741e00000, 0x0000000741e00000| Untracked 
|  15|0x0000000741e00000, 0x0000000742000000, 0x0000000742000000|100%| O|  |TAMS 0x0000000742000000, 0x0000000742000000| Untracked 
|  16|0x0000000742000000, 0x0000000742200000, 0x0000000742200000|100%|HS|  |TAMS 0x0000000742000000, 0x0000000742000000| Complete 
|  17|0x0000000742200000, 0x0000000742400000, 0x0000000742400000|100%|HS|  |TAMS 0x0000000742400000, 0x0000000742400000| Complete 
|  18|0x0000000742400000, 0x0000000742600000, 0x0000000742600000|100%|HS|  |TAMS 0x0000000742600000, 0x0000000742600000| Complete 
|  19|0x0000000742600000, 0x0000000742800000, 0x0000000742800000|100%| O|  |TAMS 0x0000000742800000, 0x0000000742800000| Untracked 
|  20|0x0000000742800000, 0x0000000742a00000, 0x0000000742a00000|100%| O|  |TAMS 0x0000000742a00000, 0x0000000742a00000| Untracked 
|  21|0x0000000742a00000, 0x0000000742c00000, 0x0000000742c00000|100%| O|  |TAMS 0x0000000742c00000, 0x0000000742c00000| Untracked 
|  22|0x0000000742c00000, 0x0000000742e00000, 0x0000000742e00000|100%| O|  |TAMS 0x0000000742e00000, 0x0000000742e00000| Untracked 
|  23|0x0000000742e00000, 0x0000000743000000, 0x0000000743000000|100%| O|  |TAMS 0x0000000743000000, 0x0000000743000000| Untracked 
|  24|0x0000000743000000, 0x0000000743200000, 0x0000000743200000|100%|HS|  |TAMS 0x0000000743200000, 0x0000000743200000| Complete 
|  25|0x0000000743200000, 0x0000000743400000, 0x0000000743400000|100%|HC|  |TAMS 0x0000000743400000, 0x0000000743400000| Complete 
|  26|0x0000000743400000, 0x0000000743600000, 0x0000000743600000|100%|HS|  |TAMS 0x0000000743600000, 0x0000000743600000| Complete 
|  27|0x0000000743600000, 0x0000000743800000, 0x0000000743800000|100%|HC|  |TAMS 0x0000000743800000, 0x0000000743800000| Complete 
|  28|0x0000000743800000, 0x0000000743a00000, 0x0000000743a00000|100%| O|  |TAMS 0x0000000743a00000, 0x0000000743a00000| Untracked 
|  29|0x0000000743a00000, 0x0000000743c00000, 0x0000000743c00000|100%| O|  |TAMS 0x0000000743c00000, 0x0000000743c00000| Untracked 
|  30|0x0000000743c00000, 0x0000000743e00000, 0x0000000743e00000|100%| O|  |TAMS 0x0000000743e00000, 0x0000000743e00000| Untracked 
|  31|0x0000000743e00000, 0x0000000744000000, 0x0000000744000000|100%| O|  |TAMS 0x0000000744000000, 0x0000000744000000| Untracked 
|  32|0x0000000744000000, 0x0000000744200000, 0x0000000744200000|100%| O|  |TAMS 0x0000000744200000, 0x0000000744200000| Untracked 
|  33|0x0000000744200000, 0x0000000744400000, 0x0000000744400000|100%| O|  |TAMS 0x0000000744400000, 0x0000000744400000| Untracked 
|  34|0x0000000744400000, 0x0000000744600000, 0x0000000744600000|100%| O|  |TAMS 0x0000000744600000, 0x0000000744600000| Untracked 
|  35|0x0000000744600000, 0x0000000744800000, 0x0000000744800000|100%| O|  |TAMS 0x0000000744800000, 0x0000000744800000| Untracked 
|  36|0x0000000744800000, 0x0000000744a00000, 0x0000000744a00000|100%| O|  |TAMS 0x0000000744a00000, 0x0000000744a00000| Untracked 
|  37|0x0000000744a00000, 0x0000000744c00000, 0x0000000744c00000|100%| O|  |TAMS 0x0000000744c00000, 0x0000000744c00000| Untracked 
|  38|0x0000000744c00000, 0x0000000744e00000, 0x0000000744e00000|100%| O|  |TAMS 0x0000000744e00000, 0x0000000744e00000| Untracked 
|  39|0x0000000744e00000, 0x0000000745000000, 0x0000000745000000|100%| O|  |TAMS 0x0000000745000000, 0x0000000745000000| Untracked 
|  40|0x0000000745000000, 0x0000000745200000, 0x0000000745200000|100%| O|  |TAMS 0x0000000745200000, 0x0000000745200000| Untracked 
|  41|0x0000000745200000, 0x0000000745400000, 0x0000000745400000|100%| O|  |TAMS 0x0000000745400000, 0x0000000745400000| Untracked 
|  42|0x0000000745400000, 0x0000000745600000, 0x0000000745600000|100%| O|  |TAMS 0x0000000745600000, 0x0000000745600000| Untracked 
|  43|0x0000000745600000, 0x0000000745800000, 0x0000000745800000|100%| O|  |TAMS 0x0000000745800000, 0x0000000745800000| Untracked 
|  44|0x0000000745800000, 0x0000000745a00000, 0x0000000745a00000|100%| O|  |TAMS 0x0000000745a00000, 0x0000000745a00000| Untracked 
|  45|0x0000000745a00000, 0x0000000745c00000, 0x0000000745c00000|100%| O|  |TAMS 0x0000000745c00000, 0x0000000745c00000| Untracked 
|  46|0x0000000745c00000, 0x0000000745e00000, 0x0000000745e00000|100%| O|  |TAMS 0x0000000745e00000, 0x0000000745e00000| Untracked 
|  47|0x0000000745e00000, 0x0000000746000000, 0x0000000746000000|100%| O|  |TAMS 0x0000000746000000, 0x0000000746000000| Untracked 
|  48|0x0000000746000000, 0x0000000746200000, 0x0000000746200000|100%| O|  |TAMS 0x0000000746200000, 0x0000000746200000| Untracked 
|  49|0x0000000746200000, 0x0000000746400000, 0x0000000746400000|100%| O|  |TAMS 0x0000000746400000, 0x0000000746400000| Untracked 
|  50|0x0000000746400000, 0x0000000746600000, 0x0000000746600000|100%| O|  |TAMS 0x0000000746600000, 0x0000000746600000| Untracked 
|  51|0x0000000746600000, 0x0000000746800000, 0x0000000746800000|100%| O|  |TAMS 0x0000000746800000, 0x0000000746800000| Untracked 
|  52|0x0000000746800000, 0x0000000746a00000, 0x0000000746a00000|100%| O|  |TAMS 0x0000000746a00000, 0x0000000746a00000| Untracked 
|  53|0x0000000746a00000, 0x0000000746c00000, 0x0000000746c00000|100%| O|  |TAMS 0x0000000746c00000, 0x0000000746c00000| Untracked 
|  54|0x0000000746c00000, 0x0000000746e00000, 0x0000000746e00000|100%| O|  |TAMS 0x0000000746e00000, 0x0000000746e00000| Untracked 
|  55|0x0000000746e00000, 0x0000000747000000, 0x0000000747000000|100%| O|  |TAMS 0x0000000747000000, 0x0000000747000000| Untracked 
|  56|0x0000000747000000, 0x0000000747200000, 0x0000000747200000|100%|HS|  |TAMS 0x0000000747000000, 0x0000000747000000| Complete 
|  57|0x0000000747200000, 0x0000000747400000, 0x0000000747400000|100%|HC|  |TAMS 0x0000000747200000, 0x0000000747200000| Complete 
|  58|0x0000000747400000, 0x0000000747600000, 0x0000000747600000|100%|HC|  |TAMS 0x0000000747400000, 0x0000000747400000| Complete 
|  59|0x0000000747600000, 0x0000000747800000, 0x0000000747800000|100%| O|  |TAMS 0x0000000747800000, 0x0000000747800000| Untracked 
|  60|0x0000000747800000, 0x0000000747a00000, 0x0000000747a00000|100%| O|  |TAMS 0x0000000747a00000, 0x0000000747a00000| Untracked 
|  61|0x0000000747a00000, 0x0000000747c00000, 0x0000000747c00000|100%|HS|  |TAMS 0x0000000747a00000, 0x0000000747a00000| Complete 
|  62|0x0000000747c00000, 0x0000000747e00000, 0x0000000747e00000|100%| O|  |TAMS 0x0000000747e00000, 0x0000000747e00000| Untracked 
|  63|0x0000000747e00000, 0x0000000748000000, 0x0000000748000000|100%| O|  |TAMS 0x0000000748000000, 0x0000000748000000| Untracked 
|  64|0x0000000748000000, 0x0000000748200000, 0x0000000748200000|100%| O|  |TAMS 0x0000000748200000, 0x0000000748200000| Untracked 
|  65|0x0000000748200000, 0x0000000748400000, 0x0000000748400000|100%| O|  |TAMS 0x0000000748200000, 0x0000000748400000| Untracked 
|  66|0x0000000748400000, 0x0000000748600000, 0x0000000748600000|100%| O|  |TAMS 0x0000000748600000, 0x0000000748600000| Untracked 
|  67|0x0000000748600000, 0x0000000748800000, 0x0000000748800000|100%| O|  |TAMS 0x0000000748800000, 0x0000000748800000| Untracked 
|  68|0x0000000748800000, 0x0000000748a00000, 0x0000000748a00000|100%|HS|  |TAMS 0x0000000748800000, 0x0000000748800000| Complete 
|  69|0x0000000748a00000, 0x0000000748c00000, 0x0000000748c00000|100%| O|  |TAMS 0x0000000748c00000, 0x0000000748c00000| Untracked 
|  70|0x0000000748c00000, 0x0000000748e00000, 0x0000000748e00000|100%| O|  |TAMS 0x0000000748e00000, 0x0000000748e00000| Untracked 
|  71|0x0000000748e00000, 0x0000000749000000, 0x0000000749000000|100%|HS|  |TAMS 0x0000000748e00000, 0x0000000748e00000| Complete 
|  72|0x0000000749000000, 0x0000000749200000, 0x0000000749200000|100%|HC|  |TAMS 0x0000000749000000, 0x0000000749000000| Complete 
|  73|0x0000000749200000, 0x0000000749400000, 0x0000000749400000|100%|HS|  |TAMS 0x0000000749200000, 0x0000000749200000| Complete 
|  74|0x0000000749400000, 0x0000000749600000, 0x0000000749600000|100%| O|  |TAMS 0x0000000749600000, 0x0000000749600000| Untracked 
|  75|0x0000000749600000, 0x0000000749800000, 0x0000000749800000|100%| O|  |TAMS 0x0000000749800000, 0x0000000749800000| Untracked 
|  76|0x0000000749800000, 0x0000000749a00000, 0x0000000749a00000|100%|HS|  |TAMS 0x0000000749800000, 0x0000000749800000| Complete 
|  77|0x0000000749a00000, 0x0000000749c00000, 0x0000000749c00000|100%|HC|  |TAMS 0x0000000749a00000, 0x0000000749a00000| Complete 
|  78|0x0000000749c00000, 0x0000000749e00000, 0x0000000749e00000|100%| O|  |TAMS 0x0000000749e00000, 0x0000000749e00000| Untracked 
|  79|0x0000000749e00000, 0x000000074a000000, 0x000000074a000000|100%|HS|  |TAMS 0x0000000749e00000, 0x0000000749e00000| Complete 
|  80|0x000000074a000000, 0x000000074a200000, 0x000000074a200000|100%|HC|  |TAMS 0x000000074a000000, 0x000000074a000000| Complete 
|  81|0x000000074a200000, 0x000000074a400000, 0x000000074a400000|100%|HS|  |TAMS 0x000000074a200000, 0x000000074a200000| Complete 
|  82|0x000000074a400000, 0x000000074a600000, 0x000000074a600000|100%| O|  |TAMS 0x000000074a400000, 0x000000074a600000| Untracked 
|  83|0x000000074a600000, 0x000000074a800000, 0x000000074a800000|100%|HS|  |TAMS 0x000000074a600000, 0x000000074a600000| Complete 
|  84|0x000000074a800000, 0x000000074aa00000, 0x000000074aa00000|100%|HS|  |TAMS 0x000000074a800000, 0x000000074a800000| Complete 
|  85|0x000000074aa00000, 0x000000074ac00000, 0x000000074ac00000|100%| O|  |TAMS 0x000000074ac00000, 0x000000074ac00000| Untracked 
|  86|0x000000074ac00000, 0x000000074ae00000, 0x000000074ae00000|100%| O|  |TAMS 0x000000074ae00000, 0x000000074ae00000| Untracked 
|  87|0x000000074ae00000, 0x000000074b000000, 0x000000074b000000|100%| O|  |TAMS 0x000000074b000000, 0x000000074b000000| Untracked 
|  88|0x000000074b000000, 0x000000074b200000, 0x000000074b200000|100%| O|  |TAMS 0x000000074b200000, 0x000000074b200000| Untracked 
|  89|0x000000074b200000, 0x000000074b400000, 0x000000074b400000|100%| O|  |TAMS 0x000000074b400000, 0x000000074b400000| Untracked 
|  90|0x000000074b400000, 0x000000074b600000, 0x000000074b600000|100%| O|  |TAMS 0x000000074b600000, 0x000000074b600000| Untracked 
|  91|0x000000074b600000, 0x000000074b800000, 0x000000074b800000|100%| O|  |TAMS 0x000000074b800000, 0x000000074b800000| Untracked 
|  92|0x000000074b800000, 0x000000074ba00000, 0x000000074ba00000|100%| O|  |TAMS 0x000000074b800000, 0x000000074b800000| Untracked 
|  93|0x000000074ba00000, 0x000000074bc00000, 0x000000074bc00000|100%| O|  |TAMS 0x000000074bc00000, 0x000000074bc00000| Untracked 
|  94|0x000000074bc00000, 0x000000074be00000, 0x000000074be00000|100%| O|  |TAMS 0x000000074be00000, 0x000000074be00000| Untracked 
|  95|0x000000074be00000, 0x000000074c000000, 0x000000074c000000|100%| O|  |TAMS 0x000000074c000000, 0x000000074c000000| Untracked 
|  96|0x000000074c000000, 0x000000074c200000, 0x000000074c200000|100%| O|  |TAMS 0x000000074c200000, 0x000000074c200000| Untracked 
|  97|0x000000074c200000, 0x000000074c400000, 0x000000074c400000|100%| O|  |TAMS 0x000000074c200000, 0x000000074c400000| Untracked 
|  98|0x000000074c400000, 0x000000074c600000, 0x000000074c600000|100%| O|  |TAMS 0x000000074c400000, 0x000000074c400000| Untracked 
|  99|0x000000074c600000, 0x000000074c800000, 0x000000074c800000|100%| O|  |TAMS 0x000000074c800000, 0x000000074c800000| Untracked 
| 100|0x000000074c800000, 0x000000074ca00000, 0x000000074ca00000|100%| O|  |TAMS 0x000000074ca00000, 0x000000074ca00000| Untracked 
| 101|0x000000074ca00000, 0x000000074cc00000, 0x000000074cc00000|100%| O|  |TAMS 0x000000074cc00000, 0x000000074cc00000| Untracked 
| 102|0x000000074cc00000, 0x000000074ce00000, 0x000000074ce00000|100%| O|  |TAMS 0x000000074ce00000, 0x000000074ce00000| Untracked 
| 103|0x000000074ce00000, 0x000000074d000000, 0x000000074d000000|100%| O|  |TAMS 0x000000074ce00000, 0x000000074ce00000| Untracked 
| 104|0x000000074d000000, 0x000000074d200000, 0x000000074d200000|100%| O|  |TAMS 0x000000074d000000, 0x000000074d200000| Untracked 
| 105|0x000000074d200000, 0x000000074d400000, 0x000000074d400000|100%| O|  |TAMS 0x000000074d200000, 0x000000074d400000| Untracked 
| 106|0x000000074d400000, 0x000000074d600000, 0x000000074d600000|100%|HS|  |TAMS 0x000000074d400000, 0x000000074d600000| Complete 
| 107|0x000000074d600000, 0x000000074d800000, 0x000000074d800000|100%| O|  |TAMS 0x000000074d600000, 0x000000074d800000| Untracked 
| 108|0x000000074d800000, 0x000000074da00000, 0x000000074da00000|100%| O|  |TAMS 0x000000074d800000, 0x000000074da00000| Untracked 
| 109|0x000000074da00000, 0x000000074dc00000, 0x000000074dc00000|100%| O|  |TAMS 0x000000074da00000, 0x000000074dc00000| Untracked 
| 110|0x000000074dc00000, 0x000000074de00000, 0x000000074de00000|100%| O|  |TAMS 0x000000074dc00000, 0x000000074de00000| Untracked 
| 111|0x000000074de00000, 0x000000074e000000, 0x000000074e000000|100%| O|  |TAMS 0x000000074de00000, 0x000000074e000000| Untracked 
| 112|0x000000074e000000, 0x000000074e200000, 0x000000074e200000|100%| O|  |TAMS 0x000000074e000000, 0x000000074e200000| Untracked 
| 113|0x000000074e200000, 0x000000074e400000, 0x000000074e400000|100%| O|  |TAMS 0x000000074e200000, 0x000000074e400000| Untracked 
| 114|0x000000074e400000, 0x000000074e600000, 0x000000074e600000|100%|HS|  |TAMS 0x000000074e400000, 0x000000074e400000| Complete 
| 115|0x000000074e600000, 0x000000074e800000, 0x000000074e800000|100%|HC|  |TAMS 0x000000074e600000, 0x000000074e600000| Complete 
| 116|0x000000074e800000, 0x000000074ea00000, 0x000000074ea00000|100%|HC|  |TAMS 0x000000074e800000, 0x000000074e800000| Complete 
| 117|0x000000074ea00000, 0x000000074ec00000, 0x000000074ec00000|100%|HS|  |TAMS 0x000000074ea00000, 0x000000074ea00000| Complete 
| 118|0x000000074ec00000, 0x000000074ee00000, 0x000000074ee00000|100%|HC|  |TAMS 0x000000074ec00000, 0x000000074ec00000| Complete 
| 119|0x000000074ee00000, 0x000000074f000000, 0x000000074f000000|100%|HS|  |TAMS 0x000000074ee00000, 0x000000074ee00000| Complete 
| 120|0x000000074f000000, 0x000000074f200000, 0x000000074f200000|100%|HC|  |TAMS 0x000000074f000000, 0x000000074f000000| Complete 
| 121|0x000000074f200000, 0x000000074f400000, 0x000000074f400000|100%| O|  |TAMS 0x000000074f200000, 0x000000074f400000| Untracked 
| 122|0x000000074f400000, 0x000000074f600000, 0x000000074f600000|100%| O|  |TAMS 0x000000074f400000, 0x000000074f600000| Untracked 
| 123|0x000000074f600000, 0x000000074f800000, 0x000000074f800000|100%| O|  |TAMS 0x000000074f600000, 0x000000074f800000| Untracked 
| 124|0x000000074f800000, 0x000000074fa00000, 0x000000074fa00000|100%| O|  |TAMS 0x000000074f800000, 0x000000074fa00000| Untracked 
| 125|0x000000074fa00000, 0x000000074fc00000, 0x000000074fc00000|100%| O|  |TAMS 0x000000074fa00000, 0x000000074fc00000| Untracked 
| 126|0x000000074fc00000, 0x000000074fe00000, 0x000000074fe00000|100%| O|  |TAMS 0x000000074fc00000, 0x000000074fe00000| Untracked 
| 127|0x000000074fe00000, 0x0000000750000000, 0x0000000750000000|100%| O|  |TAMS 0x000000074fe00000, 0x0000000750000000| Untracked 
| 128|0x0000000750000000, 0x0000000750200000, 0x0000000750200000|100%| O|  |TAMS 0x0000000750000000, 0x0000000750200000| Untracked 
| 129|0x0000000750200000, 0x0000000750400000, 0x0000000750400000|100%| O|  |TAMS 0x0000000750200000, 0x0000000750400000| Untracked 
| 130|0x0000000750400000, 0x0000000750600000, 0x0000000750600000|100%| O|  |TAMS 0x0000000750400000, 0x0000000750600000| Untracked 
| 131|0x0000000750600000, 0x0000000750800000, 0x0000000750800000|100%| O|  |TAMS 0x0000000750600000, 0x0000000750800000| Untracked 
| 132|0x0000000750800000, 0x0000000750a00000, 0x0000000750a00000|100%| O|  |TAMS 0x0000000750800000, 0x0000000750a00000| Untracked 
| 133|0x0000000750a00000, 0x0000000750c00000, 0x0000000750c00000|100%| O|  |TAMS 0x0000000750a00000, 0x0000000750c00000| Untracked 
| 134|0x0000000750c00000, 0x0000000750e00000, 0x0000000750e00000|100%| O|  |TAMS 0x0000000750c00000, 0x0000000750dc6400| Untracked 
| 135|0x0000000750e00000, 0x0000000751000000, 0x0000000751000000|100%|HS|  |TAMS 0x0000000750e00000, 0x0000000750e00000| Complete 
| 136|0x0000000751000000, 0x0000000751200000, 0x0000000751200000|100%|HC|  |TAMS 0x0000000751000000, 0x0000000751000000| Complete 
| 137|0x0000000751200000, 0x0000000751400000, 0x0000000751400000|100%|HS|  |TAMS 0x0000000751200000, 0x0000000751200000| Complete 
| 138|0x0000000751400000, 0x0000000751600000, 0x0000000751600000|100%|HC|  |TAMS 0x0000000751400000, 0x0000000751400000| Complete 
| 139|0x0000000751600000, 0x0000000751800000, 0x0000000751800000|100%|HS|  |TAMS 0x0000000751600000, 0x0000000751600000| Complete 
| 140|0x0000000751800000, 0x0000000751a00000, 0x0000000751a00000|100%|HC|  |TAMS 0x0000000751800000, 0x0000000751800000| Complete 
| 141|0x0000000751a00000, 0x0000000751c00000, 0x0000000751c00000|100%| O|  |TAMS 0x0000000751a00000, 0x0000000751a00000| Untracked 
| 142|0x0000000751c00000, 0x0000000751e00000, 0x0000000751e00000|100%| O|  |TAMS 0x0000000751c00000, 0x0000000751c00000| Untracked 
| 143|0x0000000751e00000, 0x0000000752000000, 0x0000000752000000|100%| O|  |TAMS 0x0000000751e00000, 0x0000000751e00000| Untracked 
| 144|0x0000000752000000, 0x0000000752200000, 0x0000000752200000|100%| O|  |TAMS 0x0000000752000000, 0x0000000752000000| Untracked 
| 145|0x0000000752200000, 0x0000000752400000, 0x0000000752400000|100%| O|  |TAMS 0x0000000752200000, 0x0000000752200000| Untracked 
| 146|0x0000000752400000, 0x0000000752600000, 0x0000000752600000|100%| O|  |TAMS 0x0000000752400000, 0x0000000752400000| Untracked 
| 147|0x0000000752600000, 0x0000000752800000, 0x0000000752800000|100%| O|  |TAMS 0x0000000752600000, 0x0000000752600000| Untracked 
| 148|0x0000000752800000, 0x0000000752a00000, 0x0000000752a00000|100%| O|  |TAMS 0x0000000752800000, 0x0000000752800000| Untracked 
| 149|0x0000000752a00000, 0x0000000752c00000, 0x0000000752c00000|100%| O|  |TAMS 0x0000000752a00000, 0x0000000752a00000| Untracked 
| 150|0x0000000752c00000, 0x0000000752e00000, 0x0000000752e00000|100%| O|  |TAMS 0x0000000752c00000, 0x0000000752c00000| Untracked 
| 151|0x0000000752e00000, 0x0000000753000000, 0x0000000753000000|100%| O|  |TAMS 0x0000000752e00000, 0x0000000752e00000| Untracked 
| 152|0x0000000753000000, 0x0000000753200000, 0x0000000753200000|100%| O|  |TAMS 0x0000000753000000, 0x0000000753000000| Untracked 
| 153|0x0000000753200000, 0x0000000753400000, 0x0000000753400000|100%| O|  |TAMS 0x0000000753200000, 0x0000000753200000| Untracked 
| 154|0x0000000753400000, 0x0000000753600000, 0x0000000753600000|100%| O|  |TAMS 0x0000000753400000, 0x0000000753400000| Untracked 
| 155|0x0000000753600000, 0x0000000753800000, 0x0000000753800000|100%| O|  |TAMS 0x0000000753600000, 0x0000000753600000| Untracked 
| 156|0x0000000753800000, 0x0000000753a00000, 0x0000000753a00000|100%| O|  |TAMS 0x0000000753800000, 0x0000000753800000| Untracked 
| 157|0x0000000753a00000, 0x0000000753c00000, 0x0000000753c00000|100%| O|  |TAMS 0x0000000753a00000, 0x0000000753a00000| Untracked 
| 158|0x0000000753c00000, 0x0000000753e00000, 0x0000000753e00000|100%| O|  |TAMS 0x0000000753c00000, 0x0000000753c00000| Untracked 
| 159|0x0000000753e00000, 0x0000000754000000, 0x0000000754000000|100%| O|  |TAMS 0x0000000753e00000, 0x0000000753e00000| Untracked 
| 160|0x0000000754000000, 0x0000000754200000, 0x0000000754200000|100%| O|  |TAMS 0x0000000754000000, 0x0000000754000000| Untracked 
| 161|0x0000000754200000, 0x0000000754400000, 0x0000000754400000|100%| O|  |TAMS 0x0000000754200000, 0x0000000754200000| Untracked 
| 162|0x0000000754400000, 0x0000000754600000, 0x0000000754600000|100%| O|  |TAMS 0x0000000754400000, 0x0000000754400000| Untracked 
| 163|0x0000000754600000, 0x0000000754800000, 0x0000000754800000|100%| O|  |TAMS 0x0000000754600000, 0x0000000754600000| Untracked 
| 164|0x0000000754800000, 0x0000000754a00000, 0x0000000754a00000|100%| O|  |TAMS 0x0000000754800000, 0x0000000754800000| Untracked 
| 165|0x0000000754a00000, 0x0000000754c00000, 0x0000000754c00000|100%| O|  |TAMS 0x0000000754a00000, 0x0000000754a00000| Untracked 
| 166|0x0000000754c00000, 0x0000000754e00000, 0x0000000754e00000|100%| O|  |TAMS 0x0000000754c00000, 0x0000000754c00000| Untracked 
| 167|0x0000000754e00000, 0x0000000755000000, 0x0000000755000000|100%| O|  |TAMS 0x0000000754e00000, 0x0000000754e00000| Untracked 
| 168|0x0000000755000000, 0x0000000755200000, 0x0000000755200000|100%| O|  |TAMS 0x0000000755000000, 0x0000000755000000| Untracked 
| 169|0x0000000755200000, 0x0000000755400000, 0x0000000755400000|100%| O|  |TAMS 0x0000000755200000, 0x0000000755200000| Untracked 
| 170|0x0000000755400000, 0x0000000755600000, 0x0000000755600000|100%| O|  |TAMS 0x0000000755400000, 0x0000000755400000| Untracked 
| 171|0x0000000755600000, 0x0000000755800000, 0x0000000755800000|100%| O|  |TAMS 0x0000000755600000, 0x0000000755600000| Untracked 
| 172|0x0000000755800000, 0x0000000755a00000, 0x0000000755a00000|100%| O|  |TAMS 0x0000000755800000, 0x0000000755800000| Untracked 
| 173|0x0000000755a00000, 0x0000000755c00000, 0x0000000755c00000|100%| O|  |TAMS 0x0000000755a00000, 0x0000000755a00000| Untracked 
| 174|0x0000000755c00000, 0x0000000755e00000, 0x0000000755e00000|100%| O|  |TAMS 0x0000000755c00000, 0x0000000755c00000| Untracked 
| 175|0x0000000755e00000, 0x0000000756000000, 0x0000000756000000|100%| O|  |TAMS 0x0000000755e00000, 0x0000000755e00000| Untracked 
| 176|0x0000000756000000, 0x0000000756200000, 0x0000000756200000|100%| O|  |TAMS 0x0000000756000000, 0x0000000756000000| Untracked 
| 177|0x0000000756200000, 0x000000075631c800, 0x0000000756400000| 55%| O|  |TAMS 0x0000000756200000, 0x0000000756200000| Untracked 
| 178|0x0000000756400000, 0x0000000756600000, 0x0000000756600000|100%|HS|  |TAMS 0x0000000756400000, 0x0000000756400000| Complete 
| 179|0x0000000756600000, 0x0000000756800000, 0x0000000756800000|100%|HC|  |TAMS 0x0000000756600000, 0x0000000756600000| Complete 
| 180|0x0000000756800000, 0x0000000756a00000, 0x0000000756a00000|100%|HC|  |TAMS 0x0000000756800000, 0x0000000756800000| Complete 
| 181|0x0000000756a00000, 0x0000000756c00000, 0x0000000756c00000|100%|HS|  |TAMS 0x0000000756a00000, 0x0000000756a00000| Complete 
| 182|0x0000000756c00000, 0x0000000756e00000, 0x0000000756e00000|100%|HS|  |TAMS 0x0000000756c00000, 0x0000000756c00000| Complete 
| 183|0x0000000756e00000, 0x0000000757000000, 0x0000000757000000|100%|HC|  |TAMS 0x0000000756e00000, 0x0000000756e00000| Complete 
| 184|0x0000000757000000, 0x0000000757200000, 0x0000000757200000|100%|HS|  |TAMS 0x0000000757000000, 0x0000000757000000| Complete 
| 185|0x0000000757200000, 0x0000000757400000, 0x0000000757400000|100%|HC|  |TAMS 0x0000000757200000, 0x0000000757200000| Complete 
| 186|0x0000000757400000, 0x0000000757600000, 0x0000000757600000|100%|HS|  |TAMS 0x0000000757400000, 0x0000000757400000| Complete 
| 187|0x0000000757600000, 0x0000000757800000, 0x0000000757800000|100%|HC|  |TAMS 0x0000000757600000, 0x0000000757600000| Complete 
| 188|0x0000000757800000, 0x0000000757a00000, 0x0000000757a00000|100%|HC|  |TAMS 0x0000000757800000, 0x0000000757800000| Complete 
| 189|0x0000000757a00000, 0x0000000757c00000, 0x0000000757c00000|100%|HS|  |TAMS 0x0000000757a00000, 0x0000000757a00000| Complete 
| 190|0x0000000757c00000, 0x0000000757e00000, 0x0000000757e00000|100%|HS|  |TAMS 0x0000000757c00000, 0x0000000757c00000| Complete 
| 191|0x0000000757e00000, 0x0000000758000000, 0x0000000758000000|100%|HC|  |TAMS 0x0000000757e00000, 0x0000000757e00000| Complete 
| 192|0x0000000758000000, 0x0000000758200000, 0x0000000758200000|100%|HS|  |TAMS 0x0000000758000000, 0x0000000758000000| Complete 
| 193|0x0000000758200000, 0x0000000758400000, 0x0000000758400000|100%|HC|  |TAMS 0x0000000758200000, 0x0000000758200000| Complete 
| 194|0x0000000758400000, 0x0000000758600000, 0x0000000758600000|100%|HS|  |TAMS 0x0000000758400000, 0x0000000758400000| Complete 
| 195|0x0000000758600000, 0x0000000758800000, 0x0000000758800000|100%|HS|  |TAMS 0x0000000758600000, 0x0000000758600000| Complete 
| 196|0x0000000758800000, 0x0000000758a00000, 0x0000000758a00000|100%|HS|  |TAMS 0x0000000758800000, 0x0000000758800000| Complete 
| 197|0x0000000758a00000, 0x0000000758c00000, 0x0000000758c00000|100%|HC|  |TAMS 0x0000000758a00000, 0x0000000758a00000| Complete 
| 198|0x0000000758c00000, 0x0000000758e00000, 0x0000000758e00000|100%|HS|  |TAMS 0x0000000758c00000, 0x0000000758c00000| Complete 
| 199|0x0000000758e00000, 0x0000000759000000, 0x0000000759000000|100%|HC|  |TAMS 0x0000000758e00000, 0x0000000758e00000| Complete 
| 200|0x0000000759000000, 0x0000000759000000, 0x0000000759200000|  0%| F|  |TAMS 0x0000000759000000, 0x0000000759000000| Untracked 
| 201|0x0000000759200000, 0x0000000759200000, 0x0000000759400000|  0%| F|  |TAMS 0x0000000759200000, 0x0000000759200000| Untracked 
| 202|0x0000000759400000, 0x0000000759400000, 0x0000000759600000|  0%| F|  |TAMS 0x0000000759400000, 0x0000000759400000| Untracked 
| 203|0x0000000759600000, 0x0000000759600000, 0x0000000759800000|  0%| F|  |TAMS 0x0000000759600000, 0x0000000759600000| Untracked 
| 204|0x0000000759800000, 0x0000000759800000, 0x0000000759a00000|  0%| F|  |TAMS 0x0000000759800000, 0x0000000759800000| Untracked 
| 205|0x0000000759a00000, 0x0000000759a00000, 0x0000000759c00000|  0%| F|  |TAMS 0x0000000759a00000, 0x0000000759a00000| Untracked 
| 206|0x0000000759c00000, 0x0000000759c00000, 0x0000000759e00000|  0%| F|  |TAMS 0x0000000759c00000, 0x0000000759c00000| Untracked 
| 207|0x0000000759e00000, 0x0000000759e00000, 0x000000075a000000|  0%| F|  |TAMS 0x0000000759e00000, 0x0000000759e00000| Untracked 
| 208|0x000000075a000000, 0x000000075a000000, 0x000000075a200000|  0%| F|  |TAMS 0x000000075a000000, 0x000000075a000000| Untracked 
| 209|0x000000075a200000, 0x000000075a200000, 0x000000075a400000|  0%| F|  |TAMS 0x000000075a200000, 0x000000075a200000| Untracked 
| 210|0x000000075a400000, 0x000000075a400000, 0x000000075a600000|  0%| F|  |TAMS 0x000000075a400000, 0x000000075a400000| Untracked 
| 211|0x000000075a600000, 0x000000075a600000, 0x000000075a800000|  0%| F|  |TAMS 0x000000075a600000, 0x000000075a600000| Untracked 
| 212|0x000000075a800000, 0x000000075a800000, 0x000000075aa00000|  0%| F|  |TAMS 0x000000075a800000, 0x000000075a800000| Untracked 
| 213|0x000000075aa00000, 0x000000075aa00000, 0x000000075ac00000|  0%| F|  |TAMS 0x000000075aa00000, 0x000000075aa00000| Untracked 
| 214|0x000000075ac00000, 0x000000075ac00000, 0x000000075ae00000|  0%| F|  |TAMS 0x000000075ac00000, 0x000000075ac00000| Untracked 
| 215|0x000000075ae00000, 0x000000075ae00000, 0x000000075b000000|  0%| F|  |TAMS 0x000000075ae00000, 0x000000075ae00000| Untracked 
| 216|0x000000075b000000, 0x000000075b000000, 0x000000075b200000|  0%| F|  |TAMS 0x000000075b000000, 0x000000075b000000| Untracked 
| 217|0x000000075b200000, 0x000000075b200000, 0x000000075b400000|  0%| F|  |TAMS 0x000000075b200000, 0x000000075b200000| Untracked 
| 218|0x000000075b400000, 0x000000075b400000, 0x000000075b600000|  0%| F|  |TAMS 0x000000075b400000, 0x000000075b400000| Untracked 
| 219|0x000000075b600000, 0x000000075b600000, 0x000000075b800000|  0%| F|  |TAMS 0x000000075b600000, 0x000000075b600000| Untracked 
| 220|0x000000075b800000, 0x000000075b800000, 0x000000075ba00000|  0%| F|  |TAMS 0x000000075b800000, 0x000000075b800000| Untracked 
| 221|0x000000075ba00000, 0x000000075ba00000, 0x000000075bc00000|  0%| F|  |TAMS 0x000000075ba00000, 0x000000075ba00000| Untracked 
| 222|0x000000075bc00000, 0x000000075bc00000, 0x000000075be00000|  0%| F|  |TAMS 0x000000075bc00000, 0x000000075bc00000| Untracked 
| 223|0x000000075be00000, 0x000000075be00000, 0x000000075c000000|  0%| F|  |TAMS 0x000000075be00000, 0x000000075be00000| Untracked 
| 224|0x000000075c000000, 0x000000075c000000, 0x000000075c200000|  0%| F|  |TAMS 0x000000075c000000, 0x000000075c000000| Untracked 
| 225|0x000000075c200000, 0x000000075c200000, 0x000000075c400000|  0%| F|  |TAMS 0x000000075c200000, 0x000000075c200000| Untracked 
| 226|0x000000075c400000, 0x000000075c400000, 0x000000075c600000|  0%| F|  |TAMS 0x000000075c400000, 0x000000075c400000| Untracked 
| 227|0x000000075c600000, 0x000000075c600000, 0x000000075c800000|  0%| F|  |TAMS 0x000000075c600000, 0x000000075c600000| Untracked 
| 228|0x000000075c800000, 0x000000075c800000, 0x000000075ca00000|  0%| F|  |TAMS 0x000000075c800000, 0x000000075c800000| Untracked 
| 229|0x000000075ca00000, 0x000000075ca00000, 0x000000075cc00000|  0%| F|  |TAMS 0x000000075ca00000, 0x000000075ca00000| Untracked 
| 230|0x000000075cc00000, 0x000000075cc00000, 0x000000075ce00000|  0%| F|  |TAMS 0x000000075cc00000, 0x000000075cc00000| Untracked 
| 231|0x000000075ce00000, 0x000000075ce00000, 0x000000075d000000|  0%| F|  |TAMS 0x000000075ce00000, 0x000000075ce00000| Untracked 
| 232|0x000000075d000000, 0x000000075d000000, 0x000000075d200000|  0%| F|  |TAMS 0x000000075d000000, 0x000000075d000000| Untracked 
| 233|0x000000075d200000, 0x000000075d200000, 0x000000075d400000|  0%| F|  |TAMS 0x000000075d200000, 0x000000075d200000| Untracked 
| 234|0x000000075d400000, 0x000000075d400000, 0x000000075d600000|  0%| F|  |TAMS 0x000000075d400000, 0x000000075d400000| Untracked 
| 235|0x000000075d600000, 0x000000075d600000, 0x000000075d800000|  0%| F|  |TAMS 0x000000075d600000, 0x000000075d600000| Untracked 
| 236|0x000000075d800000, 0x000000075d800000, 0x000000075da00000|  0%| F|  |TAMS 0x000000075d800000, 0x000000075d800000| Untracked 
| 237|0x000000075da00000, 0x000000075da00000, 0x000000075dc00000|  0%| F|  |TAMS 0x000000075da00000, 0x000000075da00000| Untracked 
| 238|0x000000075dc00000, 0x000000075dc00000, 0x000000075de00000|  0%| F|  |TAMS 0x000000075dc00000, 0x000000075dc00000| Untracked 
| 239|0x000000075de00000, 0x000000075de00000, 0x000000075e000000|  0%| F|  |TAMS 0x000000075de00000, 0x000000075de00000| Untracked 
| 240|0x000000075e000000, 0x000000075e000000, 0x000000075e200000|  0%| F|  |TAMS 0x000000075e000000, 0x000000075e000000| Untracked 
| 241|0x000000075e200000, 0x000000075e200000, 0x000000075e400000|  0%| F|  |TAMS 0x000000075e200000, 0x000000075e200000| Untracked 
| 242|0x000000075e400000, 0x000000075e400000, 0x000000075e600000|  0%| F|  |TAMS 0x000000075e400000, 0x000000075e400000| Untracked 
| 243|0x000000075e600000, 0x000000075e600000, 0x000000075e800000|  0%| F|  |TAMS 0x000000075e600000, 0x000000075e600000| Untracked 
| 244|0x000000075e800000, 0x000000075e800000, 0x000000075ea00000|  0%| F|  |TAMS 0x000000075e800000, 0x000000075e800000| Untracked 
| 245|0x000000075ea00000, 0x000000075ea00000, 0x000000075ec00000|  0%| F|  |TAMS 0x000000075ea00000, 0x000000075ea00000| Untracked 
| 246|0x000000075ec00000, 0x000000075ec00000, 0x000000075ee00000|  0%| F|  |TAMS 0x000000075ec00000, 0x000000075ec00000| Untracked 
| 247|0x000000075ee00000, 0x000000075ee00000, 0x000000075f000000|  0%| F|  |TAMS 0x000000075ee00000, 0x000000075ee00000| Untracked 
| 248|0x000000075f000000, 0x000000075f000000, 0x000000075f200000|  0%| F|  |TAMS 0x000000075f000000, 0x000000075f000000| Untracked 
| 249|0x000000075f200000, 0x000000075f200000, 0x000000075f400000|  0%| F|  |TAMS 0x000000075f200000, 0x000000075f200000| Untracked 
| 250|0x000000075f400000, 0x000000075f400000, 0x000000075f600000|  0%| F|  |TAMS 0x000000075f400000, 0x000000075f400000| Untracked 
| 251|0x000000075f600000, 0x000000075f600000, 0x000000075f800000|  0%| F|  |TAMS 0x000000075f600000, 0x000000075f600000| Untracked 
| 252|0x000000075f800000, 0x000000075f800000, 0x000000075fa00000|  0%| F|  |TAMS 0x000000075f800000, 0x000000075f800000| Untracked 
| 253|0x000000075fa00000, 0x000000075fa00000, 0x000000075fc00000|  0%| F|  |TAMS 0x000000075fa00000, 0x000000075fa00000| Untracked 
| 254|0x000000075fc00000, 0x000000075fc00000, 0x000000075fe00000|  0%| F|  |TAMS 0x000000075fc00000, 0x000000075fc00000| Untracked 
| 255|0x000000075fe00000, 0x000000075fe00000, 0x0000000760000000|  0%| F|  |TAMS 0x000000075fe00000, 0x000000075fe00000| Untracked 
| 256|0x0000000760000000, 0x0000000760000000, 0x0000000760200000|  0%| F|  |TAMS 0x0000000760000000, 0x0000000760000000| Untracked 
| 257|0x0000000760200000, 0x0000000760200000, 0x0000000760400000|  0%| F|  |TAMS 0x0000000760200000, 0x0000000760200000| Untracked 
| 258|0x0000000760400000, 0x0000000760400000, 0x0000000760600000|  0%| F|  |TAMS 0x0000000760400000, 0x0000000760400000| Untracked 
| 259|0x0000000760600000, 0x0000000760600000, 0x0000000760800000|  0%| F|  |TAMS 0x0000000760600000, 0x0000000760600000| Untracked 
| 260|0x0000000760800000, 0x0000000760800000, 0x0000000760a00000|  0%| F|  |TAMS 0x0000000760800000, 0x0000000760800000| Untracked 
| 261|0x0000000760a00000, 0x0000000760a00000, 0x0000000760c00000|  0%| F|  |TAMS 0x0000000760a00000, 0x0000000760a00000| Untracked 
| 262|0x0000000760c00000, 0x0000000760c00000, 0x0000000760e00000|  0%| F|  |TAMS 0x0000000760c00000, 0x0000000760c00000| Untracked 
| 263|0x0000000760e00000, 0x0000000760e00000, 0x0000000761000000|  0%| F|  |TAMS 0x0000000760e00000, 0x0000000760e00000| Untracked 
| 264|0x0000000761000000, 0x0000000761000000, 0x0000000761200000|  0%| F|  |TAMS 0x0000000761000000, 0x0000000761000000| Untracked 
| 265|0x0000000761200000, 0x0000000761200000, 0x0000000761400000|  0%| F|  |TAMS 0x0000000761200000, 0x0000000761200000| Untracked 
| 266|0x0000000761400000, 0x0000000761400000, 0x0000000761600000|  0%| F|  |TAMS 0x0000000761400000, 0x0000000761400000| Untracked 
| 267|0x0000000761600000, 0x0000000761600000, 0x0000000761800000|  0%| F|  |TAMS 0x0000000761600000, 0x0000000761600000| Untracked 
| 268|0x0000000761800000, 0x0000000761800000, 0x0000000761a00000|  0%| F|  |TAMS 0x0000000761800000, 0x0000000761800000| Untracked 
| 269|0x0000000761a00000, 0x0000000761a00000, 0x0000000761c00000|  0%| F|  |TAMS 0x0000000761a00000, 0x0000000761a00000| Untracked 
| 270|0x0000000761c00000, 0x0000000761c00000, 0x0000000761e00000|  0%| F|  |TAMS 0x0000000761c00000, 0x0000000761c00000| Untracked 
| 271|0x0000000761e00000, 0x0000000761e00000, 0x0000000762000000|  0%| F|  |TAMS 0x0000000761e00000, 0x0000000761e00000| Untracked 
| 272|0x0000000762000000, 0x0000000762000000, 0x0000000762200000|  0%| F|  |TAMS 0x0000000762000000, 0x0000000762000000| Untracked 
| 273|0x0000000762200000, 0x0000000762200000, 0x0000000762400000|  0%| F|  |TAMS 0x0000000762200000, 0x0000000762200000| Untracked 
| 274|0x0000000762400000, 0x0000000762400000, 0x0000000762600000|  0%| F|  |TAMS 0x0000000762400000, 0x0000000762400000| Untracked 
| 275|0x0000000762600000, 0x0000000762600000, 0x0000000762800000|  0%| F|  |TAMS 0x0000000762600000, 0x0000000762600000| Untracked 
| 276|0x0000000762800000, 0x0000000762800000, 0x0000000762a00000|  0%| F|  |TAMS 0x0000000762800000, 0x0000000762800000| Untracked 
| 277|0x0000000762a00000, 0x0000000762a00000, 0x0000000762c00000|  0%| F|  |TAMS 0x0000000762a00000, 0x0000000762a00000| Untracked 
| 278|0x0000000762c00000, 0x0000000762c00000, 0x0000000762e00000|  0%| F|  |TAMS 0x0000000762c00000, 0x0000000762c00000| Untracked 
| 279|0x0000000762e00000, 0x0000000762e00000, 0x0000000763000000|  0%| F|  |TAMS 0x0000000762e00000, 0x0000000762e00000| Untracked 
| 280|0x0000000763000000, 0x0000000763000000, 0x0000000763200000|  0%| F|  |TAMS 0x0000000763000000, 0x0000000763000000| Untracked 
| 281|0x0000000763200000, 0x0000000763200000, 0x0000000763400000|  0%| F|  |TAMS 0x0000000763200000, 0x0000000763200000| Untracked 
| 282|0x0000000763400000, 0x0000000763400000, 0x0000000763600000|  0%| F|  |TAMS 0x0000000763400000, 0x0000000763400000| Untracked 
| 283|0x0000000763600000, 0x0000000763600000, 0x0000000763800000|  0%| F|  |TAMS 0x0000000763600000, 0x0000000763600000| Untracked 
| 284|0x0000000763800000, 0x0000000763800000, 0x0000000763a00000|  0%| F|  |TAMS 0x0000000763800000, 0x0000000763800000| Untracked 
| 285|0x0000000763a00000, 0x0000000763a00000, 0x0000000763c00000|  0%| F|  |TAMS 0x0000000763a00000, 0x0000000763a00000| Untracked 
| 286|0x0000000763c00000, 0x0000000763c00000, 0x0000000763e00000|  0%| F|  |TAMS 0x0000000763c00000, 0x0000000763c00000| Untracked 
| 287|0x0000000763e00000, 0x0000000763e00000, 0x0000000764000000|  0%| F|  |TAMS 0x0000000763e00000, 0x0000000763e00000| Untracked 
| 288|0x0000000764000000, 0x0000000764000000, 0x0000000764200000|  0%| F|  |TAMS 0x0000000764000000, 0x0000000764000000| Untracked 
| 289|0x0000000764200000, 0x0000000764200000, 0x0000000764400000|  0%| F|  |TAMS 0x0000000764200000, 0x0000000764200000| Untracked 
| 290|0x0000000764400000, 0x0000000764400000, 0x0000000764600000|  0%| F|  |TAMS 0x0000000764400000, 0x0000000764400000| Untracked 
| 291|0x0000000764600000, 0x0000000764600000, 0x0000000764800000|  0%| F|  |TAMS 0x0000000764600000, 0x0000000764600000| Untracked 
| 292|0x0000000764800000, 0x0000000764800000, 0x0000000764a00000|  0%| F|  |TAMS 0x0000000764800000, 0x0000000764800000| Untracked 
| 293|0x0000000764a00000, 0x0000000764a00000, 0x0000000764c00000|  0%| F|  |TAMS 0x0000000764a00000, 0x0000000764a00000| Untracked 
| 294|0x0000000764c00000, 0x0000000764e00000, 0x0000000764e00000|100%| S|CS|TAMS 0x0000000764c00000, 0x0000000764c00000| Complete 
| 295|0x0000000764e00000, 0x0000000765000000, 0x0000000765000000|100%| S|CS|TAMS 0x0000000764e00000, 0x0000000764e00000| Complete 
| 296|0x0000000765000000, 0x0000000765200000, 0x0000000765200000|100%| S|CS|TAMS 0x0000000765000000, 0x0000000765000000| Complete 
| 297|0x0000000765200000, 0x0000000765400000, 0x0000000765400000|100%| S|CS|TAMS 0x0000000765200000, 0x0000000765200000| Complete 
| 298|0x0000000765400000, 0x0000000765600000, 0x0000000765600000|100%| S|CS|TAMS 0x0000000765400000, 0x0000000765400000| Complete 
| 299|0x0000000765600000, 0x0000000765800000, 0x0000000765800000|100%| S|CS|TAMS 0x0000000765600000, 0x0000000765600000| Complete 
| 300|0x0000000765800000, 0x0000000765a00000, 0x0000000765a00000|100%| S|CS|TAMS 0x0000000765800000, 0x0000000765800000| Complete 
| 301|0x0000000765a00000, 0x0000000765c00000, 0x0000000765c00000|100%| S|CS|TAMS 0x0000000765a00000, 0x0000000765a00000| Complete 
| 302|0x0000000765c00000, 0x0000000765e00000, 0x0000000765e00000|100%| S|CS|TAMS 0x0000000765c00000, 0x0000000765c00000| Complete 
| 303|0x0000000765e00000, 0x0000000766000000, 0x0000000766000000|100%| S|CS|TAMS 0x0000000765e00000, 0x0000000765e00000| Complete 
| 304|0x0000000766000000, 0x0000000766200000, 0x0000000766200000|100%| S|CS|TAMS 0x0000000766000000, 0x0000000766000000| Complete 
| 305|0x0000000766200000, 0x0000000766400000, 0x0000000766400000|100%| S|CS|TAMS 0x0000000766200000, 0x0000000766200000| Complete 
| 306|0x0000000766400000, 0x0000000766600000, 0x0000000766600000|100%| S|CS|TAMS 0x0000000766400000, 0x0000000766400000| Complete 
| 307|0x0000000766600000, 0x0000000766800000, 0x0000000766800000|100%| S|CS|TAMS 0x0000000766600000, 0x0000000766600000| Complete 
| 308|0x0000000766800000, 0x0000000766a00000, 0x0000000766a00000|100%| S|CS|TAMS 0x0000000766800000, 0x0000000766800000| Complete 
| 309|0x0000000766a00000, 0x0000000766c00000, 0x0000000766c00000|100%| S|CS|TAMS 0x0000000766a00000, 0x0000000766a00000| Complete 
| 310|0x0000000766c00000, 0x0000000766e00000, 0x0000000766e00000|100%| S|CS|TAMS 0x0000000766c00000, 0x0000000766c00000| Complete 
| 311|0x0000000766e00000, 0x0000000767000000, 0x0000000767000000|100%| S|CS|TAMS 0x0000000766e00000, 0x0000000766e00000| Complete 
| 312|0x0000000767000000, 0x0000000767200000, 0x0000000767200000|100%| S|CS|TAMS 0x0000000767000000, 0x0000000767000000| Complete 
| 313|0x0000000767200000, 0x0000000767400000, 0x0000000767400000|100%| S|CS|TAMS 0x0000000767200000, 0x0000000767200000| Complete 
| 314|0x0000000767400000, 0x0000000767600000, 0x0000000767600000|100%| S|CS|TAMS 0x0000000767400000, 0x0000000767400000| Complete 
| 315|0x0000000767600000, 0x0000000767800000, 0x0000000767800000|100%| S|CS|TAMS 0x0000000767600000, 0x0000000767600000| Complete 
| 316|0x0000000767800000, 0x0000000767a00000, 0x0000000767a00000|100%| S|CS|TAMS 0x0000000767800000, 0x0000000767800000| Complete 
| 317|0x0000000767a00000, 0x0000000767c00000, 0x0000000767c00000|100%| S|CS|TAMS 0x0000000767a00000, 0x0000000767a00000| Complete 
| 318|0x0000000767c00000, 0x0000000767e00000, 0x0000000767e00000|100%| S|CS|TAMS 0x0000000767c00000, 0x0000000767c00000| Complete 
| 319|0x0000000767e00000, 0x0000000768000000, 0x0000000768000000|100%| S|CS|TAMS 0x0000000767e00000, 0x0000000767e00000| Complete 
| 320|0x0000000768000000, 0x0000000768200000, 0x0000000768200000|100%| S|CS|TAMS 0x0000000768000000, 0x0000000768000000| Complete 
| 321|0x0000000768200000, 0x0000000768400000, 0x0000000768400000|100%| S|CS|TAMS 0x0000000768200000, 0x0000000768200000| Complete 
| 322|0x0000000768400000, 0x0000000768600000, 0x0000000768600000|100%| S|CS|TAMS 0x0000000768400000, 0x0000000768400000| Complete 
| 323|0x0000000768600000, 0x0000000768800000, 0x0000000768800000|100%| S|CS|TAMS 0x0000000768600000, 0x0000000768600000| Complete 
| 324|0x0000000768800000, 0x0000000768a00000, 0x0000000768a00000|100%| S|CS|TAMS 0x0000000768800000, 0x0000000768800000| Complete 
| 325|0x0000000768a00000, 0x0000000768c00000, 0x0000000768c00000|100%| S|CS|TAMS 0x0000000768a00000, 0x0000000768a00000| Complete 
| 326|0x0000000768c00000, 0x0000000768e00000, 0x0000000768e00000|100%| S|CS|TAMS 0x0000000768c00000, 0x0000000768c00000| Complete 
| 327|0x0000000768e00000, 0x0000000769000000, 0x0000000769000000|100%| S|CS|TAMS 0x0000000768e00000, 0x0000000768e00000| Complete 
| 328|0x0000000769000000, 0x0000000769200000, 0x0000000769200000|100%| S|CS|TAMS 0x0000000769000000, 0x0000000769000000| Complete 
| 329|0x0000000769200000, 0x0000000769400000, 0x0000000769400000|100%| S|CS|TAMS 0x0000000769200000, 0x0000000769200000| Complete 
| 330|0x0000000769400000, 0x0000000769400000, 0x0000000769600000|  0%| F|  |TAMS 0x0000000769400000, 0x0000000769400000| Untracked 
| 331|0x0000000769600000, 0x0000000769600000, 0x0000000769800000|  0%| F|  |TAMS 0x0000000769600000, 0x0000000769600000| Untracked 
| 332|0x0000000769800000, 0x0000000769800000, 0x0000000769a00000|  0%| F|  |TAMS 0x0000000769800000, 0x0000000769800000| Untracked 
| 333|0x0000000769a00000, 0x0000000769a00000, 0x0000000769c00000|  0%| F|  |TAMS 0x0000000769a00000, 0x0000000769a00000| Untracked 
| 334|0x0000000769c00000, 0x0000000769c00000, 0x0000000769e00000|  0%| F|  |TAMS 0x0000000769c00000, 0x0000000769c00000| Untracked 
| 335|0x0000000769e00000, 0x0000000769e00000, 0x000000076a000000|  0%| F|  |TAMS 0x0000000769e00000, 0x0000000769e00000| Untracked 
| 336|0x000000076a000000, 0x000000076a000000, 0x000000076a200000|  0%| F|  |TAMS 0x000000076a000000, 0x000000076a000000| Untracked 
| 337|0x000000076a200000, 0x000000076a200000, 0x000000076a400000|  0%| F|  |TAMS 0x000000076a200000, 0x000000076a200000| Untracked 
| 338|0x000000076a400000, 0x000000076a400000, 0x000000076a600000|  0%| F|  |TAMS 0x000000076a400000, 0x000000076a400000| Untracked 
| 339|0x000000076a600000, 0x000000076a600000, 0x000000076a800000|  0%| F|  |TAMS 0x000000076a600000, 0x000000076a600000| Untracked 
| 340|0x000000076a800000, 0x000000076a800000, 0x000000076aa00000|  0%| F|  |TAMS 0x000000076a800000, 0x000000076a800000| Untracked 
| 341|0x000000076aa00000, 0x000000076aa00000, 0x000000076ac00000|  0%| F|  |TAMS 0x000000076aa00000, 0x000000076aa00000| Untracked 
| 342|0x000000076ac00000, 0x000000076ac00000, 0x000000076ae00000|  0%| F|  |TAMS 0x000000076ac00000, 0x000000076ac00000| Untracked 
| 343|0x000000076ae00000, 0x000000076ae00000, 0x000000076b000000|  0%| F|  |TAMS 0x000000076ae00000, 0x000000076ae00000| Untracked 
| 344|0x000000076b000000, 0x000000076b000000, 0x000000076b200000|  0%| F|  |TAMS 0x000000076b000000, 0x000000076b000000| Untracked 
| 345|0x000000076b200000, 0x000000076b200000, 0x000000076b400000|  0%| F|  |TAMS 0x000000076b200000, 0x000000076b200000| Untracked 
| 346|0x000000076b400000, 0x000000076b400000, 0x000000076b600000|  0%| F|  |TAMS 0x000000076b400000, 0x000000076b400000| Untracked 
| 347|0x000000076b600000, 0x000000076b600000, 0x000000076b800000|  0%| F|  |TAMS 0x000000076b600000, 0x000000076b600000| Untracked 
| 348|0x000000076b800000, 0x000000076b800000, 0x000000076ba00000|  0%| F|  |TAMS 0x000000076b800000, 0x000000076b800000| Untracked 
| 349|0x000000076ba00000, 0x000000076ba00000, 0x000000076bc00000|  0%| F|  |TAMS 0x000000076ba00000, 0x000000076ba00000| Untracked 
| 350|0x000000076bc00000, 0x000000076bc00000, 0x000000076be00000|  0%| F|  |TAMS 0x000000076bc00000, 0x000000076bc00000| Untracked 
| 351|0x000000076be00000, 0x000000076be00000, 0x000000076c000000|  0%| F|  |TAMS 0x000000076be00000, 0x000000076be00000| Untracked 
| 352|0x000000076c000000, 0x000000076c000000, 0x000000076c200000|  0%| F|  |TAMS 0x000000076c000000, 0x000000076c000000| Untracked 
| 353|0x000000076c200000, 0x000000076c200000, 0x000000076c400000|  0%| F|  |TAMS 0x000000076c200000, 0x000000076c200000| Untracked 
| 354|0x000000076c400000, 0x000000076c400000, 0x000000076c600000|  0%| F|  |TAMS 0x000000076c400000, 0x000000076c400000| Untracked 
| 355|0x000000076c600000, 0x000000076c600000, 0x000000076c800000|  0%| F|  |TAMS 0x000000076c600000, 0x000000076c600000| Untracked 
| 356|0x000000076c800000, 0x000000076c800000, 0x000000076ca00000|  0%| F|  |TAMS 0x000000076c800000, 0x000000076c800000| Untracked 
| 357|0x000000076ca00000, 0x000000076ca00000, 0x000000076cc00000|  0%| F|  |TAMS 0x000000076ca00000, 0x000000076ca00000| Untracked 
| 358|0x000000076cc00000, 0x000000076cc00000, 0x000000076ce00000|  0%| F|  |TAMS 0x000000076cc00000, 0x000000076cc00000| Untracked 
| 359|0x000000076ce00000, 0x000000076ce00000, 0x000000076d000000|  0%| F|  |TAMS 0x000000076ce00000, 0x000000076ce00000| Untracked 
| 360|0x000000076d000000, 0x000000076d000000, 0x000000076d200000|  0%| F|  |TAMS 0x000000076d000000, 0x000000076d000000| Untracked 
| 361|0x000000076d200000, 0x000000076d200000, 0x000000076d400000|  0%| F|  |TAMS 0x000000076d200000, 0x000000076d200000| Untracked 
| 362|0x000000076d400000, 0x000000076d400000, 0x000000076d600000|  0%| F|  |TAMS 0x000000076d400000, 0x000000076d400000| Untracked 
| 363|0x000000076d600000, 0x000000076d600000, 0x000000076d800000|  0%| F|  |TAMS 0x000000076d600000, 0x000000076d600000| Untracked 
| 364|0x000000076d800000, 0x000000076d800000, 0x000000076da00000|  0%| F|  |TAMS 0x000000076d800000, 0x000000076d800000| Untracked 
| 365|0x000000076da00000, 0x000000076da00000, 0x000000076dc00000|  0%| F|  |TAMS 0x000000076da00000, 0x000000076da00000| Untracked 
| 366|0x000000076dc00000, 0x000000076dc00000, 0x000000076de00000|  0%| F|  |TAMS 0x000000076dc00000, 0x000000076dc00000| Untracked 
| 367|0x000000076de00000, 0x000000076de00000, 0x000000076e000000|  0%| F|  |TAMS 0x000000076de00000, 0x000000076de00000| Untracked 
| 368|0x000000076e000000, 0x000000076e000000, 0x000000076e200000|  0%| F|  |TAMS 0x000000076e000000, 0x000000076e000000| Untracked 
| 369|0x000000076e200000, 0x000000076e200000, 0x000000076e400000|  0%| F|  |TAMS 0x000000076e200000, 0x000000076e200000| Untracked 
| 370|0x000000076e400000, 0x000000076e400000, 0x000000076e600000|  0%| F|  |TAMS 0x000000076e400000, 0x000000076e400000| Untracked 
| 371|0x000000076e600000, 0x000000076e600000, 0x000000076e800000|  0%| F|  |TAMS 0x000000076e600000, 0x000000076e600000| Untracked 
| 372|0x000000076e800000, 0x000000076e800000, 0x000000076ea00000|  0%| F|  |TAMS 0x000000076e800000, 0x000000076e800000| Untracked 
| 373|0x000000076ea00000, 0x000000076ea00000, 0x000000076ec00000|  0%| F|  |TAMS 0x000000076ea00000, 0x000000076ea00000| Untracked 
| 374|0x000000076ec00000, 0x000000076ec00000, 0x000000076ee00000|  0%| F|  |TAMS 0x000000076ec00000, 0x000000076ec00000| Untracked 
| 375|0x000000076ee00000, 0x000000076ee00000, 0x000000076f000000|  0%| F|  |TAMS 0x000000076ee00000, 0x000000076ee00000| Untracked 
| 376|0x000000076f000000, 0x000000076f000000, 0x000000076f200000|  0%| F|  |TAMS 0x000000076f000000, 0x000000076f000000| Untracked 
| 377|0x000000076f200000, 0x000000076f200000, 0x000000076f400000|  0%| F|  |TAMS 0x000000076f200000, 0x000000076f200000| Untracked 
| 378|0x000000076f400000, 0x000000076f400000, 0x000000076f600000|  0%| F|  |TAMS 0x000000076f400000, 0x000000076f400000| Untracked 
| 379|0x000000076f600000, 0x000000076f600000, 0x000000076f800000|  0%| F|  |TAMS 0x000000076f600000, 0x000000076f600000| Untracked 
| 380|0x000000076f800000, 0x000000076f800000, 0x000000076fa00000|  0%| F|  |TAMS 0x000000076f800000, 0x000000076f800000| Untracked 
| 381|0x000000076fa00000, 0x000000076fa00000, 0x000000076fc00000|  0%| F|  |TAMS 0x000000076fa00000, 0x000000076fa00000| Untracked 
| 382|0x000000076fc00000, 0x000000076fc00000, 0x000000076fe00000|  0%| F|  |TAMS 0x000000076fc00000, 0x000000076fc00000| Untracked 
| 383|0x000000076fe00000, 0x000000076fe00000, 0x0000000770000000|  0%| F|  |TAMS 0x000000076fe00000, 0x000000076fe00000| Untracked 
| 384|0x0000000770000000, 0x0000000770000000, 0x0000000770200000|  0%| F|  |TAMS 0x0000000770000000, 0x0000000770000000| Untracked 
| 385|0x0000000770200000, 0x0000000770200000, 0x0000000770400000|  0%| F|  |TAMS 0x0000000770200000, 0x0000000770200000| Untracked 
| 386|0x0000000770400000, 0x0000000770400000, 0x0000000770600000|  0%| F|  |TAMS 0x0000000770400000, 0x0000000770400000| Untracked 
| 387|0x0000000770600000, 0x0000000770600000, 0x0000000770800000|  0%| F|  |TAMS 0x0000000770600000, 0x0000000770600000| Untracked 
| 388|0x0000000770800000, 0x0000000770800000, 0x0000000770a00000|  0%| F|  |TAMS 0x0000000770800000, 0x0000000770800000| Untracked 
| 389|0x0000000770a00000, 0x0000000770a00000, 0x0000000770c00000|  0%| F|  |TAMS 0x0000000770a00000, 0x0000000770a00000| Untracked 
| 390|0x0000000770c00000, 0x0000000770c00000, 0x0000000770e00000|  0%| F|  |TAMS 0x0000000770c00000, 0x0000000770c00000| Untracked 
| 391|0x0000000770e00000, 0x0000000770e00000, 0x0000000771000000|  0%| F|  |TAMS 0x0000000770e00000, 0x0000000770e00000| Untracked 
| 392|0x0000000771000000, 0x0000000771000000, 0x0000000771200000|  0%| F|  |TAMS 0x0000000771000000, 0x0000000771000000| Untracked 
| 393|0x0000000771200000, 0x0000000771200000, 0x0000000771400000|  0%| F|  |TAMS 0x0000000771200000, 0x0000000771200000| Untracked 
| 394|0x0000000771400000, 0x0000000771400000, 0x0000000771600000|  0%| F|  |TAMS 0x0000000771400000, 0x0000000771400000| Untracked 
| 395|0x0000000771600000, 0x0000000771600000, 0x0000000771800000|  0%| F|  |TAMS 0x0000000771600000, 0x0000000771600000| Untracked 
| 396|0x0000000771800000, 0x0000000771800000, 0x0000000771a00000|  0%| F|  |TAMS 0x0000000771800000, 0x0000000771800000| Untracked 
| 397|0x0000000771a00000, 0x0000000771a00000, 0x0000000771c00000|  0%| F|  |TAMS 0x0000000771a00000, 0x0000000771a00000| Untracked 
| 398|0x0000000771c00000, 0x0000000771c00000, 0x0000000771e00000|  0%| F|  |TAMS 0x0000000771c00000, 0x0000000771c00000| Untracked 
| 399|0x0000000771e00000, 0x0000000771e00000, 0x0000000772000000|  0%| F|  |TAMS 0x0000000771e00000, 0x0000000771e00000| Untracked 
| 400|0x0000000772000000, 0x000000077214b590, 0x0000000772200000| 64%| E|  |TAMS 0x0000000772000000, 0x0000000772000000| Complete 
| 401|0x0000000772200000, 0x0000000772400000, 0x0000000772400000|100%| E|CS|TAMS 0x0000000772200000, 0x0000000772200000| Complete 
| 402|0x0000000772400000, 0x0000000772600000, 0x0000000772600000|100%| E|CS|TAMS 0x0000000772400000, 0x0000000772400000| Complete 
| 403|0x0000000772600000, 0x0000000772800000, 0x0000000772800000|100%| E|CS|TAMS 0x0000000772600000, 0x0000000772600000| Complete 
| 404|0x0000000772800000, 0x0000000772a00000, 0x0000000772a00000|100%| E|CS|TAMS 0x0000000772800000, 0x0000000772800000| Complete 
| 405|0x0000000772a00000, 0x0000000772c00000, 0x0000000772c00000|100%| E|CS|TAMS 0x0000000772a00000, 0x0000000772a00000| Complete 
| 406|0x0000000772c00000, 0x0000000772e00000, 0x0000000772e00000|100%| E|CS|TAMS 0x0000000772c00000, 0x0000000772c00000| Complete 
| 407|0x0000000772e00000, 0x0000000773000000, 0x0000000773000000|100%| E|CS|TAMS 0x0000000772e00000, 0x0000000772e00000| Complete 
| 408|0x0000000773000000, 0x0000000773200000, 0x0000000773200000|100%| E|CS|TAMS 0x0000000773000000, 0x0000000773000000| Complete 
| 409|0x0000000773200000, 0x0000000773400000, 0x0000000773400000|100%| E|CS|TAMS 0x0000000773200000, 0x0000000773200000| Complete 
| 410|0x0000000773400000, 0x0000000773600000, 0x0000000773600000|100%| E|CS|TAMS 0x0000000773400000, 0x0000000773400000| Complete 
| 411|0x0000000773600000, 0x0000000773800000, 0x0000000773800000|100%| E|CS|TAMS 0x0000000773600000, 0x0000000773600000| Complete 
| 412|0x0000000773800000, 0x0000000773a00000, 0x0000000773a00000|100%| E|CS|TAMS 0x0000000773800000, 0x0000000773800000| Complete 
| 413|0x0000000773a00000, 0x0000000773c00000, 0x0000000773c00000|100%| E|CS|TAMS 0x0000000773a00000, 0x0000000773a00000| Complete 
| 414|0x0000000773c00000, 0x0000000773e00000, 0x0000000773e00000|100%| E|CS|TAMS 0x0000000773c00000, 0x0000000773c00000| Complete 
| 415|0x0000000773e00000, 0x0000000774000000, 0x0000000774000000|100%| E|CS|TAMS 0x0000000773e00000, 0x0000000773e00000| Complete 
| 416|0x0000000774000000, 0x0000000774200000, 0x0000000774200000|100%| E|CS|TAMS 0x0000000774000000, 0x0000000774000000| Complete 
| 417|0x0000000774200000, 0x0000000774400000, 0x0000000774400000|100%| E|CS|TAMS 0x0000000774200000, 0x0000000774200000| Complete 
| 418|0x0000000774400000, 0x0000000774600000, 0x0000000774600000|100%| E|CS|TAMS 0x0000000774400000, 0x0000000774400000| Complete 
| 419|0x0000000774600000, 0x0000000774800000, 0x0000000774800000|100%| E|CS|TAMS 0x0000000774600000, 0x0000000774600000| Complete 
| 420|0x0000000774800000, 0x0000000774a00000, 0x0000000774a00000|100%| E|CS|TAMS 0x0000000774800000, 0x0000000774800000| Complete 
| 421|0x0000000774a00000, 0x0000000774c00000, 0x0000000774c00000|100%| E|CS|TAMS 0x0000000774a00000, 0x0000000774a00000| Complete 
| 422|0x0000000774c00000, 0x0000000774e00000, 0x0000000774e00000|100%| E|CS|TAMS 0x0000000774c00000, 0x0000000774c00000| Complete 
| 423|0x0000000774e00000, 0x0000000775000000, 0x0000000775000000|100%| E|CS|TAMS 0x0000000774e00000, 0x0000000774e00000| Complete 
| 424|0x0000000775000000, 0x0000000775200000, 0x0000000775200000|100%| E|CS|TAMS 0x0000000775000000, 0x0000000775000000| Complete 
| 425|0x0000000775200000, 0x0000000775400000, 0x0000000775400000|100%| E|CS|TAMS 0x0000000775200000, 0x0000000775200000| Complete 
| 426|0x0000000775400000, 0x0000000775600000, 0x0000000775600000|100%| E|CS|TAMS 0x0000000775400000, 0x0000000775400000| Complete 
| 427|0x0000000775600000, 0x0000000775800000, 0x0000000775800000|100%| E|CS|TAMS 0x0000000775600000, 0x0000000775600000| Complete 
| 428|0x0000000775800000, 0x0000000775a00000, 0x0000000775a00000|100%| E|CS|TAMS 0x0000000775800000, 0x0000000775800000| Complete 
| 429|0x0000000775a00000, 0x0000000775c00000, 0x0000000775c00000|100%| E|CS|TAMS 0x0000000775a00000, 0x0000000775a00000| Complete 
| 430|0x0000000775c00000, 0x0000000775e00000, 0x0000000775e00000|100%| E|CS|TAMS 0x0000000775c00000, 0x0000000775c00000| Complete 
| 431|0x0000000775e00000, 0x0000000776000000, 0x0000000776000000|100%| E|CS|TAMS 0x0000000775e00000, 0x0000000775e00000| Complete 
| 432|0x0000000776000000, 0x0000000776200000, 0x0000000776200000|100%| E|CS|TAMS 0x0000000776000000, 0x0000000776000000| Complete 
| 433|0x0000000776200000, 0x0000000776400000, 0x0000000776400000|100%| E|CS|TAMS 0x0000000776200000, 0x0000000776200000| Complete 
| 434|0x0000000776400000, 0x0000000776600000, 0x0000000776600000|100%| E|CS|TAMS 0x0000000776400000, 0x0000000776400000| Complete 
| 435|0x0000000776600000, 0x0000000776800000, 0x0000000776800000|100%| E|CS|TAMS 0x0000000776600000, 0x0000000776600000| Complete 
| 436|0x0000000776800000, 0x0000000776a00000, 0x0000000776a00000|100%| E|CS|TAMS 0x0000000776800000, 0x0000000776800000| Complete 
| 437|0x0000000776a00000, 0x0000000776c00000, 0x0000000776c00000|100%| E|CS|TAMS 0x0000000776a00000, 0x0000000776a00000| Complete 
| 438|0x0000000776c00000, 0x0000000776e00000, 0x0000000776e00000|100%| E|CS|TAMS 0x0000000776c00000, 0x0000000776c00000| Complete 
| 439|0x0000000776e00000, 0x0000000777000000, 0x0000000777000000|100%| E|CS|TAMS 0x0000000776e00000, 0x0000000776e00000| Complete 
| 440|0x0000000777000000, 0x0000000777200000, 0x0000000777200000|100%| E|CS|TAMS 0x0000000777000000, 0x0000000777000000| Complete 
| 441|0x0000000777200000, 0x0000000777400000, 0x0000000777400000|100%| E|CS|TAMS 0x0000000777200000, 0x0000000777200000| Complete 
| 442|0x0000000777400000, 0x0000000777600000, 0x0000000777600000|100%| E|CS|TAMS 0x0000000777400000, 0x0000000777400000| Complete 
| 443|0x0000000777600000, 0x0000000777800000, 0x0000000777800000|100%| E|CS|TAMS 0x0000000777600000, 0x0000000777600000| Complete 
| 444|0x0000000777800000, 0x0000000777a00000, 0x0000000777a00000|100%| E|CS|TAMS 0x0000000777800000, 0x0000000777800000| Complete 
| 445|0x0000000777a00000, 0x0000000777c00000, 0x0000000777c00000|100%| E|CS|TAMS 0x0000000777a00000, 0x0000000777a00000| Complete 
| 446|0x0000000777c00000, 0x0000000777e00000, 0x0000000777e00000|100%| E|CS|TAMS 0x0000000777c00000, 0x0000000777c00000| Complete 
| 447|0x0000000777e00000, 0x0000000778000000, 0x0000000778000000|100%| E|CS|TAMS 0x0000000777e00000, 0x0000000777e00000| Complete 
| 448|0x0000000778000000, 0x0000000778200000, 0x0000000778200000|100%| E|CS|TAMS 0x0000000778000000, 0x0000000778000000| Complete 
| 449|0x0000000778200000, 0x0000000778400000, 0x0000000778400000|100%| E|CS|TAMS 0x0000000778200000, 0x0000000778200000| Complete 
| 450|0x0000000778400000, 0x0000000778600000, 0x0000000778600000|100%| E|CS|TAMS 0x0000000778400000, 0x0000000778400000| Complete 
| 451|0x0000000778600000, 0x0000000778800000, 0x0000000778800000|100%| E|CS|TAMS 0x0000000778600000, 0x0000000778600000| Complete 
| 452|0x0000000778800000, 0x0000000778a00000, 0x0000000778a00000|100%| E|CS|TAMS 0x0000000778800000, 0x0000000778800000| Complete 
| 453|0x0000000778a00000, 0x0000000778c00000, 0x0000000778c00000|100%| E|CS|TAMS 0x0000000778a00000, 0x0000000778a00000| Complete 
| 454|0x0000000778c00000, 0x0000000778e00000, 0x0000000778e00000|100%| E|CS|TAMS 0x0000000778c00000, 0x0000000778c00000| Complete 
| 455|0x0000000778e00000, 0x0000000779000000, 0x0000000779000000|100%| E|CS|TAMS 0x0000000778e00000, 0x0000000778e00000| Complete 
| 456|0x0000000779000000, 0x0000000779200000, 0x0000000779200000|100%| E|CS|TAMS 0x0000000779000000, 0x0000000779000000| Complete 
| 457|0x0000000779200000, 0x0000000779400000, 0x0000000779400000|100%| E|CS|TAMS 0x0000000779200000, 0x0000000779200000| Complete 
| 458|0x0000000779400000, 0x0000000779600000, 0x0000000779600000|100%| E|CS|TAMS 0x0000000779400000, 0x0000000779400000| Complete 
| 459|0x0000000779600000, 0x0000000779800000, 0x0000000779800000|100%| E|CS|TAMS 0x0000000779600000, 0x0000000779600000| Complete 
| 460|0x0000000779800000, 0x0000000779a00000, 0x0000000779a00000|100%| E|CS|TAMS 0x0000000779800000, 0x0000000779800000| Complete 
| 461|0x0000000779a00000, 0x0000000779c00000, 0x0000000779c00000|100%| E|CS|TAMS 0x0000000779a00000, 0x0000000779a00000| Complete 
| 462|0x0000000779c00000, 0x0000000779e00000, 0x0000000779e00000|100%| E|CS|TAMS 0x0000000779c00000, 0x0000000779c00000| Complete 
| 463|0x0000000779e00000, 0x000000077a000000, 0x000000077a000000|100%| E|CS|TAMS 0x0000000779e00000, 0x0000000779e00000| Complete 
| 464|0x000000077a000000, 0x000000077a200000, 0x000000077a200000|100%| E|CS|TAMS 0x000000077a000000, 0x000000077a000000| Complete 
| 465|0x000000077a200000, 0x000000077a400000, 0x000000077a400000|100%| E|CS|TAMS 0x000000077a200000, 0x000000077a200000| Complete 
| 466|0x000000077a400000, 0x000000077a600000, 0x000000077a600000|100%| E|CS|TAMS 0x000000077a400000, 0x000000077a400000| Complete 
| 467|0x000000077a600000, 0x000000077a800000, 0x000000077a800000|100%| E|CS|TAMS 0x000000077a600000, 0x000000077a600000| Complete 
| 468|0x000000077a800000, 0x000000077aa00000, 0x000000077aa00000|100%| E|CS|TAMS 0x000000077a800000, 0x000000077a800000| Complete 
| 469|0x000000077aa00000, 0x000000077ac00000, 0x000000077ac00000|100%| E|CS|TAMS 0x000000077aa00000, 0x000000077aa00000| Complete 
| 470|0x000000077ac00000, 0x000000077ae00000, 0x000000077ae00000|100%| E|CS|TAMS 0x000000077ac00000, 0x000000077ac00000| Complete 
| 471|0x000000077ae00000, 0x000000077b000000, 0x000000077b000000|100%| E|CS|TAMS 0x000000077ae00000, 0x000000077ae00000| Complete 
| 472|0x000000077b000000, 0x000000077b200000, 0x000000077b200000|100%| E|CS|TAMS 0x000000077b000000, 0x000000077b000000| Complete 
| 473|0x000000077b200000, 0x000000077b400000, 0x000000077b400000|100%| E|CS|TAMS 0x000000077b200000, 0x000000077b200000| Complete 
| 474|0x000000077b400000, 0x000000077b600000, 0x000000077b600000|100%| E|CS|TAMS 0x000000077b400000, 0x000000077b400000| Complete 
| 475|0x000000077b600000, 0x000000077b800000, 0x000000077b800000|100%| E|CS|TAMS 0x000000077b600000, 0x000000077b600000| Complete 
| 476|0x000000077b800000, 0x000000077ba00000, 0x000000077ba00000|100%| E|CS|TAMS 0x000000077b800000, 0x000000077b800000| Complete 
| 477|0x000000077ba00000, 0x000000077bc00000, 0x000000077bc00000|100%| E|CS|TAMS 0x000000077ba00000, 0x000000077ba00000| Complete 
| 478|0x000000077bc00000, 0x000000077be00000, 0x000000077be00000|100%| E|CS|TAMS 0x000000077bc00000, 0x000000077bc00000| Complete 
| 479|0x000000077be00000, 0x000000077c000000, 0x000000077c000000|100%| E|CS|TAMS 0x000000077be00000, 0x000000077be00000| Complete 
| 480|0x000000077c000000, 0x000000077c200000, 0x000000077c200000|100%| E|CS|TAMS 0x000000077c000000, 0x000000077c000000| Complete 
| 481|0x000000077c200000, 0x000000077c400000, 0x000000077c400000|100%| E|  |TAMS 0x000000077c200000, 0x000000077c200000| Complete 
| 482|0x000000077c400000, 0x000000077c600000, 0x000000077c600000|100%| E|CS|TAMS 0x000000077c400000, 0x000000077c400000| Complete 
| 483|0x000000077c600000, 0x000000077c800000, 0x000000077c800000|100%| E|CS|TAMS 0x000000077c600000, 0x000000077c600000| Complete 
| 484|0x000000077c800000, 0x000000077ca00000, 0x000000077ca00000|100%| E|CS|TAMS 0x000000077c800000, 0x000000077c800000| Complete 
| 485|0x000000077ca00000, 0x000000077cc00000, 0x000000077cc00000|100%| E|CS|TAMS 0x000000077ca00000, 0x000000077ca00000| Complete 
| 486|0x000000077cc00000, 0x000000077ce00000, 0x000000077ce00000|100%| E|CS|TAMS 0x000000077cc00000, 0x000000077cc00000| Complete 
| 487|0x000000077ce00000, 0x000000077d000000, 0x000000077d000000|100%| E|CS|TAMS 0x000000077ce00000, 0x000000077ce00000| Complete 
| 488|0x000000077d000000, 0x000000077d200000, 0x000000077d200000|100%| E|CS|TAMS 0x000000077d000000, 0x000000077d000000| Complete 
| 489|0x000000077d200000, 0x000000077d400000, 0x000000077d400000|100%| E|CS|TAMS 0x000000077d200000, 0x000000077d200000| Complete 
| 490|0x000000077d400000, 0x000000077d600000, 0x000000077d600000|100%| E|CS|TAMS 0x000000077d400000, 0x000000077d400000| Complete 
| 491|0x000000077d600000, 0x000000077d800000, 0x000000077d800000|100%| E|CS|TAMS 0x000000077d600000, 0x000000077d600000| Complete 
| 492|0x000000077d800000, 0x000000077da00000, 0x000000077da00000|100%| E|CS|TAMS 0x000000077d800000, 0x000000077d800000| Complete 
| 493|0x000000077da00000, 0x000000077dc00000, 0x000000077dc00000|100%| E|CS|TAMS 0x000000077da00000, 0x000000077da00000| Complete 
| 494|0x000000077dc00000, 0x000000077de00000, 0x000000077de00000|100%| E|CS|TAMS 0x000000077dc00000, 0x000000077dc00000| Complete 
| 495|0x000000077de00000, 0x000000077e000000, 0x000000077e000000|100%| E|CS|TAMS 0x000000077de00000, 0x000000077de00000| Complete 
| 496|0x000000077e000000, 0x000000077e200000, 0x000000077e200000|100%| E|CS|TAMS 0x000000077e000000, 0x000000077e000000| Complete 
| 497|0x000000077e200000, 0x000000077e400000, 0x000000077e400000|100%| E|CS|TAMS 0x000000077e200000, 0x000000077e200000| Complete 
| 498|0x000000077e400000, 0x000000077e600000, 0x000000077e600000|100%| E|CS|TAMS 0x000000077e400000, 0x000000077e400000| Complete 
| 499|0x000000077e600000, 0x000000077e800000, 0x000000077e800000|100%| E|CS|TAMS 0x000000077e600000, 0x000000077e600000| Complete 
| 500|0x000000077e800000, 0x000000077ea00000, 0x000000077ea00000|100%| E|CS|TAMS 0x000000077e800000, 0x000000077e800000| Complete 
| 501|0x000000077ea00000, 0x000000077ec00000, 0x000000077ec00000|100%| E|CS|TAMS 0x000000077ea00000, 0x000000077ea00000| Complete 
| 502|0x000000077ec00000, 0x000000077ee00000, 0x000000077ee00000|100%| E|CS|TAMS 0x000000077ec00000, 0x000000077ec00000| Complete 
| 503|0x000000077ee00000, 0x000000077f000000, 0x000000077f000000|100%| E|CS|TAMS 0x000000077ee00000, 0x000000077ee00000| Complete 
| 504|0x000000077f000000, 0x000000077f200000, 0x000000077f200000|100%| E|CS|TAMS 0x000000077f000000, 0x000000077f000000| Complete 
| 505|0x000000077f200000, 0x000000077f400000, 0x000000077f400000|100%| E|CS|TAMS 0x000000077f200000, 0x000000077f200000| Complete 
| 506|0x000000077f400000, 0x000000077f600000, 0x000000077f600000|100%| E|CS|TAMS 0x000000077f400000, 0x000000077f400000| Complete 
| 507|0x000000077f600000, 0x000000077f800000, 0x000000077f800000|100%| E|CS|TAMS 0x000000077f600000, 0x000000077f600000| Complete 
| 508|0x000000077f800000, 0x000000077fa00000, 0x000000077fa00000|100%| E|CS|TAMS 0x000000077f800000, 0x000000077f800000| Complete 
| 509|0x000000077fa00000, 0x000000077fc00000, 0x000000077fc00000|100%| E|CS|TAMS 0x000000077fa00000, 0x000000077fa00000| Complete 
| 510|0x000000077fc00000, 0x000000077fe00000, 0x000000077fe00000|100%| E|CS|TAMS 0x000000077fc00000, 0x000000077fc00000| Complete 
| 511|0x000000077fe00000, 0x0000000780000000, 0x0000000780000000|100%| E|CS|TAMS 0x000000077fe00000, 0x000000077fe00000| Complete 
| 512|0x0000000780000000, 0x0000000780200000, 0x0000000780200000|100%| E|CS|TAMS 0x0000000780000000, 0x0000000780000000| Complete 
| 513|0x0000000780200000, 0x0000000780400000, 0x0000000780400000|100%| E|CS|TAMS 0x0000000780200000, 0x0000000780200000| Complete 
| 514|0x0000000780400000, 0x0000000780600000, 0x0000000780600000|100%| E|CS|TAMS 0x0000000780400000, 0x0000000780400000| Complete 
| 515|0x0000000780600000, 0x0000000780800000, 0x0000000780800000|100%| E|CS|TAMS 0x0000000780600000, 0x0000000780600000| Complete 
| 516|0x0000000780800000, 0x0000000780a00000, 0x0000000780a00000|100%| E|CS|TAMS 0x0000000780800000, 0x0000000780800000| Complete 
| 517|0x0000000780a00000, 0x0000000780c00000, 0x0000000780c00000|100%| E|CS|TAMS 0x0000000780a00000, 0x0000000780a00000| Complete 
| 518|0x0000000780c00000, 0x0000000780e00000, 0x0000000780e00000|100%| E|CS|TAMS 0x0000000780c00000, 0x0000000780c00000| Complete 
| 519|0x0000000780e00000, 0x0000000781000000, 0x0000000781000000|100%| E|CS|TAMS 0x0000000780e00000, 0x0000000780e00000| Complete 
| 520|0x0000000781000000, 0x0000000781200000, 0x0000000781200000|100%| E|CS|TAMS 0x0000000781000000, 0x0000000781000000| Complete 
| 521|0x0000000781200000, 0x0000000781400000, 0x0000000781400000|100%| E|CS|TAMS 0x0000000781200000, 0x0000000781200000| Complete 
| 522|0x0000000781400000, 0x0000000781600000, 0x0000000781600000|100%| E|CS|TAMS 0x0000000781400000, 0x0000000781400000| Complete 
| 523|0x0000000781600000, 0x0000000781800000, 0x0000000781800000|100%| E|CS|TAMS 0x0000000781600000, 0x0000000781600000| Complete 
| 524|0x0000000781800000, 0x0000000781a00000, 0x0000000781a00000|100%| E|CS|TAMS 0x0000000781800000, 0x0000000781800000| Complete 
| 525|0x0000000781a00000, 0x0000000781c00000, 0x0000000781c00000|100%| E|CS|TAMS 0x0000000781a00000, 0x0000000781a00000| Complete 
| 526|0x0000000781c00000, 0x0000000781e00000, 0x0000000781e00000|100%| E|CS|TAMS 0x0000000781c00000, 0x0000000781c00000| Complete 
| 527|0x0000000781e00000, 0x0000000782000000, 0x0000000782000000|100%| E|CS|TAMS 0x0000000781e00000, 0x0000000781e00000| Complete 
| 528|0x0000000782000000, 0x0000000782200000, 0x0000000782200000|100%| E|CS|TAMS 0x0000000782000000, 0x0000000782000000| Complete 
| 529|0x0000000782200000, 0x0000000782400000, 0x0000000782400000|100%| E|CS|TAMS 0x0000000782200000, 0x0000000782200000| Complete 
| 530|0x0000000782400000, 0x0000000782600000, 0x0000000782600000|100%| E|CS|TAMS 0x0000000782400000, 0x0000000782400000| Complete 
| 531|0x0000000782600000, 0x0000000782800000, 0x0000000782800000|100%| E|CS|TAMS 0x0000000782600000, 0x0000000782600000| Complete 
| 532|0x0000000782800000, 0x0000000782a00000, 0x0000000782a00000|100%| E|CS|TAMS 0x0000000782800000, 0x0000000782800000| Complete 
| 533|0x0000000782a00000, 0x0000000782c00000, 0x0000000782c00000|100%| E|CS|TAMS 0x0000000782a00000, 0x0000000782a00000| Complete 
| 534|0x0000000782c00000, 0x0000000782e00000, 0x0000000782e00000|100%| E|CS|TAMS 0x0000000782c00000, 0x0000000782c00000| Complete 
| 535|0x0000000782e00000, 0x0000000783000000, 0x0000000783000000|100%| E|CS|TAMS 0x0000000782e00000, 0x0000000782e00000| Complete 
| 536|0x0000000783000000, 0x0000000783200000, 0x0000000783200000|100%| E|CS|TAMS 0x0000000783000000, 0x0000000783000000| Complete 
| 537|0x0000000783200000, 0x0000000783400000, 0x0000000783400000|100%| E|CS|TAMS 0x0000000783200000, 0x0000000783200000| Complete 
| 538|0x0000000783400000, 0x0000000783600000, 0x0000000783600000|100%| E|CS|TAMS 0x0000000783400000, 0x0000000783400000| Complete 
| 539|0x0000000783600000, 0x0000000783800000, 0x0000000783800000|100%| E|CS|TAMS 0x0000000783600000, 0x0000000783600000| Complete 
| 540|0x0000000783800000, 0x0000000783a00000, 0x0000000783a00000|100%| E|CS|TAMS 0x0000000783800000, 0x0000000783800000| Complete 
| 541|0x0000000783a00000, 0x0000000783c00000, 0x0000000783c00000|100%| E|CS|TAMS 0x0000000783a00000, 0x0000000783a00000| Complete 
| 542|0x0000000783c00000, 0x0000000783e00000, 0x0000000783e00000|100%| E|CS|TAMS 0x0000000783c00000, 0x0000000783c00000| Complete 
| 543|0x0000000783e00000, 0x0000000784000000, 0x0000000784000000|100%| E|CS|TAMS 0x0000000783e00000, 0x0000000783e00000| Complete 
| 544|0x0000000784000000, 0x0000000784200000, 0x0000000784200000|100%| E|CS|TAMS 0x0000000784000000, 0x0000000784000000| Complete 
| 545|0x0000000784200000, 0x0000000784400000, 0x0000000784400000|100%| E|CS|TAMS 0x0000000784200000, 0x0000000784200000| Complete 
| 546|0x0000000784400000, 0x0000000784600000, 0x0000000784600000|100%| E|CS|TAMS 0x0000000784400000, 0x0000000784400000| Complete 
| 547|0x0000000784600000, 0x0000000784800000, 0x0000000784800000|100%| E|CS|TAMS 0x0000000784600000, 0x0000000784600000| Complete 
| 548|0x0000000784800000, 0x0000000784a00000, 0x0000000784a00000|100%| E|CS|TAMS 0x0000000784800000, 0x0000000784800000| Complete 
| 549|0x0000000784a00000, 0x0000000784c00000, 0x0000000784c00000|100%| E|CS|TAMS 0x0000000784a00000, 0x0000000784a00000| Complete 
| 550|0x0000000784c00000, 0x0000000784e00000, 0x0000000784e00000|100%| E|CS|TAMS 0x0000000784c00000, 0x0000000784c00000| Complete 
| 551|0x0000000784e00000, 0x0000000785000000, 0x0000000785000000|100%| E|CS|TAMS 0x0000000784e00000, 0x0000000784e00000| Complete 
| 552|0x0000000785000000, 0x0000000785200000, 0x0000000785200000|100%| E|CS|TAMS 0x0000000785000000, 0x0000000785000000| Complete 
| 553|0x0000000785200000, 0x0000000785400000, 0x0000000785400000|100%| E|CS|TAMS 0x0000000785200000, 0x0000000785200000| Complete 
| 554|0x0000000785400000, 0x0000000785600000, 0x0000000785600000|100%| E|CS|TAMS 0x0000000785400000, 0x0000000785400000| Complete 
| 555|0x0000000785600000, 0x0000000785800000, 0x0000000785800000|100%| E|CS|TAMS 0x0000000785600000, 0x0000000785600000| Complete 
| 556|0x0000000785800000, 0x0000000785a00000, 0x0000000785a00000|100%| E|CS|TAMS 0x0000000785800000, 0x0000000785800000| Complete 
| 557|0x0000000785a00000, 0x0000000785c00000, 0x0000000785c00000|100%| E|CS|TAMS 0x0000000785a00000, 0x0000000785a00000| Complete 
| 558|0x0000000785c00000, 0x0000000785e00000, 0x0000000785e00000|100%| E|CS|TAMS 0x0000000785c00000, 0x0000000785c00000| Complete 
| 559|0x0000000785e00000, 0x0000000786000000, 0x0000000786000000|100%| E|CS|TAMS 0x0000000785e00000, 0x0000000785e00000| Complete 
| 560|0x0000000786000000, 0x0000000786200000, 0x0000000786200000|100%| E|CS|TAMS 0x0000000786000000, 0x0000000786000000| Complete 
| 561|0x0000000786200000, 0x0000000786400000, 0x0000000786400000|100%| E|CS|TAMS 0x0000000786200000, 0x0000000786200000| Complete 
| 562|0x0000000786400000, 0x0000000786600000, 0x0000000786600000|100%| E|CS|TAMS 0x0000000786400000, 0x0000000786400000| Complete 
| 563|0x0000000786600000, 0x0000000786800000, 0x0000000786800000|100%| E|CS|TAMS 0x0000000786600000, 0x0000000786600000| Complete 
| 564|0x0000000786800000, 0x0000000786a00000, 0x0000000786a00000|100%| E|CS|TAMS 0x0000000786800000, 0x0000000786800000| Complete 
| 565|0x0000000786a00000, 0x0000000786c00000, 0x0000000786c00000|100%| E|CS|TAMS 0x0000000786a00000, 0x0000000786a00000| Complete 
| 566|0x0000000786c00000, 0x0000000786e00000, 0x0000000786e00000|100%| E|CS|TAMS 0x0000000786c00000, 0x0000000786c00000| Complete 
| 567|0x0000000786e00000, 0x0000000787000000, 0x0000000787000000|100%| E|CS|TAMS 0x0000000786e00000, 0x0000000786e00000| Complete 
| 568|0x0000000787000000, 0x0000000787200000, 0x0000000787200000|100%| E|CS|TAMS 0x0000000787000000, 0x0000000787000000| Complete 
| 569|0x0000000787200000, 0x0000000787400000, 0x0000000787400000|100%| E|CS|TAMS 0x0000000787200000, 0x0000000787200000| Complete 
| 570|0x0000000787400000, 0x0000000787600000, 0x0000000787600000|100%| E|CS|TAMS 0x0000000787400000, 0x0000000787400000| Complete 
| 571|0x0000000787600000, 0x0000000787800000, 0x0000000787800000|100%| E|CS|TAMS 0x0000000787600000, 0x0000000787600000| Complete 
| 572|0x0000000787800000, 0x0000000787a00000, 0x0000000787a00000|100%| E|CS|TAMS 0x0000000787800000, 0x0000000787800000| Complete 
| 573|0x0000000787a00000, 0x0000000787c00000, 0x0000000787c00000|100%| E|CS|TAMS 0x0000000787a00000, 0x0000000787a00000| Complete 
| 574|0x0000000787c00000, 0x0000000787e00000, 0x0000000787e00000|100%| E|CS|TAMS 0x0000000787c00000, 0x0000000787c00000| Complete 
| 575|0x0000000787e00000, 0x0000000788000000, 0x0000000788000000|100%| E|CS|TAMS 0x0000000787e00000, 0x0000000787e00000| Complete 
| 576|0x0000000788000000, 0x0000000788200000, 0x0000000788200000|100%| E|CS|TAMS 0x0000000788000000, 0x0000000788000000| Complete 
| 577|0x0000000788200000, 0x0000000788400000, 0x0000000788400000|100%| E|CS|TAMS 0x0000000788200000, 0x0000000788200000| Complete 
| 578|0x0000000788400000, 0x0000000788600000, 0x0000000788600000|100%| E|CS|TAMS 0x0000000788400000, 0x0000000788400000| Complete 
| 579|0x0000000788600000, 0x0000000788800000, 0x0000000788800000|100%| E|CS|TAMS 0x0000000788600000, 0x0000000788600000| Complete 
| 580|0x0000000788800000, 0x0000000788a00000, 0x0000000788a00000|100%| E|CS|TAMS 0x0000000788800000, 0x0000000788800000| Complete 
| 581|0x0000000788a00000, 0x0000000788c00000, 0x0000000788c00000|100%| E|CS|TAMS 0x0000000788a00000, 0x0000000788a00000| Complete 
| 582|0x0000000788c00000, 0x0000000788e00000, 0x0000000788e00000|100%| E|CS|TAMS 0x0000000788c00000, 0x0000000788c00000| Complete 
| 583|0x0000000788e00000, 0x0000000789000000, 0x0000000789000000|100%| E|CS|TAMS 0x0000000788e00000, 0x0000000788e00000| Complete 
| 584|0x0000000789000000, 0x0000000789200000, 0x0000000789200000|100%| E|CS|TAMS 0x0000000789000000, 0x0000000789000000| Complete 
| 585|0x0000000789200000, 0x0000000789400000, 0x0000000789400000|100%| E|CS|TAMS 0x0000000789200000, 0x0000000789200000| Complete 
| 586|0x0000000789400000, 0x0000000789600000, 0x0000000789600000|100%| E|CS|TAMS 0x0000000789400000, 0x0000000789400000| Complete 
| 587|0x0000000789600000, 0x0000000789800000, 0x0000000789800000|100%| E|CS|TAMS 0x0000000789600000, 0x0000000789600000| Complete 
| 588|0x0000000789800000, 0x0000000789a00000, 0x0000000789a00000|100%| E|CS|TAMS 0x0000000789800000, 0x0000000789800000| Complete 
| 589|0x0000000789a00000, 0x0000000789c00000, 0x0000000789c00000|100%| E|CS|TAMS 0x0000000789a00000, 0x0000000789a00000| Complete 
| 590|0x0000000789c00000, 0x0000000789e00000, 0x0000000789e00000|100%| E|CS|TAMS 0x0000000789c00000, 0x0000000789c00000| Complete 
| 591|0x0000000789e00000, 0x000000078a000000, 0x000000078a000000|100%| E|CS|TAMS 0x0000000789e00000, 0x0000000789e00000| Complete 
| 592|0x000000078a000000, 0x000000078a200000, 0x000000078a200000|100%| E|CS|TAMS 0x000000078a000000, 0x000000078a000000| Complete 
| 593|0x000000078a200000, 0x000000078a400000, 0x000000078a400000|100%| E|CS|TAMS 0x000000078a200000, 0x000000078a200000| Complete 
| 594|0x000000078a400000, 0x000000078a600000, 0x000000078a600000|100%| E|CS|TAMS 0x000000078a400000, 0x000000078a400000| Complete 
| 595|0x000000078a600000, 0x000000078a800000, 0x000000078a800000|100%| E|CS|TAMS 0x000000078a600000, 0x000000078a600000| Complete 
| 596|0x000000078a800000, 0x000000078aa00000, 0x000000078aa00000|100%| E|CS|TAMS 0x000000078a800000, 0x000000078a800000| Complete 
| 597|0x000000078aa00000, 0x000000078ac00000, 0x000000078ac00000|100%| E|CS|TAMS 0x000000078aa00000, 0x000000078aa00000| Complete 
| 598|0x000000078ac00000, 0x000000078ae00000, 0x000000078ae00000|100%| E|CS|TAMS 0x000000078ac00000, 0x000000078ac00000| Complete 
| 599|0x000000078ae00000, 0x000000078b000000, 0x000000078b000000|100%| E|CS|TAMS 0x000000078ae00000, 0x000000078ae00000| Complete 
| 600|0x000000078b000000, 0x000000078b200000, 0x000000078b200000|100%| E|CS|TAMS 0x000000078b000000, 0x000000078b000000| Complete 
| 601|0x000000078b200000, 0x000000078b400000, 0x000000078b400000|100%| E|CS|TAMS 0x000000078b200000, 0x000000078b200000| Complete 
| 602|0x000000078b400000, 0x000000078b600000, 0x000000078b600000|100%| E|CS|TAMS 0x000000078b400000, 0x000000078b400000| Complete 
| 603|0x000000078b600000, 0x000000078b800000, 0x000000078b800000|100%| E|CS|TAMS 0x000000078b600000, 0x000000078b600000| Complete 
| 604|0x000000078b800000, 0x000000078ba00000, 0x000000078ba00000|100%| E|CS|TAMS 0x000000078b800000, 0x000000078b800000| Complete 
| 605|0x000000078ba00000, 0x000000078bc00000, 0x000000078bc00000|100%| E|CS|TAMS 0x000000078ba00000, 0x000000078ba00000| Complete 
| 606|0x000000078bc00000, 0x000000078be00000, 0x000000078be00000|100%| E|CS|TAMS 0x000000078bc00000, 0x000000078bc00000| Complete 
| 607|0x000000078be00000, 0x000000078c000000, 0x000000078c000000|100%| E|CS|TAMS 0x000000078be00000, 0x000000078be00000| Complete 
| 608|0x000000078c000000, 0x000000078c200000, 0x000000078c200000|100%| E|CS|TAMS 0x000000078c000000, 0x000000078c000000| Complete 
| 609|0x000000078c200000, 0x000000078c400000, 0x000000078c400000|100%| E|CS|TAMS 0x000000078c200000, 0x000000078c200000| Complete 
| 610|0x000000078c400000, 0x000000078c600000, 0x000000078c600000|100%| E|CS|TAMS 0x000000078c400000, 0x000000078c400000| Complete 
| 611|0x000000078c600000, 0x000000078c800000, 0x000000078c800000|100%| E|CS|TAMS 0x000000078c600000, 0x000000078c600000| Complete 

Card table byte_map: [0x0000021d19780000,0x0000021d19d80000] _byte_map_base: 0x0000021d15d80000

Marking Bits (Prev, Next): (CMBitMap*) 0x0000021d01e4c390, (CMBitMap*) 0x0000021d01e4c350
 Prev Bits: [0x0000021d1d380000, 0x0000021d20380000)
 Next Bits: [0x0000021d1a380000, 0x0000021d1d380000)

Polling page: 0x0000021d015a0000

Metaspace:

Usage:
  Non-class:     86.38 MB used.
      Class:     13.03 MB used.
       Both:     99.40 MB used.

Virtual space:
  Non-class space:      128.00 MB reserved,      86.88 MB ( 68%) committed,  2 nodes.
      Class space:        1.00 GB reserved,      13.50 MB (  1%) committed,  1 nodes.
             Both:        1.12 GB reserved,     100.38 MB (  9%) committed. 

Chunk freelists:
   Non-Class:  8.89 MB
       Class:  2.44 MB
        Both:  11.33 MB

MaxMetaspaceSize: unlimited
CompressedClassSpaceSize: 1.00 GB
Initial GC threshold: 21.00 MB
Current GC threshold: 144.81 MB
CDS: on
MetaspaceReclaimPolicy: balanced
 - commit_granule_bytes: 65536.
 - commit_granule_words: 8192.
 - virtual_space_node_default_size: 8388608.
 - enlarge_chunks_in_place: 1.
 - new_chunks_are_fully_committed: 0.
 - uncommit_free_chunks: 1.
 - use_allocation_guard: 0.
 - handle_deallocations: 1.


Internal statistics:

num_allocs_failed_limit: 6.
num_arena_births: 1408.
num_arena_deaths: 0.
num_vsnodes_births: 3.
num_vsnodes_deaths: 0.
num_space_committed: 1606.
num_space_uncommitted: 0.
num_chunks_returned_to_freelist: 6.
num_chunks_taken_from_freelist: 5654.
num_chunk_merges: 6.
num_chunk_splits: 3711.
num_chunks_enlarged: 2362.
num_inconsistent_stats: 0.

CodeHeap 'non-profiled nmethods': size=119168Kb used=15885Kb max_used=15885Kb free=103282Kb
 bounds [0x0000021d114a0000, 0x0000021d12430000, 0x0000021d18900000]
CodeHeap 'profiled nmethods': size=119104Kb used=35615Kb max_used=36382Kb free=83488Kb
 bounds [0x0000021d09900000, 0x0000021d0bc90000, 0x0000021d10d50000]
CodeHeap 'non-nmethods': size=7488Kb used=3635Kb max_used=4300Kb free=3853Kb
 bounds [0x0000021d10d50000, 0x0000021d111a0000, 0x0000021d114a0000]
 total_blobs=17744 nmethods=16762 adapters=889
 compilation: enabled
              stopped_count=0, restarted_count=0
 full_count=0

Compilation events (20 events):
Event: 34.405 Thread 0x0000021d233a3a00 nmethod 20606 0x0000021d12421510 code [0x0000021d124216a0, 0x0000021d12421778]
Event: 34.405 Thread 0x0000021d23397a40 nmethod 20576 0x0000021d12421810 code [0x0000021d124219c0, 0x0000021d12421f48]
Event: 34.405 Thread 0x0000021d23397a40 20577       4       org.gradle.internal.io.StreamByteBuffer$StreamByteBufferChunk::write (32 bytes)
Event: 34.406 Thread 0x0000021d23397a40 nmethod 20577 0x0000021d12422290 code [0x0000021d12422400, 0x0000021d124224f8]
Event: 34.406 Thread 0x0000021d23397a40 20601       4       org.gradle.internal.serialize.kryo.KryoBackedEncoder::flush (8 bytes)
Event: 34.406 Thread 0x0000021d233a3a00 20607       3       org.gradle.internal.logging.sink.OutputEventRenderer$3::onOutput (114 bytes)
Event: 34.407 Thread 0x0000021d72175e00 20608       3       org.gradle.internal.operations.logging.LoggingBuildOperationProgressBroadcaster::emit (16 bytes)
Event: 34.407 Thread 0x0000021d23455b00 20609       3       org.gradle.internal.operations.DefaultBuildOperationProgressEventEmitter::emit (23 bytes)
Event: 34.407 Thread 0x0000021d72175e00 nmethod 20608 0x0000021d0b280990 code [0x0000021d0b280b40, 0x0000021d0b280d88]
Event: 34.407 Thread 0x0000021d23455b00 nmethod 20609 0x0000021d0b35cc90 code [0x0000021d0b35ce60, 0x0000021d0b35d0d8]
Event: 34.407 Thread 0x0000021d233a3a00 nmethod 20607 0x0000021d0a760c10 code [0x0000021d0a760e80, 0x0000021d0a761d78]
Event: 34.407 Thread 0x0000021d23397a40 nmethod 20601 0x0000021d12422610 code [0x0000021d124227a0, 0x0000021d124228d8]
Event: 34.407 Thread 0x0000021d23397a40 20586       4       java.nio.charset.CharsetDecoder::flush (49 bytes)
Event: 34.408 Thread 0x0000021d72175e00 20611       3       org.gradle.internal.logging.services.TextStreamOutputEventListener::onOutput (45 bytes)
Event: 34.408 Thread 0x0000021d233a3a00 20612       3       org.gradle.internal.logging.events.StyledTextOutputEvent$Span::<init> (15 bytes)
Event: 34.408 Thread 0x0000021d23397a40 nmethod 20586 0x0000021d12422a10 code [0x0000021d12422ba0, 0x0000021d12422c98]
Event: 34.408 Thread 0x0000021d233a3a00 nmethod 20612 0x0000021d0b580f10 code [0x0000021d0b5810c0, 0x0000021d0b5812f8]
Event: 34.408 Thread 0x0000021d23397a40 20610   !   4       java.nio.charset.CharsetDecoder::decode (275 bytes)
Event: 34.408 Thread 0x0000021d72175e00 nmethod 20611 0x0000021d09cff790 code [0x0000021d09cff9a0, 0x0000021d09d00198]
Event: 34.411 Thread 0x0000021d23397a40 nmethod 20610 0x0000021d12422d90 code [0x0000021d12422f40, 0x0000021d124232a8]

GC Heap History (20 events):
Event: 15.374 GC heap before
{Heap before GC invocations=49 (full 0):
 garbage-first heap   total 243712K, used 165249K [0x0000000740000000, 0x0000000800000000)
  region size 2048K, 6 young (12288K), 4 survivors (8192K)
 Metaspace       used 87633K, committed 88576K, reserved 1179648K
  class space    used 11859K, committed 12288K, reserved 1048576K
}
Event: 15.381 GC heap after
{Heap after GC invocations=50 (full 0):
 garbage-first heap   total 413696K, used 166701K [0x0000000740000000, 0x0000000800000000)
  region size 2048K, 1 young (2048K), 1 survivors (2048K)
 Metaspace       used 87633K, committed 88576K, reserved 1179648K
  class space    used 11859K, committed 12288K, reserved 1048576K
}
Event: 15.817 GC heap before
{Heap before GC invocations=50 (full 0):
 garbage-first heap   total 413696K, used 252717K [0x0000000740000000, 0x0000000800000000)
  region size 2048K, 41 young (83968K), 1 survivors (2048K)
 Metaspace       used 87702K, committed 88704K, reserved 1179648K
  class space    used 11872K, committed 12352K, reserved 1048576K
}
Event: 15.832 GC heap after
{Heap after GC invocations=51 (full 0):
 garbage-first heap   total 413696K, used 205777K [0x0000000740000000, 0x0000000800000000)
  region size 2048K, 7 young (14336K), 7 survivors (14336K)
 Metaspace       used 87702K, committed 88704K, reserved 1179648K
  class space    used 11872K, committed 12352K, reserved 1048576K
}
Event: 16.172 GC heap before
{Heap before GC invocations=52 (full 0):
 garbage-first heap   total 413696K, used 281553K [0x0000000740000000, 0x0000000800000000)
  region size 2048K, 48 young (98304K), 7 survivors (14336K)
 Metaspace       used 87702K, committed 88704K, reserved 1179648K
  class space    used 11872K, committed 12352K, reserved 1048576K
}
Event: 16.201 GC heap after
{Heap after GC invocations=53 (full 0):
 garbage-first heap   total 413696K, used 208400K [0x0000000740000000, 0x0000000800000000)
  region size 2048K, 6 young (12288K), 6 survivors (12288K)
 Metaspace       used 87702K, committed 88704K, reserved 1179648K
  class space    used 11872K, committed 12352K, reserved 1048576K
}
Event: 16.213 GC heap before
{Heap before GC invocations=53 (full 0):
 garbage-first heap   total 413696K, used 216592K [0x0000000740000000, 0x0000000800000000)
  region size 2048K, 10 young (20480K), 6 survivors (12288K)
 Metaspace       used 87702K, committed 88704K, reserved 1179648K
  class space    used 11872K, committed 12352K, reserved 1048576K
}
Event: 16.219 GC heap after
{Heap after GC invocations=54 (full 0):
 garbage-first heap   total 413696K, used 214445K [0x0000000740000000, 0x0000000800000000)
  region size 2048K, 2 young (4096K), 2 survivors (4096K)
 Metaspace       used 87702K, committed 88704K, reserved 1179648K
  class space    used 11872K, committed 12352K, reserved 1048576K
}
Event: 16.577 GC heap before
{Heap before GC invocations=54 (full 0):
 garbage-first heap   total 413696K, used 294317K [0x0000000740000000, 0x0000000800000000)
  region size 2048K, 42 young (86016K), 2 survivors (4096K)
 Metaspace       used 87985K, committed 88896K, reserved 1179648K
  class space    used 11905K, committed 12352K, reserved 1048576K
}
Event: 16.583 GC heap after
{Heap after GC invocations=55 (full 0):
 garbage-first heap   total 413696K, used 228008K [0x0000000740000000, 0x0000000800000000)
  region size 2048K, 6 young (12288K), 6 survivors (12288K)
 Metaspace       used 87985K, committed 88896K, reserved 1179648K
  class space    used 11905K, committed 12352K, reserved 1048576K
}
Event: 17.405 GC heap before
{Heap before GC invocations=56 (full 0):
 garbage-first heap   total 417792K, used 332456K [0x0000000740000000, 0x0000000800000000)
  region size 2048K, 44 young (90112K), 6 survivors (12288K)
 Metaspace       used 94775K, committed 95744K, reserved 1179648K
  class space    used 12714K, committed 13184K, reserved 1048576K
}
Event: 17.416 GC heap after
{Heap after GC invocations=57 (full 0):
 garbage-first heap   total 417792K, used 261719K [0x0000000740000000, 0x0000000800000000)
  region size 2048K, 6 young (12288K), 6 survivors (12288K)
 Metaspace       used 94775K, committed 95744K, reserved 1179648K
  class space    used 12714K, committed 13184K, reserved 1048576K
}
Event: 17.472 GC heap before
{Heap before GC invocations=57 (full 0):
 garbage-first heap   total 417792K, used 267863K [0x0000000740000000, 0x0000000800000000)
  region size 2048K, 10 young (20480K), 6 survivors (12288K)
 Metaspace       used 94850K, committed 95808K, reserved 1179648K
  class space    used 12717K, committed 13184K, reserved 1048576K
}
Event: 17.491 GC heap after
{Heap after GC invocations=58 (full 0):
 garbage-first heap   total 417792K, used 241862K [0x0000000740000000, 0x0000000800000000)
  region size 2048K, 2 young (4096K), 2 survivors (4096K)
 Metaspace       used 94850K, committed 95808K, reserved 1179648K
  class space    used 12717K, committed 13184K, reserved 1048576K
}
Event: 17.676 GC heap before
{Heap before GC invocations=58 (full 0):
 garbage-first heap   total 417792K, used 260294K [0x0000000740000000, 0x0000000800000000)
  region size 2048K, 12 young (24576K), 2 survivors (4096K)
 Metaspace       used 95120K, committed 96064K, reserved 1179648K
  class space    used 12746K, committed 13184K, reserved 1048576K
}
Event: 17.682 GC heap after
{Heap after GC invocations=59 (full 0):
 garbage-first heap   total 1253376K, used 246247K [0x0000000740000000, 0x0000000800000000)
  region size 2048K, 4 young (8192K), 4 survivors (8192K)
 Metaspace       used 95120K, committed 96064K, reserved 1179648K
  class space    used 12746K, committed 13184K, reserved 1048576K
}
Event: 22.008 GC heap before
{Heap before GC invocations=59 (full 0):
 garbage-first heap   total 1253376K, used 764391K [0x0000000740000000, 0x0000000800000000)
  region size 2048K, 250 young (512000K), 4 survivors (8192K)
 Metaspace       used 99336K, committed 100288K, reserved 1179648K
  class space    used 13088K, committed 13504K, reserved 1048576K
}
Event: 22.033 GC heap after
{Heap after GC invocations=60 (full 0):
 garbage-first heap   total 1253376K, used 318603K [0x0000000740000000, 0x0000000800000000)
  region size 2048K, 31 young (63488K), 31 survivors (63488K)
 Metaspace       used 99336K, committed 100288K, reserved 1179648K
  class space    used 13088K, committed 13504K, reserved 1048576K
}
Event: 26.624 GC heap before
{Heap before GC invocations=60 (full 0):
 garbage-first heap   total 1253376K, used 857227K [0x0000000740000000, 0x0000000800000000)
  region size 2048K, 282 young (577536K), 31 survivors (63488K)
 Metaspace       used 100688K, committed 101696K, reserved 1179648K
  class space    used 13215K, committed 13696K, reserved 1048576K
}
Event: 26.693 GC heap after
{Heap after GC invocations=61 (full 0):
 garbage-first heap   total 1253376K, used 418930K [0x0000000740000000, 0x0000000800000000)
  region size 2048K, 36 young (73728K), 36 survivors (73728K)
 Metaspace       used 100688K, committed 101696K, reserved 1179648K
  class space    used 13215K, committed 13696K, reserved 1048576K
}

Dll operation events (16 events):
Event: 0.008 Loaded shared library C:\Users\27439\.jdks\corretto-17.0.10\bin\java.dll
Event: 0.022 Loaded shared library C:\Users\27439\.jdks\corretto-17.0.10\bin\jsvml.dll
Event: 0.080 Loaded shared library C:\Users\27439\.jdks\corretto-17.0.10\bin\zip.dll
Event: 0.087 Loaded shared library C:\Users\27439\.jdks\corretto-17.0.10\bin\instrument.dll
Event: 0.091 Loaded shared library C:\Users\27439\.jdks\corretto-17.0.10\bin\net.dll
Event: 0.092 Loaded shared library C:\Users\27439\.jdks\corretto-17.0.10\bin\nio.dll
Event: 0.095 Loaded shared library C:\Users\27439\.jdks\corretto-17.0.10\bin\zip.dll
Event: 0.234 Loaded shared library C:\Users\27439\.jdks\corretto-17.0.10\bin\jimage.dll
Event: 0.285 Loaded shared library C:\Users\27439\.jdks\corretto-17.0.10\bin\verify.dll
Event: 0.416 Loaded shared library C:\Users\27439\.gradle\native\68d5fa5c4cc2d200863cafc0d521ce42e7d3e7ee720ec0a83991735586a16f82\windows-amd64\native-platform.dll
Event: 0.420 Loaded shared library C:\Users\27439\.gradle\native\e376f236ea51e6404a007f0833ffe2c6e607c4080706a723a18a27aeea778392\windows-amd64\native-platform-file-events.dll
Event: 1.036 Loaded shared library C:\Users\27439\.jdks\corretto-17.0.10\bin\management.dll
Event: 1.038 Loaded shared library C:\Users\27439\.jdks\corretto-17.0.10\bin\management_ext.dll
Event: 1.231 Loaded shared library C:\Users\27439\.jdks\corretto-17.0.10\bin\extnet.dll
Event: 1.484 Loaded shared library C:\Users\27439\.jdks\corretto-17.0.10\bin\sunmscapi.dll
Event: 13.022 Loaded shared library C:\Users\27439\.jdks\corretto-17.0.10\bin\rmi.dll

Deoptimization events (20 events):
Event: 30.769 Thread 0x0000021d6b4a5070 DEOPT PACKING pc=0x0000021d0af39a34 sp=0x00000076e04fa910
Event: 30.769 Thread 0x0000021d6b4a5070 DEOPT UNPACKING pc=0x0000021d10da7143 sp=0x00000076e04f9e80 mode 1
Event: 30.769 Thread 0x0000021d6b4a5070 DEOPT PACKING pc=0x0000021d0b6d0e5d sp=0x00000076e04fa8e0
Event: 30.769 Thread 0x0000021d6b4a5070 DEOPT UNPACKING pc=0x0000021d10da7143 sp=0x00000076e04f9d88 mode 1
Event: 30.769 Thread 0x0000021d6b4a5070 DEOPT PACKING pc=0x0000021d0b6d0854 sp=0x00000076e04fa950
Event: 30.769 Thread 0x0000021d6b4a5070 DEOPT UNPACKING pc=0x0000021d10da7143 sp=0x00000076e04f9e08 mode 1
Event: 30.769 Thread 0x0000021d6b4a5070 DEOPT PACKING pc=0x0000021d0b6d0e5d sp=0x00000076e04fa980
Event: 30.769 Thread 0x0000021d6b4a5070 DEOPT UNPACKING pc=0x0000021d10da7143 sp=0x00000076e04f9e28 mode 1
Event: 30.769 Thread 0x0000021d6b4a5070 DEOPT PACKING pc=0x0000021d0b6d0854 sp=0x00000076e04fa9f0
Event: 30.769 Thread 0x0000021d6b4a5070 DEOPT UNPACKING pc=0x0000021d10da7143 sp=0x00000076e04f9ea8 mode 1
Event: 30.770 Thread 0x0000021d6b4a5070 DEOPT PACKING pc=0x0000021d0b3a322c sp=0x00000076e04faad0
Event: 30.770 Thread 0x0000021d6b4a5070 DEOPT UNPACKING pc=0x0000021d10da7143 sp=0x00000076e04fa010 mode 1
Event: 30.770 Thread 0x0000021d6b4a5070 DEOPT PACKING pc=0x0000021d0b523c34 sp=0x00000076e04fac00
Event: 30.770 Thread 0x0000021d6b4a5070 DEOPT UNPACKING pc=0x0000021d10da7143 sp=0x00000076e04fa0a0 mode 1
Event: 30.770 Thread 0x0000021d6b4a5070 DEOPT PACKING pc=0x0000021d0bb081c1 sp=0x00000076e04fa090
Event: 30.770 Thread 0x0000021d6b4a5070 DEOPT UNPACKING pc=0x0000021d10da7143 sp=0x00000076e04f9538 mode 1
Event: 30.771 Thread 0x0000021d6b4a5070 DEOPT PACKING pc=0x0000021d11a4d46c sp=0x00000076e04fa0f0
Event: 30.771 Thread 0x0000021d6b4a5070 DEOPT UNPACKING pc=0x0000021d10da7143 sp=0x00000076e04f95b8 mode 1
Event: 30.771 Thread 0x0000021d6b4a5070 DEOPT PACKING pc=0x0000021d11a4d46c sp=0x00000076e04fa1b0
Event: 30.771 Thread 0x0000021d6b4a5070 DEOPT UNPACKING pc=0x0000021d10da7143 sp=0x00000076e04f9678 mode 1

Classes unloaded (0 events):
No events

Classes redefined (0 events):
No events

Internal exceptions (20 events):
Event: 30.763 Thread 0x0000021d6b4a5070 Exception <a 'sun/nio/fs/WindowsException'{0x00000007722557a8}> (0x00000007722557a8) 
thrown [s\src\hotspot\share\prims\jni.cpp, line 516]
Event: 30.763 Thread 0x0000021d6b4a5070 Exception <a 'sun/nio/fs/WindowsException'{0x0000000772255a40}> (0x0000000772255a40) 
thrown [s\src\hotspot\share\prims\jni.cpp, line 516]
Event: 30.764 Thread 0x0000021d6b4a5070 Exception <a 'sun/nio/fs/WindowsException'{0x0000000772281af8}> (0x0000000772281af8) 
thrown [s\src\hotspot\share\prims\jni.cpp, line 516]
Event: 30.765 Thread 0x0000021d6b4a5070 Exception <a 'sun/nio/fs/WindowsException'{0x0000000772281de0}> (0x0000000772281de0) 
thrown [s\src\hotspot\share\prims\jni.cpp, line 516]
Event: 30.766 Thread 0x0000021d6b4a5070 Exception <a 'sun/nio/fs/WindowsException'{0x0000000772283c38}> (0x0000000772283c38) 
thrown [s\src\hotspot\share\prims\jni.cpp, line 516]
Event: 30.766 Thread 0x0000021d6b4a5070 Exception <a 'sun/nio/fs/WindowsException'{0x0000000772283e70}> (0x0000000772283e70) 
thrown [s\src\hotspot\share\prims\jni.cpp, line 516]
Event: 30.766 Thread 0x0000021d6b4a5070 Exception <a 'sun/nio/fs/WindowsException'{0x0000000772285cd0}> (0x0000000772285cd0) 
thrown [s\src\hotspot\share\prims\jni.cpp, line 516]
Event: 30.766 Thread 0x0000021d6b4a5070 Exception <a 'sun/nio/fs/WindowsException'{0x0000000772285f10}> (0x0000000772285f10) 
thrown [s\src\hotspot\share\prims\jni.cpp, line 516]
Event: 30.766 Thread 0x0000021d6b4a5070 Exception <a 'sun/nio/fs/WindowsException'{0x0000000772287eb8}> (0x0000000772287eb8) 
thrown [s\src\hotspot\share\prims\jni.cpp, line 516]
Event: 30.767 Thread 0x0000021d6b4a5070 Exception <a 'sun/nio/fs/WindowsException'{0x0000000772288650}> (0x0000000772288650) 
thrown [s\src\hotspot\share\prims\jni.cpp, line 516]
Event: 30.767 Thread 0x0000021d6b4a5070 Exception <a 'sun/nio/fs/WindowsException'{0x0000000772288c40}> (0x0000000772288c40) 
thrown [s\src\hotspot\share\prims\jni.cpp, line 516]
Event: 30.767 Thread 0x0000021d6b4a5070 Exception <a 'sun/nio/fs/WindowsException'{0x0000000772288e50}> (0x0000000772288e50) 
thrown [s\src\hotspot\share\prims\jni.cpp, line 516]
Event: 30.767 Thread 0x0000021d6b4a5070 Exception <a 'sun/nio/fs/WindowsException'{0x000000077228ac78}> (0x000000077228ac78) 
thrown [s\src\hotspot\share\prims\jni.cpp, line 516]
Event: 30.767 Thread 0x0000021d6b4a5070 Exception <a 'sun/nio/fs/WindowsException'{0x000000077228ae88}> (0x000000077228ae88) 
thrown [s\src\hotspot\share\prims\jni.cpp, line 516]
Event: 30.768 Thread 0x0000021d6b4a5070 Exception <a 'sun/nio/fs/WindowsException'{0x000000077228d340}> (0x000000077228d340) 
thrown [s\src\hotspot\share\prims\jni.cpp, line 516]
Event: 30.768 Thread 0x0000021d6b4a5070 Exception <a 'sun/nio/fs/WindowsException'{0x000000077228d550}> (0x000000077228d550) 
thrown [s\src\hotspot\share\prims\jni.cpp, line 516]
Event: 30.768 Thread 0x0000021d6b4a5070 Exception <a 'sun/nio/fs/WindowsException'{0x000000077228f368}> (0x000000077228f368) 
thrown [s\src\hotspot\share\prims\jni.cpp, line 516]
Event: 30.768 Thread 0x0000021d6b4a5070 Exception <a 'sun/nio/fs/WindowsException'{0x000000077228f578}> (0x000000077228f578) 
thrown [s\src\hotspot\share\prims\jni.cpp, line 516]
Event: 30.769 Thread 0x0000021d6b4a5070 Exception <a 'sun/nio/fs/WindowsException'{0x00000007722913b0}> (0x00000007722913b0) 
thrown [s\src\hotspot\share\prims\jni.cpp, line 516]
Event: 30.769 Thread 0x0000021d6b4a5070 Exception <a 'sun/nio/fs/WindowsException'{0x00000007722915d0}> (0x00000007722915d0) 
thrown [s\src\hotspot\share\prims\jni.cpp, line 516]

VM Operations (20 events):
Event: 27.343 Executing VM operation: HandshakeAllThreads
Event: 27.343 Executing VM operation: HandshakeAllThreads done
Event: 28.100 Executing VM operation: HandshakeAllThreads
Event: 28.101 Executing VM operation: HandshakeAllThreads done
Event: 28.103 Executing VM operation: HandshakeAllThreads
Event: 28.103 Executing VM operation: HandshakeAllThreads done
Event: 28.144 Executing VM operation: HandshakeAllThreads
Event: 28.144 Executing VM operation: HandshakeAllThreads done
Event: 28.228 Executing VM operation: ICBufferFull
Event: 28.228 Executing VM operation: ICBufferFull done
Event: 28.539 Executing VM operation: HandshakeAllThreads
Event: 28.539 Executing VM operation: HandshakeAllThreads done
Event: 28.539 Executing VM operation: HandshakeAllThreads
Event: 28.540 Executing VM operation: HandshakeAllThreads done
Event: 29.540 Executing VM operation: Cleanup
Event: 29.540 Executing VM operation: Cleanup done
Event: 30.540 Executing VM operation: Cleanup
Event: 30.541 Executing VM operation: Cleanup done
Event: 31.541 Executing VM operation: Cleanup
Event: 31.541 Executing VM operation: Cleanup done

Events (20 events):
Event: 30.679 loading class java/nio/file/FileChannelLinesSpliterator$1
Event: 30.679 loading class java/nio/file/FileChannelLinesSpliterator$1 done
Event: 30.715 Thread 0x0000021d72175e00 Thread added: 0x0000021d72175e00
Event: 30.715 Thread 0x0000021d72176350 Thread added: 0x0000021d72176350
Event: 30.725 loading class java/util/CollectionsBeanInfo
Event: 30.725 loading class java/util/CollectionsBeanInfo done
Event: 30.726 loading class java/util/CollectionsBeanInfo
Event: 30.726 loading class java/util/CollectionsBeanInfo done
Event: 30.726 loading class java/util/CollectionsCustomizer
Event: 30.726 loading class java/util/CollectionsCustomizer done
Event: 30.726 loading class java/util/CollectionsCustomizer
Event: 30.726 loading class java/util/CollectionsCustomizer done
Event: 30.728 Thread 0x0000021d721768a0 Thread added: 0x0000021d721768a0
Event: 30.730 Thread 0x0000021d7216fe60 Thread added: 0x0000021d7216fe60
Event: 30.739 Thread 0x0000021d72170900 Thread added: 0x0000021d72170900
Event: 31.067 Thread 0x0000021d7216fe60 Thread exited: 0x0000021d7216fe60
Event: 31.067 Thread 0x0000021d72170900 Thread exited: 0x0000021d72170900
Event: 31.461 Thread 0x0000021d721768a0 Thread exited: 0x0000021d721768a0
Event: 32.067 Thread 0x0000021d72176350 Thread exited: 0x0000021d72176350
Event: 34.396 Thread 0x0000021d72176350 Thread added: 0x0000021d72176350


Dynamic libraries:
0x00007ff7c5e10000 - 0x00007ff7c5e1e000 	C:\Users\27439\.jdks\corretto-17.0.10\bin\java.exe
0x00007ffb1ed90000 - 0x00007ffb1efa7000 	C:\WINDOWS\SYSTEM32\ntdll.dll
0x00007ffb1cd10000 - 0x00007ffb1cdd4000 	C:\WINDOWS\System32\KERNEL32.DLL
0x00007ffb1c0c0000 - 0x00007ffb1c46d000 	C:\WINDOWS\System32\KERNELBASE.dll
0x00007ffb1c590000 - 0x00007ffb1c6a1000 	C:\WINDOWS\System32\ucrtbase.dll
0x00007ffafc3c0000 - 0x00007ffafc3d7000 	C:\Users\27439\.jdks\corretto-17.0.10\bin\jli.dll
0x00007ffafc3a0000 - 0x00007ffafc3bb000 	C:\Users\27439\.jdks\corretto-17.0.10\bin\VCRUNTIME140.dll
0x00007ffb1dff0000 - 0x00007ffb1e19e000 	C:\WINDOWS\System32\USER32.dll
0x00007ffb09510000 - 0x00007ffb097a3000 	C:\WINDOWS\WinSxS\amd64_microsoft.windows.common-controls_6595b64144ccf1df_6.0.22621.3672_none_2713b9d173822955\COMCTL32.dll
0x00007ffb1c8c0000 - 0x00007ffb1c8e6000 	C:\WINDOWS\System32\win32u.dll
0x00007ffb1cc60000 - 0x00007ffb1cd07000 	C:\WINDOWS\System32\msvcrt.dll
0x00007ffb1cde0000 - 0x00007ffb1ce09000 	C:\WINDOWS\System32\GDI32.dll
0x00007ffb1c9b0000 - 0x00007ffb1cac9000 	C:\WINDOWS\System32\gdi32full.dll
0x00007ffb1c4f0000 - 0x00007ffb1c58a000 	C:\WINDOWS\System32\msvcp_win.dll
0x00007ffb1d960000 - 0x00007ffb1d991000 	C:\WINDOWS\System32\IMM32.DLL
0x00007ffb161a0000 - 0x00007ffb161ac000 	C:\Users\27439\.jdks\corretto-17.0.10\bin\vcruntime140_1.dll
0x00007ffaf8180000 - 0x00007ffaf820d000 	C:\Users\27439\.jdks\corretto-17.0.10\bin\msvcp140.dll
0x00007ffa9b750000 - 0x00007ffa9c3b2000 	C:\Users\27439\.jdks\corretto-17.0.10\bin\server\jvm.dll
0x00007ffb1ec90000 - 0x00007ffb1ed42000 	C:\WINDOWS\System32\ADVAPI32.dll
0x00007ffb1ea20000 - 0x00007ffb1eac9000 	C:\WINDOWS\System32\sechost.dll
0x00007ffb1c720000 - 0x00007ffb1c748000 	C:\WINDOWS\System32\bcrypt.dll
0x00007ffb1cb20000 - 0x00007ffb1cc34000 	C:\WINDOWS\System32\RPCRT4.dll
0x00007ffb1b3c0000 - 0x00007ffb1b40d000 	C:\WINDOWS\SYSTEM32\POWRPROF.dll
0x00007ffab3040000 - 0x00007ffab3049000 	C:\WINDOWS\SYSTEM32\WSOCK32.dll
0x00007ffb14390000 - 0x00007ffb143c4000 	C:\WINDOWS\SYSTEM32\WINMM.dll
0x00007ffb13f00000 - 0x00007ffb13f0a000 	C:\WINDOWS\SYSTEM32\VERSION.dll
0x00007ffb1d700000 - 0x00007ffb1d771000 	C:\WINDOWS\System32\WS2_32.dll
0x00007ffb1b290000 - 0x00007ffb1b2a3000 	C:\WINDOWS\SYSTEM32\UMPDC.dll
0x00007ffb1b110000 - 0x00007ffb1b128000 	C:\WINDOWS\SYSTEM32\kernel.appcore.dll
0x00007ffb16180000 - 0x00007ffb1618a000 	C:\Users\27439\.jdks\corretto-17.0.10\bin\jimage.dll
0x00007ffb12060000 - 0x00007ffb12292000 	C:\WINDOWS\SYSTEM32\DBGHELP.DLL
0x00007ffb1d9a0000 - 0x00007ffb1dd28000 	C:\WINDOWS\System32\combase.dll
0x00007ffb1d780000 - 0x00007ffb1d857000 	C:\WINDOWS\System32\OLEAUT32.dll
0x00007ffb12020000 - 0x00007ffb12052000 	C:\WINDOWS\SYSTEM32\dbgcore.DLL
0x00007ffb1c470000 - 0x00007ffb1c4eb000 	C:\WINDOWS\System32\bcryptPrimitives.dll
0x00007ffb10b60000 - 0x00007ffb10b9b000 	C:\Users\27439\.jdks\corretto-17.0.10\bin\jdwp.dll
0x00007ffb14580000 - 0x00007ffb1458e000 	C:\Users\27439\.jdks\corretto-17.0.10\bin\instrument.dll
0x00007ffaf8100000 - 0x00007ffaf8125000 	C:\Users\27439\.jdks\corretto-17.0.10\bin\java.dll
0x00007ffaf25b0000 - 0x00007ffaf2687000 	C:\Users\27439\.jdks\corretto-17.0.10\bin\jsvml.dll
0x00007ffb1cea0000 - 0x00007ffb1d6ff000 	C:\WINDOWS\System32\SHELL32.dll
0x00007ffb19fc0000 - 0x00007ffb1a8bc000 	C:\WINDOWS\SYSTEM32\windows.storage.dll
0x00007ffb19e80000 - 0x00007ffb19fbf000 	C:\WINDOWS\SYSTEM32\wintypes.dll
0x00007ffb1dd30000 - 0x00007ffb1de24000 	C:\WINDOWS\System32\SHCORE.dll
0x00007ffb1d860000 - 0x00007ffb1d8be000 	C:\WINDOWS\System32\shlwapi.dll
0x00007ffb1bff0000 - 0x00007ffb1c011000 	C:\WINDOWS\SYSTEM32\profapi.dll
0x00007ffb17620000 - 0x00007ffb1762c000 	C:\Users\27439\.jdks\corretto-17.0.10\bin\dt_socket.dll
0x00007ffb1ab10000 - 0x00007ffb1ab3d000 	C:\WINDOWS\SYSTEM32\IPHLPAPI.DLL
0x00007ffb1b610000 - 0x00007ffb1b679000 	C:\WINDOWS\system32\mswsock.dll
0x00007ffaf8160000 - 0x00007ffaf8178000 	C:\Users\27439\.jdks\corretto-17.0.10\bin\zip.dll
0x00007ffaf2590000 - 0x00007ffaf25a9000 	C:\Users\27439\.jdks\corretto-17.0.10\bin\net.dll
0x00007ffb16d40000 - 0x00007ffb16e76000 	C:\WINDOWS\SYSTEM32\WINHTTP.dll
0x00007ffaf2570000 - 0x00007ffaf2586000 	C:\Users\27439\.jdks\corretto-17.0.10\bin\nio.dll
0x00007ffb143d0000 - 0x00007ffb143e0000 	C:\Users\27439\.jdks\corretto-17.0.10\bin\verify.dll
0x00007ffb161b0000 - 0x00007ffb161d7000 	C:\Users\27439\.gradle\native\68d5fa5c4cc2d200863cafc0d521ce42e7d3e7ee720ec0a83991735586a16f82\windows-amd64\native-platform.dll
0x00007ffa9b600000 - 0x00007ffa9b744000 	C:\Users\27439\.gradle\native\e376f236ea51e6404a007f0833ffe2c6e607c4080706a723a18a27aeea778392\windows-amd64\native-platform-file-events.dll
0x00007ffafc390000 - 0x00007ffafc399000 	C:\Users\27439\.jdks\corretto-17.0.10\bin\management.dll
0x00007ffaf2490000 - 0x00007ffaf249b000 	C:\Users\27439\.jdks\corretto-17.0.10\bin\management_ext.dll
0x00007ffb1e8b0000 - 0x00007ffb1e8b8000 	C:\WINDOWS\System32\PSAPI.DLL
0x00007ffb1b860000 - 0x00007ffb1b87b000 	C:\WINDOWS\SYSTEM32\CRYPTSP.dll
0x00007ffb1b070000 - 0x00007ffb1b0a5000 	C:\WINDOWS\system32\rsaenh.dll
0x00007ffb1b6e0000 - 0x00007ffb1b708000 	C:\WINDOWS\SYSTEM32\USERENV.dll
0x00007ffb1b850000 - 0x00007ffb1b85c000 	C:\WINDOWS\SYSTEM32\CRYPTBASE.dll
0x00007ffb1d8c0000 - 0x00007ffb1d8c9000 	C:\WINDOWS\System32\NSI.dll
0x00007ffb16a20000 - 0x00007ffb16a39000 	C:\WINDOWS\SYSTEM32\dhcpcsvc6.DLL
0x00007ffb168e0000 - 0x00007ffb168ff000 	C:\WINDOWS\SYSTEM32\dhcpcsvc.DLL
0x00007ffb1ab40000 - 0x00007ffb1ac38000 	C:\WINDOWS\SYSTEM32\DNSAPI.dll
0x00007ffaf2480000 - 0x00007ffaf2489000 	C:\Users\27439\.jdks\corretto-17.0.10\bin\extnet.dll
0x00007ffaf2470000 - 0x00007ffaf247e000 	C:\Users\27439\.jdks\corretto-17.0.10\bin\sunmscapi.dll
0x00007ffb1c750000 - 0x00007ffb1c8b7000 	C:\WINDOWS\System32\CRYPT32.dll
0x00007ffb1ba70000 - 0x00007ffb1ba9e000 	C:\WINDOWS\SYSTEM32\ncrypt.dll
0x00007ffb1ba30000 - 0x00007ffb1ba67000 	C:\WINDOWS\SYSTEM32\NTASN1.dll
0x00007ffb01db0000 - 0x00007ffb01db8000 	C:\WINDOWS\system32\wshunix.dll
0x00007ffaf7650000 - 0x00007ffaf7667000 	C:\WINDOWS\system32\napinsp.dll
0x00007ffaf5070000 - 0x00007ffaf508b000 	C:\WINDOWS\system32\pnrpnsp.dll
0x00007ffaf5050000 - 0x00007ffaf5061000 	C:\WINDOWS\System32\winrnr.dll
0x00007ffaf4fb0000 - 0x00007ffaf4fc5000 	C:\WINDOWS\system32\wshbth.dll
0x00007ffaf4f80000 - 0x00007ffaf4fa7000 	C:\WINDOWS\system32\nlansp_c.dll
0x00007ffb14260000 - 0x00007ffb1426a000 	C:\Windows\System32\rasadhlp.dll
0x00007ffb150f0000 - 0x00007ffb15173000 	C:\WINDOWS\System32\fwpuclnt.dll
0x00007ffb11640000 - 0x00007ffb11647000 	C:\Users\27439\.jdks\corretto-17.0.10\bin\rmi.dll

dbghelp: loaded successfully - version: 4.0.5 - missing functions: none
symbol engine: initialized successfully - sym options: 0x614 - pdb path: .;C:\Users\27439\.jdks\corretto-17.0.10\bin;C:\WINDOWS\SYSTEM32;C:\WINDOWS\WinSxS\amd64_microsoft.windows.common-controls_6595b64144ccf1df_6.0.22621.3672_none_2713b9d173822955;C:\Users\27439\.jdks\corretto-17.0.10\bin\server;C:\Users\27439\.gradle\native\68d5fa5c4cc2d200863cafc0d521ce42e7d3e7ee720ec0a83991735586a16f82\windows-amd64;C:\Users\27439\.gradle\native\e376f236ea51e6404a007f0833ffe2c6e607c4080706a723a18a27aeea778392\windows-amd64

VM Arguments:
jvm_args: --add-opens=java.base/java.util.concurrent.atomic=ALL-UNNAMED -agentlib:jdwp=transport=dt_socket,server=n,suspend=y,address=127.0.0.1:59519 --add-opens=java.base/java.util=ALL-UNNAMED --add-opens=java.base/java.lang=ALL-UNNAMED --add-opens=java.base/java.lang.invoke=ALL-UNNAMED --add-opens=java.prefs/java.util.prefs=ALL-UNNAMED --add-opens=java.base/java.nio.charset=ALL-UNNAMED --add-opens=java.base/java.net=ALL-UNNAMED --add-opens=java.base/java.util.concurrent.atomic=ALL-UNNAMED -Xmx3g -Dfile.encoding=UTF-8 -Duser.country=CN -Duser.language=zh -Duser.variant -javaagent:C:\Users\27439\.gradle\wrapper\dists\gradle-8.2-all\2q3bs1ik8c4yxxdwn9pbenul9\gradle-8.2\lib\agents\gradle-instrumentation-agent-8.2.jar 
java_command: org.gradle.launcher.daemon.bootstrap.GradleDaemon 8.2
java_class_path (initial): C:\Users\27439\.gradle\wrapper\dists\gradle-8.2-all\2q3bs1ik8c4yxxdwn9pbenul9\gradle-8.2\lib\gradle-launcher-8.2.jar
Launcher Type: SUN_STANDARD

[Global flags]
     intx CICompilerCount                          = 12                                        {product} {ergonomic}
     uint ConcGCThreads                            = 3                                         {product} {ergonomic}
     uint G1ConcRefinementThreads                  = 13                                        {product} {ergonomic}
   size_t G1HeapRegionSize                         = 2097152                                   {product} {ergonomic}
    uintx GCDrainStackTargetSize                   = 64                                        {product} {ergonomic}
   size_t InitialHeapSize                          = 255852544                                 {product} {ergonomic}
   size_t MarkStackSize                            = 4194304                                   {product} {ergonomic}
   size_t MaxHeapSize                              = 3221225472                                {product} {command line}
   size_t MaxNewSize                               = 1931476992                                {product} {ergonomic}
   size_t MinHeapDeltaBytes                        = 2097152                                   {product} {ergonomic}
   size_t MinHeapSize                              = 8388608                                   {product} {ergonomic}
    uintx NonNMethodCodeHeapSize                   = 7602480                                {pd product} {ergonomic}
    uintx NonProfiledCodeHeapSize                  = 122027880                              {pd product} {ergonomic}
    uintx ProfiledCodeHeapSize                     = 122027880                              {pd product} {ergonomic}
    uintx ReservedCodeCacheSize                    = 251658240                              {pd product} {ergonomic}
     bool SegmentedCodeCache                       = true                                      {product} {ergonomic}
   size_t SoftMaxHeapSize                          = 3221225472                             {manageable} {ergonomic}
     bool UseCompressedClassPointers               = true                           {product lp64_product} {ergonomic}
     bool UseCompressedOops                        = true                           {product lp64_product} {ergonomic}
     bool UseG1GC                                  = true                                      {product} {ergonomic}
     bool UseLargePagesIndividualAllocation        = false                                  {pd product} {ergonomic}

Logging:
Log output configuration:
 #0: stdout all=warning uptime,level,tags
 #1: stderr all=off uptime,level,tags

Environment Variables:
JAVA_HOME=C:\Users\27439\.jdks\corretto-1.8.0_412
CLASSPATH=C:\Users\27439\.jdks\corretto-1.8.0_412\lib\dt.jar;C:\Users\27439\.jdks\corretto-1.8.0_412\lib\tools.jar
PATH=C:\Users\27439\AppData\Local\Programs\Python\Python312;C:\Program Files (x86)\VMware\VMware Workstation\bin\;C:\WINDOWS\system32;C:\WINDOWS;C:\WINDOWS\System32\Wbem;C:\WINDOWS\System32\WindowsPowerShell\v1.0\;C:\WINDOWS\System32\OpenSSH\;C:\Program Files\NVIDIA Corporation\NVIDIA NvDLISR;C:\Program Files (x86)\NVIDIA Corporation\PhysX\Common;C:\Program Files\Git\cmd;C:\ProgramData\chocolatey\bin;C:\Users\27439\AppData\Roaming\nvm;C:\Program Files\nodejs;C:\Program Files\dotnet\;C:\Program Files\CMake\bin;;C:\Program Files (x86)\Tencent\微信web开发者工具\dll;C:\Users\27439\.cargo\bin;C:\Program Files\MySQL\MySQL Shell 8.0\bin\;C:\Users\27439\AppData\Local\pnpm;C:\Users\27439\AppData\Local\Microsoft\WindowsApps;C:\Users\27439\AppData\Local\JetBrains\Toolbox\scripts;C:\Users\27439\AppData\Roaming\npm;C:\Users\27439\AppData\Local\Android\Sdk\platform-tools;C:\Users\27439\AppData\Local\Android\Sdk\emulator;C:\Users\27439\AppData\Local\Android\Sdktools;C:\Users\27439\AppData\Local\Android\Sdktools\bin;C:\Users\27439\AppData\Local\Programs\Microsoft VS Code\bin;C:\Program Files\adb;C:\Users\27439\AppData\Local\GitHubDesktop\bin;C:\Users\27439\AppData\Roaming\nvm;C:\Program Files\nodejs;C:\Program Files\ffmpeg\bin;C:\Users\27439\AppData\Roaming\Pub\Cache\bin;C:\Users\27439\.sdk\flutter\bin;C:\Users\27439\.dotnet\tools;C:\Users\27439\.sdk\golib\bin;C:\Users\27439\.sdk\go\bin;C:\Users\27439\.sdk\hover-master;C:\Users\27439\.sdk\mingw64\bin;C:\Users\27439\.sdk\cangjie\bin;C:\Users\27439\.sdk\cangjie\tools\bin;C:\Users\27439\.sdk\cangjie\runtime\lib\windows_x86_64_llvm;C:\Users\27439\.dotnet\tools;C:\Users\27439\AppData\Local\Programs\Python\Python312\Scripts;D:\编程;C:\Users\27439\.sdk\flutter3\bin;C:\Users\27439\AppData\Local\Android\Sdk\platform-tools;C:\Users\27439\AppData\Local\Android\Sdk\emulator;C:\Users\27439\AppData\Local\Android\Sdk\tools;C:\Users\27439\AppData\Local\Android\Sdk\tools\bin;C:\Users\27439\.jdks\corretto-1.8.0_412\bin
USERNAME=27439
OS=Windows_NT
PROCESSOR_IDENTIFIER=AMD64 Family 25 Model 68 Stepping 1, AuthenticAMD
TMP=C:\Users\27439\AppData\Local\Temp
TEMP=C:\Users\27439\AppData\Local\Temp



Periodic native trim disabled


---------------  S Y S T E M  ---------------

OS:
 Windows 11 , 64 bit Build 22621 (10.0.22621.3672)
OS uptime: 0 days 2:04 hours
Hyper-V role detected

CPU: total 16 (initial active 16) (16 cores per cpu, 2 threads per core) family 25 model 68 stepping 1 microcode 0x0, cx8, cmov, fxsr, ht, mmx, 3dnowpref, sse, sse2, sse3, ssse3, sse4a, sse4.1, sse4.2, popcnt, lzcnt, tsc, tscinvbit, avx, avx2, aes, clmul, bmi1, bmi2, adx, sha, fma, vzeroupper, clflush, clflushopt, hv
Processor Information for all 16 processors :
  Max Mhz: 3201, Current Mhz: 3201, Mhz Limit: 3201

Memory: 4k page, system-wide physical 15613M (457M free)
TotalPageFile size 23956M (AvailPageFile size 0M)
current process WorkingSet (physical memory assigned to process): 1413M, peak: 1482M
current process commit charge ("private bytes"): 1687M, peak: 1832M

vm_info: OpenJDK 64-Bit Server VM (17.0.10+7-LTS) for windows-amd64 JRE (17.0.10+7-LTS), built on Jan 10 2024 22:11:07 by "Administrator" with MS VC++ 16.10 / 16.11 (VS2019)

END.
