#
# There is insufficient memory for the Java Runtime Environment to continue.
# Native memory allocation (malloc) failed to allocate 1589296 bytes. Error detail: Chunk::new
# Possible reasons:
#   The system is out of physical RAM or swap space
#   This process is running with CompressedOops enabled, and the Java Heap may be blocking the growth of the native heap
# Possible solutions:
#   Reduce memory load on the system
#   Increase physical memory or swap space
#   Check if swap backing store is full
#   Decrease Java heap size (-Xmx/-Xms)
#   Decrease number of Java threads
#   Decrease Java thread stack sizes (-Xss)
#   Set larger code cache with -XX:ReservedCodeCacheSize=
#   JVM is running with Zero Based Compressed Oops mode in which the Java heap is
#     placed in the first 32GB address space. The Java Heap base address is the
#     maximum limit for the native heap growth. Please use -XX:HeapBaseMinAddress
#     to set the Java Heap base and to place the Java Heap above 32GB virtual address.
# This output file may be truncated or incomplete.
#
#  Out of Memory Error (arena.cpp:191), pid=19996, tid=31488
#
# JRE version: OpenJDK Runtime Environment Corretto-17.0.14.7.1 (17.0.14+7) (build 17.0.14+7-LTS)
# Java VM: OpenJDK 64-Bit Server VM Corretto-17.0.14.7.1 (17.0.14+7-LTS, mixed mode, sharing, tiered, compressed oops, compressed class ptrs, g1 gc, windows-amd64)
# No core dump will be written. Minidumps are not enabled by default on client versions of Windows
#

---------------  S U M M A R Y ------------

Command Line: --add-opens=java.base/java.util=ALL-UNNAMED --add-opens=java.base/java.lang=ALL-UNNAMED --add-opens=java.base/java.lang.invoke=ALL-UNNAMED --add-opens=java.prefs/java.util.prefs=ALL-UNNAMED --add-exports=jdk.compiler/com.sun.tools.javac.api=ALL-UNNAMED --add-exports=jdk.compiler/com.sun.tools.javac.util=ALL-UNNAMED --add-opens=java.base/java.nio.charset=ALL-UNNAMED --add-opens=java.base/java.net=ALL-UNNAMED --add-opens=java.base/java.util.concurrent.atomic=ALL-UNNAMED -Xmx3g -Dfile.encoding=UTF-8 -Duser.country=CN -Duser.language=zh -Duser.variant -javaagent:C:\Users\27439\.gradle\wrapper\dists\gradle-8.10.2-all\cxakslhgak9bfo5baa5oucxya\gradle-8.10.2\lib\agents\gradle-instrumentation-agent-8.10.2.jar org.gradle.launcher.daemon.bootstrap.GradleDaemon 8.10.2

Host: AMD Ryzen 7 6800H with Radeon Graphics         , 16 cores, 15G,  Windows 11 , 64 bit Build 26100 (10.0.26100.3775)
Time: Mon Apr 21 14:07:31 2025  Windows 11 , 64 bit Build 26100 (10.0.26100.3775) elapsed time: 2305.756787 seconds (0d 0h 38m 25s)

---------------  T H R E A D  ---------------

Current thread (0x00000241d40369b0):  JavaThread "C2 CompilerThread0" daemon [_thread_in_native, id=31488, stack(0x000000684cf00000,0x000000684d000000)]


Current CompileTask:
C2:2305756 37866   !   4       org.gradle.launcher.daemon.server.health.gc.GarbageCollectionCheck::run (213 bytes)

Stack: [0x000000684cf00000,0x000000684d000000]
Native frames: (J=compiled Java code, j=interpreted, Vv=VM code, C=native code)
V  [jvm.dll+0x681069]
V  [jvm.dll+0x838cca]
V  [jvm.dll+0x83a78e]
V  [jvm.dll+0x83adf3]
V  [jvm.dll+0x24826f]
V  [jvm.dll+0xac9f4]
V  [jvm.dll+0xad03c]
V  [jvm.dll+0x3678e2]
V  [jvm.dll+0x331cda]
V  [jvm.dll+0x33117a]
V  [jvm.dll+0x21a7b1]
V  [jvm.dll+0x219bf1]
V  [jvm.dll+0x1a599d]
V  [jvm.dll+0x22994d]
V  [jvm.dll+0x227adc]
V  [jvm.dll+0x7edb77]
V  [jvm.dll+0x7e7f6c]
V  [jvm.dll+0x67ff37]
C  [ucrtbase.dll+0x37b0]
C  [KERNEL32.DLL+0x2e8d7]
C  [ntdll.dll+0xb14fc]


---------------  P R O C E S S  ---------------

Threads class SMR info:
_java_thread_list=0x00000241e06e54f0, length=184, elements={
0x00000241f0f19a50, 0x00000241d40095e0, 0x00000241d400ab20, 0x00000241d402b470,
0x00000241d402fd60, 0x00000241d40311a0, 0x00000241d40335f0, 0x00000241d40369b0,
0x00000241d4051bb0, 0x00000241d40540e0, 0x00000241d4189550, 0x00000241d4205050,
0x00000241da955440, 0x00000241d481d7f0, 0x00000241da850e50, 0x00000241da9dee00,
0x00000241da9dca90, 0x00000241da9dd4b0, 0x00000241da9de8f0, 0x00000241da9df310,
0x00000241dd52ee90, 0x00000241dd52bbf0, 0x00000241dd52df60, 0x00000241dd5302d0,
0x00000241dd531710, 0x00000241dd531c20, 0x00000241e0adc4e0, 0x00000241def050a0,
0x00000241dc59bca0, 0x00000241e0adc9f0, 0x00000241db7b2900, 0x00000241db7b3320,
0x00000241dd316740, 0x00000241dc4e94a0, 0x00000241e03f9670, 0x00000241df79d1b0,
0x00000241df79bd70, 0x00000241e0adab90, 0x00000241db39cc40, 0x00000241d47342e0,
0x00000241dd443a00, 0x00000241dd445860, 0x00000241dd446280, 0x00000241dd443f10,
0x00000241dd444930, 0x00000241dd446ca0, 0x00000241dd446790, 0x00000241dd444e40,
0x00000241e0ada170, 0x00000241dfe348a0, 0x00000241dfe34db0, 0x00000241dfe32530,
0x00000241dfe33970, 0x00000241df336a60, 0x00000241df336040, 0x00000241df335620,
0x00000241df333cd0, 0x00000241df336550, 0x00000241df336f70, 0x00000241df337480,
0x00000241df334c00, 0x00000241df3341e0, 0x00000241df3346f0, 0x00000241df335110,
0x00000241e03f7300, 0x00000241e03f7810, 0x00000241e03f7d20, 0x00000241e03f63d0,
0x00000241e03f5ec0, 0x00000241e03f8230, 0x00000241e03f8c50, 0x00000241e03f68e0,
0x00000241e03f6df0, 0x00000241e03f8740, 0x00000241e03f9160, 0x00000241e9e9bea0,
0x00000241e9e9c3b0, 0x00000241e9e9c8c0, 0x00000241e9e9a550, 0x00000241e9e9cdd0,
0x00000241e9e9aa60, 0x00000241e9e9b480, 0x00000241e9e9d7f0, 0x00000241e9e9d2e0,
0x00000241e9e9dd00, 0x00000241e9e9af70, 0x00000241e9e9b990, 0x00000241deced050,
0x00000241decec120, 0x00000241decebc10, 0x00000241deced560, 0x00000241decee490,
0x00000241dececb40, 0x00000241dd444420, 0x00000241d4733dd0, 0x00000241e0adcf00,
0x00000241e0ad9750, 0x00000241dc4ea3d0, 0x00000241e0add410, 0x00000241e0ad9c60,
0x00000241e0adbfd0, 0x00000241e0add920, 0x00000241e0adde30, 0x00000241e05dec20,
0x00000241e05de200, 0x00000241e05de710, 0x00000241e05df130, 0x00000241e05e0570,
0x00000241e05df640, 0x00000241e05dfb50, 0x00000241e05e0a80, 0x00000241dc4e99b0,
0x00000241e0ada680, 0x00000241e0ade340, 0x00000241d4236aa0, 0x00000241d42374c0,
0x00000241d4237ee0, 0x00000241d42383f0, 0x00000241d42379d0, 0x00000241db99b450,
0x00000241db999b00, 0x00000241db99af40, 0x00000241db99a010, 0x00000241db99aa30,
0x00000241db997ca0, 0x00000241db99a520, 0x00000241db9995f0, 0x00000241d9790d50,
0x00000241d9791c80, 0x00000241e0adbac0, 0x00000241e0ade850, 0x00000241e0adb5b0,
0x00000241e0adb0a0, 0x00000241e0aded60, 0x00000241e0adf270, 0x00000241e0ae01a0,
0x00000241e0ae06b0, 0x00000241e0adf780, 0x00000241dd52cb20, 0x00000241dd52f8b0,
0x00000241db7af310, 0x00000241dd52c100, 0x00000241dd52d540, 0x00000241dd52da50,
0x00000241dd52e470, 0x00000241dd52e980, 0x00000241dd52c610, 0x00000241dd532640,
0x00000241dd533570, 0x00000241dd52fdc0, 0x00000241dd5307e0, 0x00000241db7b1170,
0x00000241db7b0240, 0x00000241db7ae8f0, 0x00000241db7b0750, 0x00000241db7aee00,
0x00000241db7afd30, 0x00000241db7b0c60, 0x00000241decc5f90, 0x00000241decc5a80,
0x00000241decc6ec0, 0x00000241decc64a0, 0x00000241decc69b0, 0x00000241decc4640,
0x00000241decc3710, 0x00000241decc4b50, 0x00000241dfe33460, 0x00000241dda38010,
0x00000241dda38520, 0x00000241dda38a30, 0x00000241dda375f0, 0x00000241dda37b00,
0x00000241e05e14a0, 0x00000241d9f8ad80, 0x00000241d9f8a360, 0x00000241d9f8a870,
0x00000241e1ca52c0, 0x00000241e1ca4390, 0x00000241e1ca48a0, 0x00000241e1ca57d0,
0x00000241e1ca3e80, 0x00000241dd2b8400, 0x00000241dc4e9ec0, 0x00000241de22ce70
}

Java Threads: ( => current thread )
  0x00000241f0f19a50 JavaThread "main" [_thread_blocked, id=7712, stack(0x000000684c200000,0x000000684c300000)]
  0x00000241d40095e0 JavaThread "Reference Handler" daemon [_thread_blocked, id=31712, stack(0x000000684c900000,0x000000684ca00000)]
  0x00000241d400ab20 JavaThread "Finalizer" daemon [_thread_blocked, id=31708, stack(0x000000684ca00000,0x000000684cb00000)]
  0x00000241d402b470 JavaThread "Signal Dispatcher" daemon [_thread_blocked, id=31696, stack(0x000000684cb00000,0x000000684cc00000)]
  0x00000241d402fd60 JavaThread "Attach Listener" daemon [_thread_blocked, id=32536, stack(0x000000684cc00000,0x000000684cd00000)]
  0x00000241d40311a0 JavaThread "Service Thread" daemon [_thread_blocked, id=31284, stack(0x000000684cd00000,0x000000684ce00000)]
  0x00000241d40335f0 JavaThread "Monitor Deflation Thread" daemon [_thread_blocked, id=30780, stack(0x000000684ce00000,0x000000684cf00000)]
=>0x00000241d40369b0 JavaThread "C2 CompilerThread0" daemon [_thread_in_native, id=31488, stack(0x000000684cf00000,0x000000684d000000)]
  0x00000241d4051bb0 JavaThread "C1 CompilerThread0" daemon [_thread_blocked, id=29488, stack(0x000000684d000000,0x000000684d100000)]
  0x00000241d40540e0 JavaThread "Sweeper thread" daemon [_thread_blocked, id=15828, stack(0x000000684d100000,0x000000684d200000)]
  0x00000241d4189550 JavaThread "Common-Cleaner" daemon [_thread_blocked, id=30492, stack(0x000000684d300000,0x000000684d400000)]
  0x00000241d4205050 JavaThread "Notification Thread" daemon [_thread_blocked, id=33324, stack(0x000000684d600000,0x000000684d700000)]
  0x00000241da955440 JavaThread "Daemon health stats" [_thread_blocked, id=19856, stack(0x000000684da00000,0x000000684db00000)]
  0x00000241d481d7f0 JavaThread "Incoming local TCP Connector on port 64329" [_thread_in_native, id=22392, stack(0x000000684e000000,0x000000684e100000)]
  0x00000241da850e50 JavaThread "Daemon periodic checks" [_thread_blocked, id=30740, stack(0x000000684e100000,0x000000684e200000)]
  0x00000241da9dee00 JavaThread "Cache worker for journal cache (C:\Users\27439\.gradle\caches\journal-1)" [_thread_blocked, id=31420, stack(0x000000684e900000,0x000000684ea00000)]
  0x00000241da9dca90 JavaThread "File lock request listener" [_thread_in_native, id=30860, stack(0x000000684ea00000,0x000000684eb00000)]
  0x00000241da9dd4b0 JavaThread "Cache worker for file hash cache (C:\Users\27439\.gradle\caches\8.10.2\fileHashes)" [_thread_blocked, id=30968, stack(0x000000684eb00000,0x000000684ec00000)]
  0x00000241da9de8f0 JavaThread "File watcher server" daemon [_thread_in_native, id=24820, stack(0x000000684f700000,0x000000684f800000)]
  0x00000241da9df310 JavaThread "File watcher consumer" daemon [_thread_blocked, id=8584, stack(0x000000684f800000,0x000000684f900000)]
  0x00000241dd52ee90 JavaThread "Cache worker for file content cache (C:\Users\27439\.gradle\caches\8.10.2\fileContent)" [_thread_blocked, id=33592, stack(0x000000684fa00000,0x000000684fb00000)]
  0x00000241dd52bbf0 JavaThread "jar transforms" [_thread_blocked, id=6780, stack(0x000000684fd00000,0x000000684fe00000)]
  0x00000241dd52df60 JavaThread "jar transforms Thread 2" [_thread_blocked, id=32528, stack(0x000000684fe00000,0x000000684ff00000)]
  0x00000241dd5302d0 JavaThread "jar transforms Thread 3" [_thread_blocked, id=31496, stack(0x0000006850300000,0x0000006850400000)]
  0x00000241dd531710 JavaThread "jar transforms Thread 4" [_thread_blocked, id=32844, stack(0x0000006850b00000,0x0000006850c00000)]
  0x00000241dd531c20 JavaThread "jar transforms Thread 5" [_thread_blocked, id=29164, stack(0x0000006850c00000,0x0000006850d00000)]
  0x00000241e0adc4e0 JavaThread "jar transforms Thread 6" [_thread_blocked, id=33704, stack(0x0000006851100000,0x0000006851200000)]
  0x00000241def050a0 JavaThread "Memory manager" [_thread_blocked, id=29504, stack(0x0000006854400000,0x0000006854500000)]
  0x00000241dc59bca0 JavaThread "jar transforms Thread 7" [_thread_blocked, id=23556, stack(0x0000006851000000,0x0000006851100000)]
  0x00000241e0adc9f0 JavaThread "jar transforms Thread 8" [_thread_blocked, id=28880, stack(0x0000006851200000,0x0000006851300000)]
  0x00000241db7b2900 JavaThread "RMI Scheduler(0)" daemon [_thread_blocked, id=23128, stack(0x0000006850700000,0x0000006850800000)]
  0x00000241db7b3320 JavaThread "RMI TCP Accept-0" daemon [_thread_in_native, id=5656, stack(0x0000006859300000,0x0000006859400000)]
  0x00000241dd316740 JavaThread "Cache worker for Java compile cache (C:\Users\27439\.gradle\caches\8.10.2\javaCompile)" [_thread_blocked, id=32224, stack(0x0000006859100000,0x0000006859200000)]
  0x00000241dc4e94a0 JavaThread "Daemon worker Thread 2" [_thread_blocked, id=14680, stack(0x000000684d200000,0x000000684d300000)]
  0x00000241e03f9670 JavaThread "Exec process Thread 4" [_thread_in_native, id=31908, stack(0x0000006853000000,0x0000006853100000)]
  0x00000241df79d1b0 JavaThread "Exec process Thread 5" [_thread_in_native, id=30276, stack(0x0000006853100000,0x0000006853200000)]
  0x00000241df79bd70 JavaThread "Exec process Thread 6" [_thread_in_native, id=3084, stack(0x0000006853200000,0x0000006853300000)]
  0x00000241e0adab90 JavaThread "RMI GC Daemon" daemon [_thread_blocked, id=6288, stack(0x0000006858100000,0x0000006858200000)]
  0x00000241db39cc40 JavaThread "RMI Reaper" [_thread_blocked, id=33720, stack(0x0000006858300000,0x0000006858400000)]
  0x00000241d47342e0 JavaThread "Daemon Thread 4" [_thread_blocked, id=6444, stack(0x000000684d400000,0x000000684d500000)]
  0x00000241dd443a00 JavaThread "Handler for socket connection from /127.0.0.1:64329 to /127.0.0.1:59657" [_thread_in_native, id=20420, stack(0x000000684c000000,0x000000684c100000)]
  0x00000241dd445860 JavaThread "Cancel handler" [_thread_blocked, id=33764, stack(0x000000684d500000,0x000000684d600000)]
  0x00000241dd446280 JavaThread "Asynchronous log dispatcher for DefaultDaemonConnection: socket connection from /127.0.0.1:64329 to /127.0.0.1:59657" [_thread_blocked, id=6252, stack(0x000000684d800000,0x000000684d900000)]
  0x00000241dd443f10 JavaThread "Stdin handler" [_thread_blocked, id=23664, stack(0x000000684df00000,0x000000684e000000)]
  0x00000241dd444930 JavaThread "Daemon client event forwarder" [_thread_blocked, id=17612, stack(0x000000684e200000,0x000000684e300000)]
  0x00000241dd446ca0 JavaThread "Cache worker for file hash cache (D:\code\intellij\intellij-cangjie\.gradle\8.10.2\fileHashes)" [_thread_blocked, id=27932, stack(0x000000684e300000,0x000000684e400000)]
  0x00000241dd446790 JavaThread "Cache worker for Build Output Cleanup Cache (D:\code\intellij\intellij-cangjie\.gradle\buildOutputCleanup)" [_thread_blocked, id=31880, stack(0x000000684e400000,0x000000684e500000)]
  0x00000241dd444e40 JavaThread "Cache worker for checksums cache (D:\code\intellij\intellij-cangjie\.gradle\8.10.2\checksums)" [_thread_blocked, id=31052, stack(0x000000684e500000,0x000000684e600000)]
  0x00000241e0ada170 JavaThread "Cache worker for cache directory md-rule (C:\Users\27439\.gradle\caches\8.10.2\md-rule)" [_thread_blocked, id=32524, stack(0x000000684e600000,0x000000684e700000)]
  0x00000241dfe348a0 JavaThread "Cache worker for cache directory md-supplier (C:\Users\27439\.gradle\caches\8.10.2\md-supplier)" [_thread_blocked, id=8992, stack(0x000000684e700000,0x000000684e800000)]
  0x00000241dfe34db0 JavaThread "Unconstrained build operations" [_thread_blocked, id=29980, stack(0x000000684e800000,0x000000684e900000)]
  0x00000241dfe32530 JavaThread "Unconstrained build operations Thread 2" [_thread_blocked, id=28032, stack(0x000000684ec00000,0x000000684ed00000)]
  0x00000241dfe33970 JavaThread "Unconstrained build operations Thread 3" [_thread_blocked, id=9584, stack(0x000000684ed00000,0x000000684ee00000)]
  0x00000241df336a60 JavaThread "Unconstrained build operations Thread 4" [_thread_blocked, id=30952, stack(0x000000684f900000,0x000000684fa00000)]
  0x00000241df336040 JavaThread "Unconstrained build operations Thread 5" [_thread_blocked, id=17996, stack(0x000000684fb00000,0x000000684fc00000)]
  0x00000241df335620 JavaThread "Unconstrained build operations Thread 6" [_thread_blocked, id=30784, stack(0x000000684fc00000,0x000000684fd00000)]
  0x00000241df333cd0 JavaThread "Unconstrained build operations Thread 7" [_thread_blocked, id=17940, stack(0x000000684ff00000,0x0000006850000000)]
  0x00000241df336550 JavaThread "Unconstrained build operations Thread 8" [_thread_blocked, id=8032, stack(0x0000006850000000,0x0000006850100000)]
  0x00000241df336f70 JavaThread "Unconstrained build operations Thread 9" [_thread_blocked, id=32928, stack(0x0000006850200000,0x0000006850300000)]
  0x00000241df337480 JavaThread "Unconstrained build operations Thread 10" [_thread_blocked, id=30844, stack(0x0000006850400000,0x0000006850500000)]
  0x00000241df334c00 JavaThread "Unconstrained build operations Thread 11" [_thread_blocked, id=15436, stack(0x0000006850500000,0x0000006850600000)]
  0x00000241df3341e0 JavaThread "Unconstrained build operations Thread 12" [_thread_blocked, id=34216, stack(0x0000006850800000,0x0000006850900000)]
  0x00000241df3346f0 JavaThread "Unconstrained build operations Thread 13" [_thread_blocked, id=7544, stack(0x0000006850a00000,0x0000006850b00000)]
  0x00000241df335110 JavaThread "Unconstrained build operations Thread 14" [_thread_blocked, id=33980, stack(0x0000006850d00000,0x0000006850e00000)]
  0x00000241e03f7300 JavaThread "Unconstrained build operations Thread 15" [_thread_blocked, id=34776, stack(0x0000006850e00000,0x0000006850f00000)]
  0x00000241e03f7810 JavaThread "Unconstrained build operations Thread 16" [_thread_blocked, id=35580, stack(0x0000006850f00000,0x0000006851000000)]
  0x00000241e03f7d20 JavaThread "Unconstrained build operations Thread 17" [_thread_blocked, id=23144, stack(0x0000006851300000,0x0000006851400000)]
  0x00000241e03f63d0 JavaThread "Unconstrained build operations Thread 18" [_thread_blocked, id=34900, stack(0x0000006851400000,0x0000006851500000)]
  0x00000241e03f5ec0 JavaThread "Unconstrained build operations Thread 19" [_thread_blocked, id=30816, stack(0x0000006851500000,0x0000006851600000)]
  0x00000241e03f8230 JavaThread "Unconstrained build operations Thread 20" [_thread_blocked, id=17436, stack(0x0000006851600000,0x0000006851700000)]
  0x00000241e03f8c50 JavaThread "Unconstrained build operations Thread 21" [_thread_blocked, id=20640, stack(0x0000006851700000,0x0000006851800000)]
  0x00000241e03f68e0 JavaThread "Unconstrained build operations Thread 22" [_thread_blocked, id=15580, stack(0x0000006851800000,0x0000006851900000)]
  0x00000241e03f6df0 JavaThread "Unconstrained build operations Thread 23" [_thread_blocked, id=16512, stack(0x0000006851900000,0x0000006851a00000)]
  0x00000241e03f8740 JavaThread "Unconstrained build operations Thread 24" [_thread_blocked, id=7272, stack(0x0000006851a00000,0x0000006851b00000)]
  0x00000241e03f9160 JavaThread "Unconstrained build operations Thread 25" [_thread_blocked, id=23812, stack(0x0000006851b00000,0x0000006851c00000)]
  0x00000241e9e9bea0 JavaThread "Unconstrained build operations Thread 26" [_thread_blocked, id=23924, stack(0x0000006851c00000,0x0000006851d00000)]
  0x00000241e9e9c3b0 JavaThread "Unconstrained build operations Thread 27" [_thread_blocked, id=20540, stack(0x0000006851d00000,0x0000006851e00000)]
  0x00000241e9e9c8c0 JavaThread "Unconstrained build operations Thread 28" [_thread_blocked, id=30336, stack(0x0000006851e00000,0x0000006851f00000)]
  0x00000241e9e9a550 JavaThread "Unconstrained build operations Thread 29" [_thread_blocked, id=23020, stack(0x0000006851f00000,0x0000006852000000)]
  0x00000241e9e9cdd0 JavaThread "Unconstrained build operations Thread 30" [_thread_blocked, id=25588, stack(0x0000006852000000,0x0000006852100000)]
  0x00000241e9e9aa60 JavaThread "Unconstrained build operations Thread 31" [_thread_blocked, id=35460, stack(0x0000006852100000,0x0000006852200000)]
  0x00000241e9e9b480 JavaThread "Unconstrained build operations Thread 32" [_thread_blocked, id=32472, stack(0x0000006852200000,0x0000006852300000)]
  0x00000241e9e9d7f0 JavaThread "Unconstrained build operations Thread 33" [_thread_blocked, id=22300, stack(0x0000006852300000,0x0000006852400000)]
  0x00000241e9e9d2e0 JavaThread "Unconstrained build operations Thread 34" [_thread_blocked, id=22348, stack(0x0000006852400000,0x0000006852500000)]
  0x00000241e9e9dd00 JavaThread "Unconstrained build operations Thread 35" [_thread_blocked, id=16152, stack(0x0000006852500000,0x0000006852600000)]
  0x00000241e9e9af70 JavaThread "Unconstrained build operations Thread 36" [_thread_blocked, id=32056, stack(0x0000006852600000,0x0000006852700000)]
  0x00000241e9e9b990 JavaThread "Unconstrained build operations Thread 37" [_thread_blocked, id=29772, stack(0x0000006852700000,0x0000006852800000)]
  0x00000241deced050 JavaThread "Unconstrained build operations Thread 38" [_thread_blocked, id=26988, stack(0x0000006852800000,0x0000006852900000)]
  0x00000241decec120 JavaThread "Unconstrained build operations Thread 39" [_thread_blocked, id=14464, stack(0x0000006852900000,0x0000006852a00000)]
  0x00000241decebc10 JavaThread "Unconstrained build operations Thread 40" [_thread_blocked, id=34760, stack(0x0000006852a00000,0x0000006852b00000)]
  0x00000241deced560 JavaThread "Unconstrained build operations Thread 41" [_thread_blocked, id=8736, stack(0x0000006852b00000,0x0000006852c00000)]
  0x00000241decee490 JavaThread "Unconstrained build operations Thread 42" [_thread_blocked, id=34656, stack(0x0000006852c00000,0x0000006852d00000)]
  0x00000241dececb40 JavaThread "build event listener" [_thread_blocked, id=35780, stack(0x0000006852d00000,0x0000006852e00000)]
  0x00000241dd444420 JavaThread "Unconstrained build operations Thread 43" [_thread_blocked, id=15516, stack(0x0000006850900000,0x0000006850a00000)]
  0x00000241d4733dd0 JavaThread "included builds" [_thread_blocked, id=29600, stack(0x000000684c100000,0x000000684c200000)]
  0x00000241e0adcf00 JavaThread "Execution worker" [_thread_blocked, id=31448, stack(0x0000006852e00000,0x0000006852f00000)]
  0x00000241e0ad9750 JavaThread "Execution worker Thread 2" [_thread_blocked, id=32072, stack(0x0000006852f00000,0x0000006853000000)]
  0x00000241dc4ea3d0 JavaThread "Cache worker for execution history cache (D:\code\intellij\intellij-cangjie\.gradle\8.10.2\executionHistory)" [_thread_blocked, id=1056, stack(0x0000006853300000,0x0000006853400000)]
  0x00000241e0add410 JavaThread "Execution worker Thread 3" [_thread_blocked, id=23308, stack(0x0000006853400000,0x0000006853500000)]
  0x00000241e0ad9c60 JavaThread "Execution worker Thread 4" [_thread_blocked, id=25712, stack(0x0000006853500000,0x0000006853600000)]
  0x00000241e0adbfd0 JavaThread "Execution worker Thread 5" [_thread_blocked, id=10016, stack(0x0000006853600000,0x0000006853700000)]
  0x00000241e0add920 JavaThread "Execution worker Thread 6" [_thread_blocked, id=9600, stack(0x0000006853700000,0x0000006853800000)]
  0x00000241e0adde30 JavaThread "Execution worker Thread 7" [_thread_blocked, id=17732, stack(0x0000006853800000,0x0000006853900000)]
  0x00000241e05dec20 JavaThread "Execution worker Thread 8" [_thread_blocked, id=32876, stack(0x0000006853900000,0x0000006853a00000)]
  0x00000241e05de200 JavaThread "Execution worker Thread 9" [_thread_blocked, id=19864, stack(0x0000006853a00000,0x0000006853b00000)]
  0x00000241e05de710 JavaThread "Execution worker Thread 10" [_thread_blocked, id=18080, stack(0x0000006853b00000,0x0000006853c00000)]
  0x00000241e05df130 JavaThread "Execution worker Thread 11" [_thread_blocked, id=2196, stack(0x0000006853c00000,0x0000006853d00000)]
  0x00000241e05e0570 JavaThread "Execution worker Thread 12" [_thread_blocked, id=31280, stack(0x0000006853d00000,0x0000006853e00000)]
  0x00000241e05df640 JavaThread "Execution worker Thread 13" [_thread_blocked, id=15008, stack(0x0000006853e00000,0x0000006853f00000)]
  0x00000241e05dfb50 JavaThread "Execution worker Thread 14" [_thread_blocked, id=30360, stack(0x0000006853f00000,0x0000006854000000)]
  0x00000241e05e0a80 JavaThread "Execution worker Thread 15" [_thread_blocked, id=15016, stack(0x0000006854000000,0x0000006854100000)]
  0x00000241dc4e99b0 JavaThread "Unconstrained build operations Thread 44" [_thread_blocked, id=33628, stack(0x0000006854100000,0x0000006854200000)]
  0x00000241e0ada680 JavaThread "Unconstrained build operations Thread 45" [_thread_blocked, id=20020, stack(0x0000006854200000,0x0000006854300000)]
  0x00000241e0ade340 JavaThread "Unconstrained build operations Thread 46" [_thread_blocked, id=28656, stack(0x0000006854300000,0x0000006854400000)]
  0x00000241d4236aa0 JavaThread "Unconstrained build operations Thread 47" [_thread_blocked, id=32840, stack(0x0000006854500000,0x0000006854600000)]
  0x00000241d42374c0 JavaThread "Unconstrained build operations Thread 48" [_thread_blocked, id=35016, stack(0x0000006854600000,0x0000006854700000)]
  0x00000241d4237ee0 JavaThread "Unconstrained build operations Thread 49" [_thread_blocked, id=35632, stack(0x0000006854700000,0x0000006854800000)]
  0x00000241d42383f0 JavaThread "Unconstrained build operations Thread 50" [_thread_blocked, id=22068, stack(0x0000006854800000,0x0000006854900000)]
  0x00000241d42379d0 JavaThread "Unconstrained build operations Thread 51" [_thread_blocked, id=2880, stack(0x0000006854900000,0x0000006854a00000)]
  0x00000241db99b450 JavaThread "Unconstrained build operations Thread 52" [_thread_blocked, id=35344, stack(0x0000006854a00000,0x0000006854b00000)]
  0x00000241db999b00 JavaThread "Unconstrained build operations Thread 53" [_thread_blocked, id=12456, stack(0x0000006854b00000,0x0000006854c00000)]
  0x00000241db99af40 JavaThread "Unconstrained build operations Thread 54" [_thread_blocked, id=4992, stack(0x0000006855100000,0x0000006855200000)]
  0x00000241db99a010 JavaThread "Unconstrained build operations Thread 55" [_thread_blocked, id=23048, stack(0x0000006855200000,0x0000006855300000)]
  0x00000241db99aa30 JavaThread "Unconstrained build operations Thread 56" [_thread_blocked, id=4600, stack(0x0000006855300000,0x0000006855400000)]
  0x00000241db997ca0 JavaThread "Unconstrained build operations Thread 57" [_thread_blocked, id=33004, stack(0x0000006855400000,0x0000006855500000)]
  0x00000241db99a520 JavaThread "Unconstrained build operations Thread 58" [_thread_blocked, id=33208, stack(0x0000006855500000,0x0000006855600000)]
  0x00000241db9995f0 JavaThread "Unconstrained build operations Thread 59" [_thread_blocked, id=6348, stack(0x0000006855600000,0x0000006855700000)]
  0x00000241d9790d50 JavaThread "Unconstrained build operations Thread 60" [_thread_blocked, id=35592, stack(0x0000006855700000,0x0000006855800000)]
  0x00000241d9791c80 JavaThread "Unconstrained build operations Thread 61" [_thread_blocked, id=31064, stack(0x0000006855800000,0x0000006855900000)]
  0x00000241e0adbac0 JavaThread "Unconstrained build operations Thread 62" [_thread_blocked, id=3456, stack(0x0000006855c00000,0x0000006855d00000)]
  0x00000241e0ade850 JavaThread "Unconstrained build operations Thread 63" [_thread_blocked, id=20216, stack(0x0000006855d00000,0x0000006855e00000)]
  0x00000241e0adb5b0 JavaThread "Unconstrained build operations Thread 64" [_thread_blocked, id=35608, stack(0x0000006855e00000,0x0000006855f00000)]
  0x00000241e0adb0a0 JavaThread "Unconstrained build operations Thread 65" [_thread_blocked, id=26860, stack(0x0000006855f00000,0x0000006856000000)]
  0x00000241e0aded60 JavaThread "Unconstrained build operations Thread 66" [_thread_blocked, id=9048, stack(0x0000006856000000,0x0000006856100000)]
  0x00000241e0adf270 JavaThread "Unconstrained build operations Thread 67" [_thread_blocked, id=17400, stack(0x0000006856100000,0x0000006856200000)]
  0x00000241e0ae01a0 JavaThread "Unconstrained build operations Thread 68" [_thread_blocked, id=23432, stack(0x0000006856200000,0x0000006856300000)]
  0x00000241e0ae06b0 JavaThread "Unconstrained build operations Thread 69" [_thread_blocked, id=33556, stack(0x0000006856300000,0x0000006856400000)]
  0x00000241e0adf780 JavaThread "Unconstrained build operations Thread 70" [_thread_blocked, id=25184, stack(0x0000006856400000,0x0000006856500000)]
  0x00000241dd52cb20 JavaThread "Unconstrained build operations Thread 71" [_thread_blocked, id=33588, stack(0x0000006856500000,0x0000006856600000)]
  0x00000241dd52f8b0 JavaThread "Unconstrained build operations Thread 72" [_thread_blocked, id=19700, stack(0x0000006856600000,0x0000006856700000)]
  0x00000241db7af310 JavaThread "Unconstrained build operations Thread 73" [_thread_blocked, id=34044, stack(0x0000006856800000,0x0000006856900000)]
  0x00000241dd52c100 JavaThread "Unconstrained build operations Thread 74" [_thread_blocked, id=12668, stack(0x0000006856900000,0x0000006856a00000)]
  0x00000241dd52d540 JavaThread "Unconstrained build operations Thread 75" [_thread_blocked, id=19128, stack(0x0000006856a00000,0x0000006856b00000)]
  0x00000241dd52da50 JavaThread "Unconstrained build operations Thread 76" [_thread_blocked, id=21060, stack(0x0000006856b00000,0x0000006856c00000)]
  0x00000241dd52e470 JavaThread "Unconstrained build operations Thread 77" [_thread_blocked, id=13428, stack(0x0000006856c00000,0x0000006856d00000)]
  0x00000241dd52e980 JavaThread "Unconstrained build operations Thread 78" [_thread_blocked, id=31964, stack(0x0000006856d00000,0x0000006856e00000)]
  0x00000241dd52c610 JavaThread "Unconstrained build operations Thread 79" [_thread_blocked, id=25000, stack(0x0000006856e00000,0x0000006856f00000)]
  0x00000241dd532640 JavaThread "Unconstrained build operations Thread 80" [_thread_blocked, id=31348, stack(0x0000006856f00000,0x0000006857000000)]
  0x00000241dd533570 JavaThread "Unconstrained build operations Thread 81" [_thread_blocked, id=32372, stack(0x0000006857000000,0x0000006857100000)]
  0x00000241dd52fdc0 JavaThread "Unconstrained build operations Thread 82" [_thread_blocked, id=25692, stack(0x0000006857100000,0x0000006857200000)]
  0x00000241dd5307e0 JavaThread "Unconstrained build operations Thread 83" [_thread_blocked, id=31684, stack(0x0000006857200000,0x0000006857300000)]
  0x00000241db7b1170 JavaThread "Unconstrained build operations Thread 84" [_thread_blocked, id=29860, stack(0x0000006857300000,0x0000006857400000)]
  0x00000241db7b0240 JavaThread "Unconstrained build operations Thread 85" [_thread_blocked, id=34652, stack(0x0000006857400000,0x0000006857500000)]
  0x00000241db7ae8f0 JavaThread "Unconstrained build operations Thread 86" [_thread_blocked, id=35064, stack(0x0000006857500000,0x0000006857600000)]
  0x00000241db7b0750 JavaThread "Unconstrained build operations Thread 87" [_thread_blocked, id=35080, stack(0x0000006857600000,0x0000006857700000)]
  0x00000241db7aee00 JavaThread "Unconstrained build operations Thread 88" [_thread_blocked, id=28168, stack(0x0000006857700000,0x0000006857800000)]
  0x00000241db7afd30 JavaThread "Unconstrained build operations Thread 89" [_thread_blocked, id=26636, stack(0x0000006857800000,0x0000006857900000)]
  0x00000241db7b0c60 JavaThread "Unconstrained build operations Thread 90" [_thread_blocked, id=35288, stack(0x0000006857900000,0x0000006857a00000)]
  0x00000241decc5f90 JavaThread "Unconstrained build operations Thread 91" [_thread_blocked, id=1732, stack(0x0000006857a00000,0x0000006857b00000)]
  0x00000241decc5a80 JavaThread "Unconstrained build operations Thread 92" [_thread_blocked, id=34852, stack(0x0000006857b00000,0x0000006857c00000)]
  0x00000241decc6ec0 JavaThread "Unconstrained build operations Thread 93" [_thread_blocked, id=35048, stack(0x0000006857c00000,0x0000006857d00000)]
  0x00000241decc64a0 JavaThread "Unconstrained build operations Thread 94" [_thread_blocked, id=21144, stack(0x0000006857d00000,0x0000006857e00000)]
  0x00000241decc69b0 JavaThread "Unconstrained build operations Thread 95" [_thread_blocked, id=33856, stack(0x0000006857e00000,0x0000006857f00000)]
  0x00000241decc4640 JavaThread "Unconstrained build operations Thread 96" [_thread_blocked, id=3568, stack(0x0000006857f00000,0x0000006858000000)]
  0x00000241decc3710 JavaThread "Unconstrained build operations Thread 97" [_thread_blocked, id=11608, stack(0x0000006858000000,0x0000006858100000)]
  0x00000241decc4b50 JavaThread "Unconstrained build operations Thread 98" [_thread_blocked, id=31956, stack(0x0000006858200000,0x0000006858300000)]
  0x00000241dfe33460 JavaThread "WorkerExecutor Queue" [_thread_blocked, id=15652, stack(0x0000006858500000,0x0000006858600000)]
  0x00000241dda38010 JavaThread "Build operations" [_thread_blocked, id=35536, stack(0x0000006858700000,0x0000006858800000)]
  0x00000241dda38520 JavaThread "Build operations Thread 2" [_thread_blocked, id=31796, stack(0x0000006858800000,0x0000006858900000)]
  0x00000241dda38a30 JavaThread "Build operations Thread 3" [_thread_blocked, id=32108, stack(0x0000006858900000,0x0000006858a00000)]
  0x00000241dda375f0 JavaThread "Build operations Thread 4" [_thread_blocked, id=17680, stack(0x0000006858a00000,0x0000006858b00000)]
  0x00000241dda37b00 JavaThread "Build operations Thread 5" [_thread_blocked, id=32324, stack(0x0000006858b00000,0x0000006858c00000)]
  0x00000241e05e14a0 JavaThread "Build operations Thread 6" [_thread_blocked, id=17756, stack(0x0000006858c00000,0x0000006858d00000)]
  0x00000241d9f8ad80 JavaThread "Build operations Thread 7" [_thread_blocked, id=33656, stack(0x0000006858d00000,0x0000006858e00000)]
  0x00000241d9f8a360 JavaThread "Build operations Thread 8" [_thread_blocked, id=7300, stack(0x0000006858e00000,0x0000006858f00000)]
  0x00000241d9f8a870 JavaThread "Build operations Thread 9" [_thread_blocked, id=33888, stack(0x0000006858f00000,0x0000006859000000)]
  0x00000241e1ca52c0 JavaThread "Build operations Thread 10" [_thread_blocked, id=34624, stack(0x0000006859000000,0x0000006859100000)]
  0x00000241e1ca4390 JavaThread "Build operations Thread 11" [_thread_blocked, id=8752, stack(0x0000006859200000,0x0000006859300000)]
  0x00000241e1ca48a0 JavaThread "Build operations Thread 12" [_thread_blocked, id=13176, stack(0x0000006859400000,0x0000006859500000)]
  0x00000241e1ca57d0 JavaThread "Build operations Thread 13" [_thread_blocked, id=34704, stack(0x0000006859500000,0x0000006859600000)]
  0x00000241e1ca3e80 JavaThread "Build operations Thread 14" [_thread_blocked, id=13336, stack(0x0000006859600000,0x0000006859700000)]
  0x00000241dd2b8400 JavaThread "Build operations Thread 15" [_thread_blocked, id=29372, stack(0x0000006859700000,0x0000006859800000)]
  0x00000241dc4e9ec0 JavaThread "RMI TCP Connection(idle)" daemon [_thread_blocked, id=18288, stack(0x000000684bf00000,0x000000684c000000)]
  0x00000241de22ce70 JavaThread "RMI TCP Connection(idle)" daemon [_thread_blocked, id=33740, stack(0x0000006850100000,0x0000006850200000)]

Other Threads:
  0x00000241d4003a80 VMThread "VM Thread" [stack: 0x000000684c800000,0x000000684c900000] [id=4568]
  0x00000241d4206140 WatcherThread [stack: 0x000000684d700000,0x000000684d800000] [id=31308]
  0x00000241f0f72c60 GCTaskThread "GC Thread#0" [stack: 0x000000684c300000,0x000000684c400000] [id=22112]
  0x00000241d4abd900 GCTaskThread "GC Thread#1" [stack: 0x000000684db00000,0x000000684dc00000] [id=28200]
  0x00000241d4abdbc0 GCTaskThread "GC Thread#2" [stack: 0x000000684dc00000,0x000000684dd00000] [id=18984]
  0x00000241d49559c0 GCTaskThread "GC Thread#3" [stack: 0x000000684dd00000,0x000000684de00000] [id=23960]
  0x00000241d4adef80 GCTaskThread "GC Thread#4" [stack: 0x000000684de00000,0x000000684df00000] [id=3984]
  0x00000241da6dbb40 GCTaskThread "GC Thread#5" [stack: 0x000000684d900000,0x000000684da00000] [id=21916]
  0x00000241de06a1f0 GCTaskThread "GC Thread#6" [stack: 0x000000684ee00000,0x000000684ef00000] [id=18580]
  0x00000241dac80880 GCTaskThread "GC Thread#7" [stack: 0x000000684ef00000,0x000000684f000000] [id=23856]
  0x00000241da0c11d0 GCTaskThread "GC Thread#8" [stack: 0x000000684f000000,0x000000684f100000] [id=15244]
  0x00000241dd5ccc60 GCTaskThread "GC Thread#9" [stack: 0x000000684f100000,0x000000684f200000] [id=13552]
  0x00000241dacc41e0 GCTaskThread "GC Thread#10" [stack: 0x000000684f200000,0x000000684f300000] [id=6212]
  0x00000241dd29ce70 GCTaskThread "GC Thread#11" [stack: 0x000000684f300000,0x000000684f400000] [id=15188]
  0x00000241dd38c0d0 GCTaskThread "GC Thread#12" [stack: 0x000000684f400000,0x000000684f500000] [id=31492]
  0x00000241f0f81ad0 ConcurrentGCThread "G1 Main Marker" [stack: 0x000000684c400000,0x000000684c500000] [id=19600]
  0x00000241f0f830d0 ConcurrentGCThread "G1 Conc#0" [stack: 0x000000684c500000,0x000000684c600000] [id=9480]
  0x00000241dbb2bed0 ConcurrentGCThread "G1 Conc#1" [stack: 0x000000684f500000,0x000000684f600000] [id=5672]
  0x00000241dbd565c0 ConcurrentGCThread "G1 Conc#2" [stack: 0x000000684f600000,0x000000684f700000] [id=31264]
  0x00000241922c5fc0 ConcurrentGCThread "G1 Refine#0" [stack: 0x000000684c600000,0x000000684c700000] [id=31048]
  0x00000241dcb45ce0 ConcurrentGCThread "G1 Refine#1" [stack: 0x0000006854c00000,0x0000006854d00000] [id=25772]
  0x00000241ddb02090 ConcurrentGCThread "G1 Refine#2" [stack: 0x0000006854d00000,0x0000006854e00000] [id=20544]
  0x00000241d9063880 ConcurrentGCThread "G1 Refine#3" [stack: 0x0000006854e00000,0x0000006854f00000] [id=6800]
  0x00000241df0ebad0 ConcurrentGCThread "G1 Refine#4" [stack: 0x0000006854f00000,0x0000006855000000] [id=30680]
  0x00000241de157030 ConcurrentGCThread "G1 Refine#5" [stack: 0x0000006855000000,0x0000006855100000] [id=13540]
  0x00000241d9ff2ae0 ConcurrentGCThread "G1 Refine#6" [stack: 0x0000006859e00000,0x0000006859f00000] [id=30324]
  0x00000241d9ff4260 ConcurrentGCThread "G1 Refine#7" [stack: 0x0000006859f00000,0x000000685a000000] [id=12320]
  0x00000241d473d8f0 ConcurrentGCThread "G1 Refine#8" [stack: 0x000000685a000000,0x000000685a100000] [id=31940]
  0x00000241d9ff3c80 ConcurrentGCThread "G1 Refine#9" [stack: 0x000000685a100000,0x000000685a200000] [id=26268]
  0x00000241dbd846f0 ConcurrentGCThread "G1 Refine#10" [stack: 0x000000685a200000,0x000000685a300000] [id=17128]
  0x00000241dfdb3410 ConcurrentGCThread "G1 Refine#11" [stack: 0x000000685a300000,0x000000685a400000] [id=9612]
  0x00000241e1c9ffa0 ConcurrentGCThread "G1 Refine#12" [stack: 0x000000685a400000,0x000000685a500000] [id=32212]
  0x00000241922c6900 ConcurrentGCThread "G1 Service" [stack: 0x000000684c700000,0x000000684c800000] [id=1920]

Threads with active compile tasks:
C2 CompilerThread0  2305806 37866   !   4       org.gradle.launcher.daemon.server.health.gc.GarbageCollectionCheck::run (213 bytes)

VM state: not at safepoint (normal execution)

VM Mutex/Monitor currently owned by a thread: None

Heap address: 0x0000000740000000, size: 3072 MB, Compressed Oops mode: Zero based, Oop shift amount: 3

CDS archive(s) mapped at: [0x0000024193000000-0x0000024193bb0000-0x0000024193bb0000), size 12255232, SharedBaseAddress: 0x0000024193000000, ArchiveRelocationMode: 1.
Compressed class space mapped at: 0x0000024194000000-0x00000241d4000000, reserved size: 1073741824
Narrow klass base: 0x0000024193000000, Narrow klass shift: 0, Narrow klass range: 0x100000000

GC Precious Log:
 CPUs: 16 total, 16 available
 Memory: 15613M
 Large Page Support: Disabled
 NUMA Support: Disabled
 Compressed Oops: Enabled (Zero based)
 Heap Region Size: 2M
 Heap Min Capacity: 8M
 Heap Initial Capacity: 244M
 Heap Max Capacity: 3G
 Pre-touch: Disabled
 Parallel Workers: 13
 Concurrent Workers: 3
 Concurrent Refinement Workers: 13
 Periodic GC: Disabled

Heap:
 garbage-first heap   total 1572864K, used 458276K [0x0000000740000000, 0x0000000800000000)
  region size 2048K, 26 young (53248K), 25 survivors (51200K)
 Metaspace       used 136719K, committed 138304K, reserved 1179648K
  class space    used 17491K, committed 18240K, reserved 1048576K

Heap Regions: E=young(eden), S=young(survivor), O=old, HS=humongous(starts), HC=humongous(continues), CS=collection set, F=free, OA=open archive, CA=closed archive, TAMS=top-at-mark-start (previous, next)
|   0|0x0000000740000000, 0x0000000740200000, 0x0000000740200000|100%|HS|  |TAMS 0x0000000740200000, 0x0000000740000000| Complete 
|   1|0x0000000740200000, 0x0000000740400000, 0x0000000740400000|100%|HC|  |TAMS 0x0000000740400000, 0x0000000740200000| Complete 
|   2|0x0000000740400000, 0x0000000740600000, 0x0000000740600000|100%| O|  |TAMS 0x0000000740600000, 0x0000000740400000| Untracked 
|   3|0x0000000740600000, 0x0000000740800000, 0x0000000740800000|100%| O|  |TAMS 0x0000000740800000, 0x0000000740600000| Untracked 
|   4|0x0000000740800000, 0x0000000740a00000, 0x0000000740a00000|100%| O|  |TAMS 0x0000000740a00000, 0x0000000740800000| Untracked 
|   5|0x0000000740a00000, 0x0000000740c00000, 0x0000000740c00000|100%| O|  |TAMS 0x0000000740c00000, 0x0000000740a00000| Untracked 
|   6|0x0000000740c00000, 0x0000000740e00000, 0x0000000740e00000|100%| O|  |TAMS 0x0000000740e00000, 0x0000000740c00000| Untracked 
|   7|0x0000000740e00000, 0x0000000741000000, 0x0000000741000000|100%| O|  |TAMS 0x0000000741000000, 0x0000000740e00000| Untracked 
|   8|0x0000000741000000, 0x0000000741200000, 0x0000000741200000|100%| O|  |TAMS 0x0000000741200000, 0x0000000741000000| Untracked 
|   9|0x0000000741200000, 0x0000000741400000, 0x0000000741400000|100%| O|  |TAMS 0x0000000741400000, 0x0000000741200000| Untracked 
|  10|0x0000000741400000, 0x0000000741600000, 0x0000000741600000|100%| O|  |TAMS 0x0000000741600000, 0x0000000741400000| Untracked 
|  11|0x0000000741600000, 0x0000000741800000, 0x0000000741800000|100%| O|  |TAMS 0x0000000741800000, 0x0000000741600000| Untracked 
|  12|0x0000000741800000, 0x0000000741a00000, 0x0000000741a00000|100%| O|  |TAMS 0x0000000741a00000, 0x0000000741800000| Untracked 
|  13|0x0000000741a00000, 0x0000000741c00000, 0x0000000741c00000|100%| O|  |TAMS 0x0000000741c00000, 0x0000000741a00000| Untracked 
|  14|0x0000000741c00000, 0x0000000741e00000, 0x0000000741e00000|100%| O|  |TAMS 0x0000000741e00000, 0x0000000741c00000| Untracked 
|  15|0x0000000741e00000, 0x0000000742000000, 0x0000000742000000|100%| O|  |TAMS 0x0000000742000000, 0x0000000741e00000| Untracked 
|  16|0x0000000742000000, 0x0000000742200000, 0x0000000742200000|100%| O|  |TAMS 0x0000000742200000, 0x0000000742000000| Untracked 
|  17|0x0000000742200000, 0x0000000742400000, 0x0000000742400000|100%| O|  |TAMS 0x0000000742400000, 0x0000000742200000| Untracked 
|  18|0x0000000742400000, 0x0000000742600000, 0x0000000742600000|100%|HS|  |TAMS 0x0000000742400000, 0x0000000742400000| Complete 
|  19|0x0000000742600000, 0x0000000742800000, 0x0000000742800000|100%| O|  |TAMS 0x0000000742800000, 0x0000000742600000| Untracked 
|  20|0x0000000742800000, 0x0000000742a00000, 0x0000000742a00000|100%| O|  |TAMS 0x0000000742800000, 0x0000000742800000| Untracked 
|  21|0x0000000742a00000, 0x0000000742c00000, 0x0000000742c00000|100%| O|  |TAMS 0x0000000742c00000, 0x0000000742a00000| Untracked 
|  22|0x0000000742c00000, 0x0000000742e00000, 0x0000000742e00000|100%|HS|  |TAMS 0x0000000742e00000, 0x0000000742c00000| Complete 
|  23|0x0000000742e00000, 0x0000000743000000, 0x0000000743000000|100%|HS|  |TAMS 0x0000000743000000, 0x0000000742e00000| Complete 
|  24|0x0000000743000000, 0x0000000743200000, 0x0000000743200000|100%| O|  |TAMS 0x0000000743200000, 0x0000000743000000| Untracked 
|  25|0x0000000743200000, 0x0000000743400000, 0x0000000743400000|100%| O|  |TAMS 0x0000000743400000, 0x0000000743200000| Untracked 
|  26|0x0000000743400000, 0x0000000743600000, 0x0000000743600000|100%| O|  |TAMS 0x0000000743600000, 0x0000000743400000| Untracked 
|  27|0x0000000743600000, 0x0000000743800000, 0x0000000743800000|100%| O|  |TAMS 0x0000000743800000, 0x0000000743600000| Untracked 
|  28|0x0000000743800000, 0x0000000743a00000, 0x0000000743a00000|100%|HS|  |TAMS 0x0000000743a00000, 0x0000000743800000| Complete 
|  29|0x0000000743a00000, 0x0000000743c00000, 0x0000000743c00000|100%| O|  |TAMS 0x0000000743c00000, 0x0000000743a00000| Untracked 
|  30|0x0000000743c00000, 0x0000000743e00000, 0x0000000743e00000|100%| O|  |TAMS 0x0000000743e00000, 0x0000000743c00000| Untracked 
|  31|0x0000000743e00000, 0x0000000744000000, 0x0000000744000000|100%| O|  |TAMS 0x0000000744000000, 0x0000000743e00000| Untracked 
|  32|0x0000000744000000, 0x0000000744200000, 0x0000000744200000|100%| O|  |TAMS 0x0000000744200000, 0x0000000744000000| Untracked 
|  33|0x0000000744200000, 0x0000000744400000, 0x0000000744400000|100%| O|  |TAMS 0x0000000744400000, 0x0000000744200000| Untracked 
|  34|0x0000000744400000, 0x0000000744600000, 0x0000000744600000|100%|HS|  |TAMS 0x0000000744600000, 0x0000000744400000| Complete 
|  35|0x0000000744600000, 0x0000000744800000, 0x0000000744800000|100%| O|  |TAMS 0x0000000744800000, 0x0000000744600000| Untracked 
|  36|0x0000000744800000, 0x0000000744a00000, 0x0000000744a00000|100%| O|  |TAMS 0x0000000744a00000, 0x0000000744800000| Untracked 
|  37|0x0000000744a00000, 0x0000000744c00000, 0x0000000744c00000|100%| O|  |TAMS 0x0000000744c00000, 0x0000000744a00000| Untracked 
|  38|0x0000000744c00000, 0x0000000744e00000, 0x0000000744e00000|100%| O|  |TAMS 0x0000000744e00000, 0x0000000744c00000| Untracked 
|  39|0x0000000744e00000, 0x0000000745000000, 0x0000000745000000|100%| O|  |TAMS 0x0000000745000000, 0x0000000744e00000| Untracked 
|  40|0x0000000745000000, 0x0000000745200000, 0x0000000745200000|100%| O|  |TAMS 0x0000000745200000, 0x0000000745000000| Untracked 
|  41|0x0000000745200000, 0x0000000745400000, 0x0000000745400000|100%| O|  |TAMS 0x0000000745400000, 0x0000000745200000| Untracked 
|  42|0x0000000745400000, 0x0000000745600000, 0x0000000745600000|100%| O|  |TAMS 0x0000000745600000, 0x0000000745400000| Untracked 
|  43|0x0000000745600000, 0x0000000745800000, 0x0000000745800000|100%| O|  |TAMS 0x0000000745800000, 0x0000000745600000| Untracked 
|  44|0x0000000745800000, 0x0000000745a00000, 0x0000000745a00000|100%| O|  |TAMS 0x0000000745a00000, 0x0000000745800000| Untracked 
|  45|0x0000000745a00000, 0x0000000745c00000, 0x0000000745c00000|100%| O|  |TAMS 0x0000000745c00000, 0x0000000745a00000| Untracked 
|  46|0x0000000745c00000, 0x0000000745e00000, 0x0000000745e00000|100%| O|  |TAMS 0x0000000745c00000, 0x0000000745c00000| Untracked 
|  47|0x0000000745e00000, 0x0000000746000000, 0x0000000746000000|100%| O|  |TAMS 0x0000000746000000, 0x0000000745e00000| Untracked 
|  48|0x0000000746000000, 0x0000000746200000, 0x0000000746200000|100%| O|  |TAMS 0x0000000746200000, 0x0000000746000000| Untracked 
|  49|0x0000000746200000, 0x0000000746400000, 0x0000000746400000|100%| O|  |TAMS 0x0000000746400000, 0x0000000746200000| Untracked 
|  50|0x0000000746400000, 0x0000000746600000, 0x0000000746600000|100%| O|  |TAMS 0x0000000746600000, 0x0000000746400000| Untracked 
|  51|0x0000000746600000, 0x0000000746800000, 0x0000000746800000|100%| O|  |TAMS 0x0000000746800000, 0x0000000746600000| Untracked 
|  52|0x0000000746800000, 0x0000000746a00000, 0x0000000746a00000|100%| O|  |TAMS 0x0000000746a00000, 0x0000000746800000| Untracked 
|  53|0x0000000746a00000, 0x0000000746c00000, 0x0000000746c00000|100%| O|  |TAMS 0x0000000746a00000, 0x0000000746a00000| Untracked 
|  54|0x0000000746c00000, 0x0000000746e00000, 0x0000000746e00000|100%| O|  |TAMS 0x0000000746e00000, 0x0000000746c00000| Untracked 
|  55|0x0000000746e00000, 0x0000000747000000, 0x0000000747000000|100%| O|  |TAMS 0x0000000746e00000, 0x0000000746e00000| Untracked 
|  56|0x0000000747000000, 0x0000000747200000, 0x0000000747200000|100%| O|  |TAMS 0x0000000747000000, 0x0000000747000000| Untracked 
|  57|0x0000000747200000, 0x0000000747400000, 0x0000000747400000|100%| O|  |TAMS 0x0000000747200000, 0x0000000747200000| Untracked 
|  58|0x0000000747400000, 0x0000000747600000, 0x0000000747600000|100%| O|  |TAMS 0x0000000747600000, 0x0000000747400000| Untracked 
|  59|0x0000000747600000, 0x0000000747800000, 0x0000000747800000|100%| O|  |TAMS 0x0000000747600000, 0x0000000747600000| Untracked 
|  60|0x0000000747800000, 0x0000000747a00000, 0x0000000747a00000|100%| O|  |TAMS 0x0000000747800000, 0x0000000747800000| Untracked 
|  61|0x0000000747a00000, 0x0000000747c00000, 0x0000000747c00000|100%| O|  |TAMS 0x0000000747a00000, 0x0000000747a00000| Untracked 
|  62|0x0000000747c00000, 0x0000000747e00000, 0x0000000747e00000|100%| O|  |TAMS 0x0000000747c00000, 0x0000000747c00000| Untracked 
|  63|0x0000000747e00000, 0x0000000748000000, 0x0000000748000000|100%| O|  |TAMS 0x0000000748000000, 0x0000000747e00000| Untracked 
|  64|0x0000000748000000, 0x0000000748200000, 0x0000000748200000|100%| O|  |TAMS 0x0000000748000000, 0x0000000748000000| Untracked 
|  65|0x0000000748200000, 0x0000000748400000, 0x0000000748400000|100%| O|  |TAMS 0x0000000748200000, 0x0000000748200000| Untracked 
|  66|0x0000000748400000, 0x0000000748600000, 0x0000000748600000|100%|HS|  |TAMS 0x0000000748600000, 0x0000000748400000| Complete 
|  67|0x0000000748600000, 0x0000000748800000, 0x0000000748800000|100%|HC|  |TAMS 0x0000000748800000, 0x0000000748600000| Complete 
|  68|0x0000000748800000, 0x0000000748a00000, 0x0000000748a00000|100%| O|  |TAMS 0x0000000748a00000, 0x0000000748800000| Untracked 
|  69|0x0000000748a00000, 0x0000000748c00000, 0x0000000748c00000|100%| O|  |TAMS 0x0000000748c00000, 0x0000000748a00000| Untracked 
|  70|0x0000000748c00000, 0x0000000748e00000, 0x0000000748e00000|100%| O|  |TAMS 0x0000000748e00000, 0x0000000748c00000| Untracked 
|  71|0x0000000748e00000, 0x0000000749000000, 0x0000000749000000|100%| O|  |TAMS 0x0000000748e00000, 0x0000000748e00000| Untracked 
|  72|0x0000000749000000, 0x0000000749200000, 0x0000000749200000|100%| O|  |TAMS 0x0000000749200000, 0x0000000749000000| Untracked 
|  73|0x0000000749200000, 0x0000000749400000, 0x0000000749400000|100%| O|  |TAMS 0x0000000749200000, 0x0000000749200000| Untracked 
|  74|0x0000000749400000, 0x0000000749600000, 0x0000000749600000|100%| O|  |TAMS 0x0000000749400000, 0x0000000749400000| Untracked 
|  75|0x0000000749600000, 0x0000000749800000, 0x0000000749800000|100%|HS|  |TAMS 0x0000000749600000, 0x0000000749600000| Complete 
|  76|0x0000000749800000, 0x0000000749a00000, 0x0000000749a00000|100%|HS|  |TAMS 0x0000000749800000, 0x0000000749800000| Complete 
|  77|0x0000000749a00000, 0x0000000749c00000, 0x0000000749c00000|100%|HC|  |TAMS 0x0000000749a00000, 0x0000000749a00000| Complete 
|  78|0x0000000749c00000, 0x0000000749e00000, 0x0000000749e00000|100%|HS|  |TAMS 0x0000000749c00000, 0x0000000749c00000| Complete 
|  79|0x0000000749e00000, 0x000000074a000000, 0x000000074a000000|100%|HS|  |TAMS 0x0000000749e00000, 0x0000000749e00000| Complete 
|  80|0x000000074a000000, 0x000000074a200000, 0x000000074a200000|100%| O|  |TAMS 0x000000074a200000, 0x000000074a000000| Untracked 
|  81|0x000000074a200000, 0x000000074a200000, 0x000000074a400000|  0%| F|  |TAMS 0x000000074a200000, 0x000000074a200000| Untracked 
|  82|0x000000074a400000, 0x000000074a600000, 0x000000074a600000|100%| O|  |TAMS 0x000000074a600000, 0x000000074a400000| Untracked 
|  83|0x000000074a600000, 0x000000074a800000, 0x000000074a800000|100%| O|  |TAMS 0x000000074a800000, 0x000000074a600000| Untracked 
|  84|0x000000074a800000, 0x000000074aa00000, 0x000000074aa00000|100%| O|  |TAMS 0x000000074aa00000, 0x000000074a800000| Untracked 
|  85|0x000000074aa00000, 0x000000074ac00000, 0x000000074ac00000|100%| O|  |TAMS 0x000000074ac00000, 0x000000074aa00000| Untracked 
|  86|0x000000074ac00000, 0x000000074ac00000, 0x000000074ae00000|  0%| F|  |TAMS 0x000000074ac00000, 0x000000074ac00000| Untracked 
|  87|0x000000074ae00000, 0x000000074ae00000, 0x000000074b000000|  0%| F|  |TAMS 0x000000074ae00000, 0x000000074ae00000| Untracked 
|  88|0x000000074b000000, 0x000000074b200000, 0x000000074b200000|100%| O|  |TAMS 0x000000074b200000, 0x000000074b000000| Untracked 
|  89|0x000000074b200000, 0x000000074b200000, 0x000000074b400000|  0%| F|  |TAMS 0x000000074b200000, 0x000000074b200000| Untracked 
|  90|0x000000074b400000, 0x000000074b400000, 0x000000074b600000|  0%| F|  |TAMS 0x000000074b400000, 0x000000074b400000| Untracked 
|  91|0x000000074b600000, 0x000000074b800000, 0x000000074b800000|100%| O|  |TAMS 0x000000074b800000, 0x000000074b600000| Untracked 
|  92|0x000000074b800000, 0x000000074ba00000, 0x000000074ba00000|100%| O|  |TAMS 0x000000074ba00000, 0x000000074b800000| Untracked 
|  93|0x000000074ba00000, 0x000000074bc00000, 0x000000074bc00000|100%| O|  |TAMS 0x000000074bc00000, 0x000000074ba00000| Untracked 
|  94|0x000000074bc00000, 0x000000074bc00000, 0x000000074be00000|  0%| F|  |TAMS 0x000000074bc00000, 0x000000074bc00000| Untracked 
|  95|0x000000074be00000, 0x000000074be00000, 0x000000074c000000|  0%| F|  |TAMS 0x000000074be00000, 0x000000074be00000| Untracked 
|  96|0x000000074c000000, 0x000000074c000000, 0x000000074c200000|  0%| F|  |TAMS 0x000000074c000000, 0x000000074c000000| Untracked 
|  97|0x000000074c200000, 0x000000074c200000, 0x000000074c400000|  0%| F|  |TAMS 0x000000074c200000, 0x000000074c200000| Untracked 
|  98|0x000000074c400000, 0x000000074c600000, 0x000000074c600000|100%| O|  |TAMS 0x000000074c600000, 0x000000074c400000| Untracked 
|  99|0x000000074c600000, 0x000000074c600000, 0x000000074c800000|  0%| F|  |TAMS 0x000000074c600000, 0x000000074c600000| Untracked 
| 100|0x000000074c800000, 0x000000074ca00000, 0x000000074ca00000|100%| O|  |TAMS 0x000000074ca00000, 0x000000074c800000| Untracked 
| 101|0x000000074ca00000, 0x000000074cc00000, 0x000000074cc00000|100%| O|  |TAMS 0x000000074cc00000, 0x000000074ca00000| Untracked 
| 102|0x000000074cc00000, 0x000000074ce00000, 0x000000074ce00000|100%|HS|  |TAMS 0x000000074cc00000, 0x000000074cc00000| Complete 
| 103|0x000000074ce00000, 0x000000074d000000, 0x000000074d000000|100%| O|  |TAMS 0x000000074d000000, 0x000000074ce00000| Untracked 
| 104|0x000000074d000000, 0x000000074d000000, 0x000000074d200000|  0%| F|  |TAMS 0x000000074d000000, 0x000000074d000000| Untracked 
| 105|0x000000074d200000, 0x000000074d200000, 0x000000074d400000|  0%| F|  |TAMS 0x000000074d200000, 0x000000074d200000| Untracked 
| 106|0x000000074d400000, 0x000000074d600000, 0x000000074d600000|100%|HS|  |TAMS 0x000000074d400000, 0x000000074d400000| Complete 
| 107|0x000000074d600000, 0x000000074d800000, 0x000000074d800000|100%|HC|  |TAMS 0x000000074d600000, 0x000000074d600000| Complete 
| 108|0x000000074d800000, 0x000000074da00000, 0x000000074da00000|100%|HC|  |TAMS 0x000000074d800000, 0x000000074d800000| Complete 
| 109|0x000000074da00000, 0x000000074dc00000, 0x000000074dc00000|100%| O|  |TAMS 0x000000074dc00000, 0x000000074da00000| Untracked 
| 110|0x000000074dc00000, 0x000000074de00000, 0x000000074de00000|100%| O|  |TAMS 0x000000074dc00000, 0x000000074dc00000| Untracked 
| 111|0x000000074de00000, 0x000000074e000000, 0x000000074e000000|100%| O|  |TAMS 0x000000074de00000, 0x000000074de00000| Untracked 
| 112|0x000000074e000000, 0x000000074e200000, 0x000000074e200000|100%| O|  |TAMS 0x000000074e000000, 0x000000074e000000| Untracked 
| 113|0x000000074e200000, 0x000000074e400000, 0x000000074e400000|100%| O|  |TAMS 0x000000074e200000, 0x000000074e200000| Untracked 
| 114|0x000000074e400000, 0x000000074e600000, 0x000000074e600000|100%| O|  |TAMS 0x000000074e400000, 0x000000074e400000| Untracked 
| 115|0x000000074e600000, 0x000000074e800000, 0x000000074e800000|100%| O|  |TAMS 0x000000074e600000, 0x000000074e600000| Untracked 
| 116|0x000000074e800000, 0x000000074ea00000, 0x000000074ea00000|100%| O|  |TAMS 0x000000074ea00000, 0x000000074e800000| Untracked 
| 117|0x000000074ea00000, 0x000000074ec00000, 0x000000074ec00000|100%| O|  |TAMS 0x000000074ea00000, 0x000000074ea00000| Untracked 
| 118|0x000000074ec00000, 0x000000074ee00000, 0x000000074ee00000|100%| O|  |TAMS 0x000000074ec00000, 0x000000074ec00000| Untracked 
| 119|0x000000074ee00000, 0x000000074f000000, 0x000000074f000000|100%| O|  |TAMS 0x000000074ee00000, 0x000000074ee00000| Untracked 
| 120|0x000000074f000000, 0x000000074f200000, 0x000000074f200000|100%| O|  |TAMS 0x000000074f000000, 0x000000074f000000| Untracked 
| 121|0x000000074f200000, 0x000000074f400000, 0x000000074f400000|100%| O|  |TAMS 0x000000074f200000, 0x000000074f200000| Untracked 
| 122|0x000000074f400000, 0x000000074f600000, 0x000000074f600000|100%| O|  |TAMS 0x000000074f400000, 0x000000074f400000| Untracked 
| 123|0x000000074f600000, 0x000000074f800000, 0x000000074f800000|100%| O|  |TAMS 0x000000074f600000, 0x000000074f600000| Untracked 
| 124|0x000000074f800000, 0x000000074fa00000, 0x000000074fa00000|100%| O|  |TAMS 0x000000074f800000, 0x000000074f800000| Untracked 
| 125|0x000000074fa00000, 0x000000074fc00000, 0x000000074fc00000|100%| O|  |TAMS 0x000000074fa00000, 0x000000074fa00000| Untracked 
| 126|0x000000074fc00000, 0x000000074fc4ac00, 0x000000074fe00000| 14%| O|  |TAMS 0x000000074fc00000, 0x000000074fc00000| Untracked 
| 127|0x000000074fe00000, 0x000000074fe00000, 0x0000000750000000|  0%| F|  |TAMS 0x000000074fe00000, 0x000000074fe00000| Untracked 
| 128|0x0000000750000000, 0x0000000750000000, 0x0000000750200000|  0%| F|  |TAMS 0x0000000750000000, 0x0000000750000000| Untracked 
| 129|0x0000000750200000, 0x0000000750200000, 0x0000000750400000|  0%| F|  |TAMS 0x0000000750200000, 0x0000000750200000| Untracked 
| 130|0x0000000750400000, 0x0000000750600000, 0x0000000750600000|100%| O|  |TAMS 0x0000000750600000, 0x0000000750400000| Untracked 
| 131|0x0000000750600000, 0x0000000750800000, 0x0000000750800000|100%| O|  |TAMS 0x0000000750800000, 0x0000000750600000| Untracked 
| 132|0x0000000750800000, 0x0000000750a00000, 0x0000000750a00000|100%| O|  |TAMS 0x0000000750a00000, 0x0000000750800000| Untracked 
| 133|0x0000000750a00000, 0x0000000750c00000, 0x0000000750c00000|100%| O|  |TAMS 0x0000000750c00000, 0x0000000750a00000| Untracked 
| 134|0x0000000750c00000, 0x0000000750e00000, 0x0000000750e00000|100%| O|  |TAMS 0x0000000750e00000, 0x0000000750c00000| Untracked 
| 135|0x0000000750e00000, 0x0000000751000000, 0x0000000751000000|100%| O|  |TAMS 0x0000000751000000, 0x0000000750e00000| Untracked 
| 136|0x0000000751000000, 0x0000000751200000, 0x0000000751200000|100%| O|  |TAMS 0x0000000751200000, 0x0000000751000000| Untracked 
| 137|0x0000000751200000, 0x0000000751200000, 0x0000000751400000|  0%| F|  |TAMS 0x0000000751200000, 0x0000000751200000| Untracked 
| 138|0x0000000751400000, 0x0000000751400000, 0x0000000751600000|  0%| F|  |TAMS 0x0000000751400000, 0x0000000751400000| Untracked 
| 139|0x0000000751600000, 0x0000000751800000, 0x0000000751800000|100%| O|  |TAMS 0x0000000751800000, 0x0000000751600000| Untracked 
| 140|0x0000000751800000, 0x0000000751a00000, 0x0000000751a00000|100%| O|  |TAMS 0x0000000751a00000, 0x0000000751800000| Untracked 
| 141|0x0000000751a00000, 0x0000000751c00000, 0x0000000751c00000|100%| O|  |TAMS 0x0000000751c00000, 0x0000000751a00000| Untracked 
| 142|0x0000000751c00000, 0x0000000751e00000, 0x0000000751e00000|100%| O|  |TAMS 0x0000000751e00000, 0x0000000751c00000| Untracked 
| 143|0x0000000751e00000, 0x0000000752000000, 0x0000000752000000|100%| O|  |TAMS 0x0000000752000000, 0x0000000751e00000| Untracked 
| 144|0x0000000752000000, 0x0000000752200000, 0x0000000752200000|100%| O|  |TAMS 0x0000000752200000, 0x0000000752000000| Untracked 
| 145|0x0000000752200000, 0x0000000752400000, 0x0000000752400000|100%| O|  |TAMS 0x0000000752400000, 0x0000000752200000| Untracked 
| 146|0x0000000752400000, 0x0000000752600000, 0x0000000752600000|100%| O|  |TAMS 0x0000000752600000, 0x0000000752400000| Untracked 
| 147|0x0000000752600000, 0x0000000752600000, 0x0000000752800000|  0%| F|  |TAMS 0x0000000752600000, 0x0000000752600000| Untracked 
| 148|0x0000000752800000, 0x0000000752800000, 0x0000000752a00000|  0%| F|  |TAMS 0x0000000752800000, 0x0000000752800000| Untracked 
| 149|0x0000000752a00000, 0x0000000752a00000, 0x0000000752c00000|  0%| F|  |TAMS 0x0000000752a00000, 0x0000000752a00000| Untracked 
| 150|0x0000000752c00000, 0x0000000752c00000, 0x0000000752e00000|  0%| F|  |TAMS 0x0000000752c00000, 0x0000000752c00000| Untracked 
| 151|0x0000000752e00000, 0x0000000752e00000, 0x0000000753000000|  0%| F|  |TAMS 0x0000000752e00000, 0x0000000752e00000| Untracked 
| 152|0x0000000753000000, 0x0000000753000000, 0x0000000753200000|  0%| F|  |TAMS 0x0000000753000000, 0x0000000753000000| Untracked 
| 153|0x0000000753200000, 0x0000000753200000, 0x0000000753400000|  0%| F|  |TAMS 0x0000000753200000, 0x0000000753200000| Untracked 
| 154|0x0000000753400000, 0x0000000753400000, 0x0000000753600000|  0%| F|  |TAMS 0x0000000753400000, 0x0000000753400000| Untracked 
| 155|0x0000000753600000, 0x0000000753600000, 0x0000000753800000|  0%| F|  |TAMS 0x0000000753600000, 0x0000000753600000| Untracked 
| 156|0x0000000753800000, 0x0000000753800000, 0x0000000753a00000|  0%| F|  |TAMS 0x0000000753800000, 0x0000000753800000| Untracked 
| 157|0x0000000753a00000, 0x0000000753a00000, 0x0000000753c00000|  0%| F|  |TAMS 0x0000000753a00000, 0x0000000753a00000| Untracked 
| 158|0x0000000753c00000, 0x0000000753c00000, 0x0000000753e00000|  0%| F|  |TAMS 0x0000000753c00000, 0x0000000753c00000| Untracked 
| 159|0x0000000753e00000, 0x0000000753e00000, 0x0000000754000000|  0%| F|  |TAMS 0x0000000753e00000, 0x0000000753e00000| Untracked 
| 160|0x0000000754000000, 0x0000000754000000, 0x0000000754200000|  0%| F|  |TAMS 0x0000000754000000, 0x0000000754000000| Untracked 
| 161|0x0000000754200000, 0x0000000754200000, 0x0000000754400000|  0%| F|  |TAMS 0x0000000754200000, 0x0000000754200000| Untracked 
| 162|0x0000000754400000, 0x0000000754400000, 0x0000000754600000|  0%| F|  |TAMS 0x0000000754400000, 0x0000000754400000| Untracked 
| 163|0x0000000754600000, 0x0000000754600000, 0x0000000754800000|  0%| F|  |TAMS 0x0000000754600000, 0x0000000754600000| Untracked 
| 164|0x0000000754800000, 0x0000000754800000, 0x0000000754a00000|  0%| F|  |TAMS 0x0000000754800000, 0x0000000754800000| Untracked 
| 165|0x0000000754a00000, 0x0000000754a00000, 0x0000000754c00000|  0%| F|  |TAMS 0x0000000754a00000, 0x0000000754a00000| Untracked 
| 166|0x0000000754c00000, 0x0000000754c00000, 0x0000000754e00000|  0%| F|  |TAMS 0x0000000754c00000, 0x0000000754c00000| Untracked 
| 167|0x0000000754e00000, 0x0000000754e00000, 0x0000000755000000|  0%| F|  |TAMS 0x0000000754e00000, 0x0000000754e00000| Untracked 
| 168|0x0000000755000000, 0x0000000755000000, 0x0000000755200000|  0%| F|  |TAMS 0x0000000755000000, 0x0000000755000000| Untracked 
| 169|0x0000000755200000, 0x0000000755200000, 0x0000000755400000|  0%| F|  |TAMS 0x0000000755200000, 0x0000000755200000| Untracked 
| 170|0x0000000755400000, 0x0000000755400000, 0x0000000755600000|  0%| F|  |TAMS 0x0000000755400000, 0x0000000755400000| Untracked 
| 171|0x0000000755600000, 0x0000000755800000, 0x0000000755800000|100%| O|  |TAMS 0x0000000755800000, 0x0000000755600000| Untracked 
| 172|0x0000000755800000, 0x0000000755a00000, 0x0000000755a00000|100%| O|  |TAMS 0x0000000755a00000, 0x0000000755800000| Untracked 
| 173|0x0000000755a00000, 0x0000000755c00000, 0x0000000755c00000|100%| O|  |TAMS 0x0000000755c00000, 0x0000000755a00000| Untracked 
| 174|0x0000000755c00000, 0x0000000755e00000, 0x0000000755e00000|100%| O|  |TAMS 0x0000000755e00000, 0x0000000755c00000| Untracked 
| 175|0x0000000755e00000, 0x0000000756000000, 0x0000000756000000|100%| O|  |TAMS 0x0000000756000000, 0x0000000755e00000| Untracked 
| 176|0x0000000756000000, 0x0000000756200000, 0x0000000756200000|100%| O|  |TAMS 0x0000000756200000, 0x0000000756000000| Untracked 
| 177|0x0000000756200000, 0x0000000756400000, 0x0000000756400000|100%| O|  |TAMS 0x0000000756400000, 0x0000000756200000| Untracked 
| 178|0x0000000756400000, 0x0000000756600000, 0x0000000756600000|100%| O|  |TAMS 0x0000000756600000, 0x0000000756400000| Untracked 
| 179|0x0000000756600000, 0x0000000756600000, 0x0000000756800000|  0%| F|  |TAMS 0x0000000756600000, 0x0000000756600000| Untracked 
| 180|0x0000000756800000, 0x0000000756800000, 0x0000000756a00000|  0%| F|  |TAMS 0x0000000756800000, 0x0000000756800000| Untracked 
| 181|0x0000000756a00000, 0x0000000756c00000, 0x0000000756c00000|100%| O|  |TAMS 0x0000000756c00000, 0x0000000756a00000| Untracked 
| 182|0x0000000756c00000, 0x0000000756e00000, 0x0000000756e00000|100%| O|  |TAMS 0x0000000756e00000, 0x0000000756c00000| Untracked 
| 183|0x0000000756e00000, 0x0000000756e00000, 0x0000000757000000|  0%| F|  |TAMS 0x0000000756e00000, 0x0000000756e00000| Untracked 
| 184|0x0000000757000000, 0x0000000757000000, 0x0000000757200000|  0%| F|  |TAMS 0x0000000757000000, 0x0000000757000000| Untracked 
| 185|0x0000000757200000, 0x0000000757400000, 0x0000000757400000|100%|HS|  |TAMS 0x0000000757400000, 0x0000000757200000| Complete 
| 186|0x0000000757400000, 0x0000000757600000, 0x0000000757600000|100%|HC|  |TAMS 0x0000000757600000, 0x0000000757400000| Complete 
| 187|0x0000000757600000, 0x0000000757800000, 0x0000000757800000|100%|HC|  |TAMS 0x0000000757800000, 0x0000000757600000| Complete 
| 188|0x0000000757800000, 0x0000000757800000, 0x0000000757a00000|  0%| F|  |TAMS 0x0000000757800000, 0x0000000757800000| Untracked 
| 189|0x0000000757a00000, 0x0000000757a00000, 0x0000000757c00000|  0%| F|  |TAMS 0x0000000757a00000, 0x0000000757a00000| Untracked 
| 190|0x0000000757c00000, 0x0000000757c00000, 0x0000000757e00000|  0%| F|  |TAMS 0x0000000757c00000, 0x0000000757c00000| Untracked 
| 191|0x0000000757e00000, 0x0000000757e00000, 0x0000000758000000|  0%| F|  |TAMS 0x0000000757e00000, 0x0000000757e00000| Untracked 
| 192|0x0000000758000000, 0x0000000758000000, 0x0000000758200000|  0%| F|  |TAMS 0x0000000758000000, 0x0000000758000000| Untracked 
| 193|0x0000000758200000, 0x0000000758200000, 0x0000000758400000|  0%| F|  |TAMS 0x0000000758200000, 0x0000000758200000| Untracked 
| 194|0x0000000758400000, 0x0000000758400000, 0x0000000758600000|  0%| F|  |TAMS 0x0000000758400000, 0x0000000758400000| Untracked 
| 195|0x0000000758600000, 0x0000000758600000, 0x0000000758800000|  0%| F|  |TAMS 0x0000000758600000, 0x0000000758600000| Untracked 
| 196|0x0000000758800000, 0x0000000758800000, 0x0000000758a00000|  0%| F|  |TAMS 0x0000000758800000, 0x0000000758800000| Untracked 
| 197|0x0000000758a00000, 0x0000000758a00000, 0x0000000758c00000|  0%| F|  |TAMS 0x0000000758a00000, 0x0000000758a00000| Untracked 
| 198|0x0000000758c00000, 0x0000000758c00000, 0x0000000758e00000|  0%| F|  |TAMS 0x0000000758c00000, 0x0000000758c00000| Untracked 
| 199|0x0000000758e00000, 0x0000000758e00000, 0x0000000759000000|  0%| F|  |TAMS 0x0000000758e00000, 0x0000000758e00000| Untracked 
| 200|0x0000000759000000, 0x0000000759000000, 0x0000000759200000|  0%| F|  |TAMS 0x0000000759000000, 0x0000000759000000| Untracked 
| 201|0x0000000759200000, 0x0000000759200000, 0x0000000759400000|  0%| F|  |TAMS 0x0000000759200000, 0x0000000759200000| Untracked 
| 202|0x0000000759400000, 0x0000000759400000, 0x0000000759600000|  0%| F|  |TAMS 0x0000000759400000, 0x0000000759400000| Untracked 
| 203|0x0000000759600000, 0x0000000759600000, 0x0000000759800000|  0%| F|  |TAMS 0x0000000759600000, 0x0000000759600000| Untracked 
| 204|0x0000000759800000, 0x0000000759800000, 0x0000000759a00000|  0%| F|  |TAMS 0x0000000759800000, 0x0000000759800000| Untracked 
| 205|0x0000000759a00000, 0x0000000759a00000, 0x0000000759c00000|  0%| F|  |TAMS 0x0000000759a00000, 0x0000000759a00000| Untracked 
| 206|0x0000000759c00000, 0x0000000759c00000, 0x0000000759e00000|  0%| F|  |TAMS 0x0000000759c00000, 0x0000000759c00000| Untracked 
| 207|0x0000000759e00000, 0x0000000759e00000, 0x000000075a000000|  0%| F|  |TAMS 0x0000000759e00000, 0x0000000759e00000| Untracked 
| 208|0x000000075a000000, 0x000000075a000000, 0x000000075a200000|  0%| F|  |TAMS 0x000000075a000000, 0x000000075a000000| Untracked 
| 209|0x000000075a200000, 0x000000075a200000, 0x000000075a400000|  0%| F|  |TAMS 0x000000075a200000, 0x000000075a200000| Untracked 
| 210|0x000000075a400000, 0x000000075a400000, 0x000000075a600000|  0%| F|  |TAMS 0x000000075a400000, 0x000000075a400000| Untracked 
| 211|0x000000075a600000, 0x000000075a600000, 0x000000075a800000|  0%| F|  |TAMS 0x000000075a600000, 0x000000075a600000| Untracked 
| 212|0x000000075a800000, 0x000000075a800000, 0x000000075aa00000|  0%| F|  |TAMS 0x000000075a800000, 0x000000075a800000| Untracked 
| 213|0x000000075aa00000, 0x000000075aa00000, 0x000000075ac00000|  0%| F|  |TAMS 0x000000075aa00000, 0x000000075aa00000| Untracked 
| 214|0x000000075ac00000, 0x000000075ac00000, 0x000000075ae00000|  0%| F|  |TAMS 0x000000075ac00000, 0x000000075ac00000| Untracked 
| 215|0x000000075ae00000, 0x000000075ae00000, 0x000000075b000000|  0%| F|  |TAMS 0x000000075ae00000, 0x000000075ae00000| Untracked 
| 216|0x000000075b000000, 0x000000075b000000, 0x000000075b200000|  0%| F|  |TAMS 0x000000075b000000, 0x000000075b000000| Untracked 
| 217|0x000000075b200000, 0x000000075b200000, 0x000000075b400000|  0%| F|  |TAMS 0x000000075b200000, 0x000000075b200000| Untracked 
| 218|0x000000075b400000, 0x000000075b400000, 0x000000075b600000|  0%| F|  |TAMS 0x000000075b400000, 0x000000075b400000| Untracked 
| 219|0x000000075b600000, 0x000000075b600000, 0x000000075b800000|  0%| F|  |TAMS 0x000000075b600000, 0x000000075b600000| Untracked 
| 220|0x000000075b800000, 0x000000075b800000, 0x000000075ba00000|  0%| F|  |TAMS 0x000000075b800000, 0x000000075b800000| Untracked 
| 221|0x000000075ba00000, 0x000000075ba00000, 0x000000075bc00000|  0%| F|  |TAMS 0x000000075ba00000, 0x000000075ba00000| Untracked 
| 222|0x000000075bc00000, 0x000000075bc00000, 0x000000075be00000|  0%| F|  |TAMS 0x000000075bc00000, 0x000000075bc00000| Untracked 
| 223|0x000000075be00000, 0x000000075be00000, 0x000000075c000000|  0%| F|  |TAMS 0x000000075be00000, 0x000000075be00000| Untracked 
| 224|0x000000075c000000, 0x000000075c000000, 0x000000075c200000|  0%| F|  |TAMS 0x000000075c000000, 0x000000075c000000| Untracked 
| 225|0x000000075c200000, 0x000000075c200000, 0x000000075c400000|  0%| F|  |TAMS 0x000000075c200000, 0x000000075c200000| Untracked 
| 226|0x000000075c400000, 0x000000075c400000, 0x000000075c600000|  0%| F|  |TAMS 0x000000075c400000, 0x000000075c400000| Untracked 
| 227|0x000000075c600000, 0x000000075c600000, 0x000000075c800000|  0%| F|  |TAMS 0x000000075c600000, 0x000000075c600000| Untracked 
| 228|0x000000075c800000, 0x000000075c800000, 0x000000075ca00000|  0%| F|  |TAMS 0x000000075c800000, 0x000000075c800000| Untracked 
| 229|0x000000075ca00000, 0x000000075ca00000, 0x000000075cc00000|  0%| F|  |TAMS 0x000000075ca00000, 0x000000075ca00000| Untracked 
| 230|0x000000075cc00000, 0x000000075cc00000, 0x000000075ce00000|  0%| F|  |TAMS 0x000000075cc00000, 0x000000075cc00000| Untracked 
| 231|0x000000075ce00000, 0x000000075ce00000, 0x000000075d000000|  0%| F|  |TAMS 0x000000075ce00000, 0x000000075ce00000| Untracked 
| 232|0x000000075d000000, 0x000000075d000000, 0x000000075d200000|  0%| F|  |TAMS 0x000000075d000000, 0x000000075d000000| Untracked 
| 233|0x000000075d200000, 0x000000075d200000, 0x000000075d400000|  0%| F|  |TAMS 0x000000075d200000, 0x000000075d200000| Untracked 
| 234|0x000000075d400000, 0x000000075d400000, 0x000000075d600000|  0%| F|  |TAMS 0x000000075d400000, 0x000000075d400000| Untracked 
| 235|0x000000075d600000, 0x000000075d600000, 0x000000075d800000|  0%| F|  |TAMS 0x000000075d600000, 0x000000075d600000| Untracked 
| 236|0x000000075d800000, 0x000000075d800000, 0x000000075da00000|  0%| F|  |TAMS 0x000000075d800000, 0x000000075d800000| Untracked 
| 237|0x000000075da00000, 0x000000075da00000, 0x000000075dc00000|  0%| F|  |TAMS 0x000000075da00000, 0x000000075da00000| Untracked 
| 238|0x000000075dc00000, 0x000000075dc00000, 0x000000075de00000|  0%| F|  |TAMS 0x000000075dc00000, 0x000000075dc00000| Untracked 
| 239|0x000000075de00000, 0x000000075de00000, 0x000000075e000000|  0%| F|  |TAMS 0x000000075de00000, 0x000000075de00000| Untracked 
| 240|0x000000075e000000, 0x000000075e000000, 0x000000075e200000|  0%| F|  |TAMS 0x000000075e000000, 0x000000075e000000| Untracked 
| 241|0x000000075e200000, 0x000000075e200000, 0x000000075e400000|  0%| F|  |TAMS 0x000000075e200000, 0x000000075e200000| Untracked 
| 242|0x000000075e400000, 0x000000075e600000, 0x000000075e600000|100%| O|  |TAMS 0x000000075e600000, 0x000000075e400000| Untracked 
| 243|0x000000075e600000, 0x000000075e800000, 0x000000075e800000|100%| O|  |TAMS 0x000000075e800000, 0x000000075e600000| Untracked 
| 244|0x000000075e800000, 0x000000075ea00000, 0x000000075ea00000|100%| O|  |TAMS 0x000000075ea00000, 0x000000075e800000| Untracked 
| 245|0x000000075ea00000, 0x000000075ec00000, 0x000000075ec00000|100%| O|  |TAMS 0x000000075ec00000, 0x000000075ea00000| Untracked 
| 246|0x000000075ec00000, 0x000000075ee00000, 0x000000075ee00000|100%| O|  |TAMS 0x000000075ee00000, 0x000000075ec00000| Untracked 
| 247|0x000000075ee00000, 0x000000075f000000, 0x000000075f000000|100%| O|  |TAMS 0x000000075f000000, 0x000000075ee00000| Untracked 
| 248|0x000000075f000000, 0x000000075f200000, 0x000000075f200000|100%| O|  |TAMS 0x000000075f200000, 0x000000075f000000| Untracked 
| 249|0x000000075f200000, 0x000000075f200000, 0x000000075f400000|  0%| F|  |TAMS 0x000000075f200000, 0x000000075f200000| Untracked 
| 250|0x000000075f400000, 0x000000075f400000, 0x000000075f600000|  0%| F|  |TAMS 0x000000075f400000, 0x000000075f400000| Untracked 
| 251|0x000000075f600000, 0x000000075f600000, 0x000000075f800000|  0%| F|  |TAMS 0x000000075f600000, 0x000000075f600000| Untracked 
| 252|0x000000075f800000, 0x000000075f800000, 0x000000075fa00000|  0%| F|  |TAMS 0x000000075f800000, 0x000000075f800000| Untracked 
| 253|0x000000075fa00000, 0x000000075fa00000, 0x000000075fc00000|  0%| F|  |TAMS 0x000000075fa00000, 0x000000075fa00000| Untracked 
| 254|0x000000075fc00000, 0x000000075fc00000, 0x000000075fe00000|  0%| F|  |TAMS 0x000000075fc00000, 0x000000075fc00000| Untracked 
| 255|0x000000075fe00000, 0x000000075fe00000, 0x0000000760000000|  0%| F|  |TAMS 0x000000075fe00000, 0x000000075fe00000| Untracked 
| 256|0x0000000760000000, 0x0000000760000000, 0x0000000760200000|  0%| F|  |TAMS 0x0000000760000000, 0x0000000760000000| Untracked 
| 257|0x0000000760200000, 0x0000000760200000, 0x0000000760400000|  0%| F|  |TAMS 0x0000000760200000, 0x0000000760200000| Untracked 
| 258|0x0000000760400000, 0x0000000760600000, 0x0000000760600000|100%| O|  |TAMS 0x0000000760600000, 0x0000000760400000| Untracked 
| 259|0x0000000760600000, 0x0000000760800000, 0x0000000760800000|100%| O|  |TAMS 0x0000000760800000, 0x0000000760600000| Untracked 
| 260|0x0000000760800000, 0x0000000760800000, 0x0000000760a00000|  0%| F|  |TAMS 0x0000000760800000, 0x0000000760800000| Untracked 
| 261|0x0000000760a00000, 0x0000000760a00000, 0x0000000760c00000|  0%| F|  |TAMS 0x0000000760a00000, 0x0000000760a00000| Untracked 
| 262|0x0000000760c00000, 0x0000000760c00000, 0x0000000760e00000|  0%| F|  |TAMS 0x0000000760c00000, 0x0000000760c00000| Untracked 
| 263|0x0000000760e00000, 0x0000000760e00000, 0x0000000761000000|  0%| F|  |TAMS 0x0000000760e00000, 0x0000000760e00000| Untracked 
| 264|0x0000000761000000, 0x0000000761000000, 0x0000000761200000|  0%| F|  |TAMS 0x0000000761000000, 0x0000000761000000| Untracked 
| 265|0x0000000761200000, 0x0000000761200000, 0x0000000761400000|  0%| F|  |TAMS 0x0000000761200000, 0x0000000761200000| Untracked 
| 266|0x0000000761400000, 0x0000000761400000, 0x0000000761600000|  0%| F|  |TAMS 0x0000000761400000, 0x0000000761400000| Untracked 
| 267|0x0000000761600000, 0x0000000761600000, 0x0000000761800000|  0%| F|  |TAMS 0x0000000761600000, 0x0000000761600000| Untracked 
| 268|0x0000000761800000, 0x0000000761800000, 0x0000000761a00000|  0%| F|  |TAMS 0x0000000761800000, 0x0000000761800000| Untracked 
| 269|0x0000000761a00000, 0x0000000761a00000, 0x0000000761c00000|  0%| F|  |TAMS 0x0000000761a00000, 0x0000000761a00000| Untracked 
| 270|0x0000000761c00000, 0x0000000761c00000, 0x0000000761e00000|  0%| F|  |TAMS 0x0000000761c00000, 0x0000000761c00000| Untracked 
| 271|0x0000000761e00000, 0x0000000761e00000, 0x0000000762000000|  0%| F|  |TAMS 0x0000000761e00000, 0x0000000761e00000| Untracked 
| 272|0x0000000762000000, 0x0000000762000000, 0x0000000762200000|  0%| F|  |TAMS 0x0000000762000000, 0x0000000762000000| Untracked 
| 273|0x0000000762200000, 0x0000000762200000, 0x0000000762400000|  0%| F|  |TAMS 0x0000000762200000, 0x0000000762200000| Untracked 
| 274|0x0000000762400000, 0x0000000762400000, 0x0000000762600000|  0%| F|  |TAMS 0x0000000762400000, 0x0000000762400000| Untracked 
| 275|0x0000000762600000, 0x0000000762600000, 0x0000000762800000|  0%| F|  |TAMS 0x0000000762600000, 0x0000000762600000| Untracked 
| 276|0x0000000762800000, 0x0000000762800000, 0x0000000762a00000|  0%| F|  |TAMS 0x0000000762800000, 0x0000000762800000| Untracked 
| 277|0x0000000762a00000, 0x0000000762a00000, 0x0000000762c00000|  0%| F|  |TAMS 0x0000000762a00000, 0x0000000762a00000| Untracked 
| 278|0x0000000762c00000, 0x0000000762c00000, 0x0000000762e00000|  0%| F|  |TAMS 0x0000000762c00000, 0x0000000762c00000| Untracked 
| 279|0x0000000762e00000, 0x0000000762e00000, 0x0000000763000000|  0%| F|  |TAMS 0x0000000762e00000, 0x0000000762e00000| Untracked 
| 280|0x0000000763000000, 0x0000000763000000, 0x0000000763200000|  0%| F|  |TAMS 0x0000000763000000, 0x0000000763000000| Untracked 
| 281|0x0000000763200000, 0x0000000763200000, 0x0000000763400000|  0%| F|  |TAMS 0x0000000763200000, 0x0000000763200000| Untracked 
| 282|0x0000000763400000, 0x0000000763400000, 0x0000000763600000|  0%| F|  |TAMS 0x0000000763400000, 0x0000000763400000| Untracked 
| 283|0x0000000763600000, 0x0000000763600000, 0x0000000763800000|  0%| F|  |TAMS 0x0000000763600000, 0x0000000763600000| Untracked 
| 284|0x0000000763800000, 0x0000000763800000, 0x0000000763a00000|  0%| F|  |TAMS 0x0000000763800000, 0x0000000763800000| Untracked 
| 285|0x0000000763a00000, 0x0000000763a00000, 0x0000000763c00000|  0%| F|  |TAMS 0x0000000763a00000, 0x0000000763a00000| Untracked 
| 286|0x0000000763c00000, 0x0000000763c00000, 0x0000000763e00000|  0%| F|  |TAMS 0x0000000763c00000, 0x0000000763c00000| Untracked 
| 287|0x0000000763e00000, 0x0000000763e00000, 0x0000000764000000|  0%| F|  |TAMS 0x0000000763e00000, 0x0000000763e00000| Untracked 
| 288|0x0000000764000000, 0x0000000764000000, 0x0000000764200000|  0%| F|  |TAMS 0x0000000764000000, 0x0000000764000000| Untracked 
| 289|0x0000000764200000, 0x0000000764200000, 0x0000000764400000|  0%| F|  |TAMS 0x0000000764200000, 0x0000000764200000| Untracked 
| 290|0x0000000764400000, 0x0000000764400000, 0x0000000764600000|  0%| F|  |TAMS 0x0000000764400000, 0x0000000764400000| Untracked 
| 291|0x0000000764600000, 0x0000000764600000, 0x0000000764800000|  0%| F|  |TAMS 0x0000000764600000, 0x0000000764600000| Untracked 
| 292|0x0000000764800000, 0x0000000764800000, 0x0000000764a00000|  0%| F|  |TAMS 0x0000000764800000, 0x0000000764800000| Untracked 
| 293|0x0000000764a00000, 0x0000000764a00000, 0x0000000764c00000|  0%| F|  |TAMS 0x0000000764a00000, 0x0000000764a00000| Untracked 
| 294|0x0000000764c00000, 0x0000000764c00000, 0x0000000764e00000|  0%| F|  |TAMS 0x0000000764c00000, 0x0000000764c00000| Untracked 
| 295|0x0000000764e00000, 0x0000000765000000, 0x0000000765000000|100%| O|  |TAMS 0x0000000765000000, 0x0000000764e00000| Untracked 
| 296|0x0000000765000000, 0x0000000765200000, 0x0000000765200000|100%| O|  |TAMS 0x0000000765200000, 0x0000000765000000| Untracked 
| 297|0x0000000765200000, 0x0000000765200000, 0x0000000765400000|  0%| F|  |TAMS 0x0000000765200000, 0x0000000765200000| Untracked 
| 298|0x0000000765400000, 0x0000000765400000, 0x0000000765600000|  0%| F|  |TAMS 0x0000000765400000, 0x0000000765400000| Untracked 
| 299|0x0000000765600000, 0x0000000765600000, 0x0000000765800000|  0%| F|  |TAMS 0x0000000765600000, 0x0000000765600000| Untracked 
| 300|0x0000000765800000, 0x0000000765800000, 0x0000000765a00000|  0%| F|  |TAMS 0x0000000765800000, 0x0000000765800000| Untracked 
| 301|0x0000000765a00000, 0x0000000765a00000, 0x0000000765c00000|  0%| F|  |TAMS 0x0000000765a00000, 0x0000000765a00000| Untracked 
| 302|0x0000000765c00000, 0x0000000765c00000, 0x0000000765e00000|  0%| F|  |TAMS 0x0000000765c00000, 0x0000000765c00000| Untracked 
| 303|0x0000000765e00000, 0x0000000765e00000, 0x0000000766000000|  0%| F|  |TAMS 0x0000000765e00000, 0x0000000765e00000| Untracked 
| 304|0x0000000766000000, 0x0000000766000000, 0x0000000766200000|  0%| F|  |TAMS 0x0000000766000000, 0x0000000766000000| Untracked 
| 305|0x0000000766200000, 0x0000000766200000, 0x0000000766400000|  0%| F|  |TAMS 0x0000000766200000, 0x0000000766200000| Untracked 
| 306|0x0000000766400000, 0x0000000766400000, 0x0000000766600000|  0%| F|  |TAMS 0x0000000766400000, 0x0000000766400000| Untracked 
| 307|0x0000000766600000, 0x0000000766600000, 0x0000000766800000|  0%| F|  |TAMS 0x0000000766600000, 0x0000000766600000| Untracked 
| 308|0x0000000766800000, 0x0000000766a00000, 0x0000000766a00000|100%|HS|  |TAMS 0x0000000766a00000, 0x0000000766800000| Complete 
| 309|0x0000000766a00000, 0x0000000766c00000, 0x0000000766c00000|100%|HC|  |TAMS 0x0000000766c00000, 0x0000000766a00000| Complete 
| 310|0x0000000766c00000, 0x0000000766e00000, 0x0000000766e00000|100%|HC|  |TAMS 0x0000000766e00000, 0x0000000766c00000| Complete 
| 311|0x0000000766e00000, 0x0000000767000000, 0x0000000767000000|100%| O|  |TAMS 0x0000000767000000, 0x0000000766e00000| Untracked 
| 312|0x0000000767000000, 0x0000000767000000, 0x0000000767200000|  0%| F|  |TAMS 0x0000000767000000, 0x0000000767000000| Untracked 
| 313|0x0000000767200000, 0x0000000767200000, 0x0000000767400000|  0%| F|  |TAMS 0x0000000767200000, 0x0000000767200000| Untracked 
| 314|0x0000000767400000, 0x0000000767400000, 0x0000000767600000|  0%| F|  |TAMS 0x0000000767400000, 0x0000000767400000| Untracked 
| 315|0x0000000767600000, 0x0000000767800000, 0x0000000767800000|100%| O|  |TAMS 0x0000000767800000, 0x0000000767600000| Untracked 
| 316|0x0000000767800000, 0x0000000767800000, 0x0000000767a00000|  0%| F|  |TAMS 0x0000000767800000, 0x0000000767800000| Untracked 
| 317|0x0000000767a00000, 0x0000000767a00000, 0x0000000767c00000|  0%| F|  |TAMS 0x0000000767a00000, 0x0000000767a00000| Untracked 
| 318|0x0000000767c00000, 0x0000000767c00000, 0x0000000767e00000|  0%| F|  |TAMS 0x0000000767c00000, 0x0000000767c00000| Untracked 
| 319|0x0000000767e00000, 0x0000000767e00000, 0x0000000768000000|  0%| F|  |TAMS 0x0000000767e00000, 0x0000000767e00000| Untracked 
| 320|0x0000000768000000, 0x0000000768000000, 0x0000000768200000|  0%| F|  |TAMS 0x0000000768000000, 0x0000000768000000| Untracked 
| 321|0x0000000768200000, 0x0000000768200000, 0x0000000768400000|  0%| F|  |TAMS 0x0000000768200000, 0x0000000768200000| Untracked 
| 322|0x0000000768400000, 0x0000000768400000, 0x0000000768600000|  0%| F|  |TAMS 0x0000000768400000, 0x0000000768400000| Untracked 
| 323|0x0000000768600000, 0x0000000768600000, 0x0000000768800000|  0%| F|  |TAMS 0x0000000768600000, 0x0000000768600000| Untracked 
| 324|0x0000000768800000, 0x0000000768800000, 0x0000000768a00000|  0%| F|  |TAMS 0x0000000768800000, 0x0000000768800000| Untracked 
| 325|0x0000000768a00000, 0x0000000768c00000, 0x0000000768c00000|100%| O|  |TAMS 0x0000000768c00000, 0x0000000768a00000| Untracked 
| 326|0x0000000768c00000, 0x0000000768c00000, 0x0000000768e00000|  0%| F|  |TAMS 0x0000000768c00000, 0x0000000768c00000| Untracked 
| 327|0x0000000768e00000, 0x0000000768e00000, 0x0000000769000000|  0%| F|  |TAMS 0x0000000768e00000, 0x0000000768e00000| Untracked 
| 328|0x0000000769000000, 0x0000000769000000, 0x0000000769200000|  0%| F|  |TAMS 0x0000000769000000, 0x0000000769000000| Untracked 
| 329|0x0000000769200000, 0x0000000769200000, 0x0000000769400000|  0%| F|  |TAMS 0x0000000769200000, 0x0000000769200000| Untracked 
| 330|0x0000000769400000, 0x0000000769400000, 0x0000000769600000|  0%| F|  |TAMS 0x0000000769400000, 0x0000000769400000| Untracked 
| 331|0x0000000769600000, 0x0000000769600000, 0x0000000769800000|  0%| F|  |TAMS 0x0000000769600000, 0x0000000769600000| Untracked 
| 332|0x0000000769800000, 0x0000000769800000, 0x0000000769a00000|  0%| F|  |TAMS 0x0000000769800000, 0x0000000769800000| Untracked 
| 333|0x0000000769a00000, 0x0000000769a00000, 0x0000000769c00000|  0%| F|  |TAMS 0x0000000769a00000, 0x0000000769a00000| Untracked 
| 334|0x0000000769c00000, 0x0000000769c00000, 0x0000000769e00000|  0%| F|  |TAMS 0x0000000769c00000, 0x0000000769c00000| Untracked 
| 335|0x0000000769e00000, 0x0000000769e00000, 0x000000076a000000|  0%| F|  |TAMS 0x0000000769e00000, 0x0000000769e00000| Untracked 
| 336|0x000000076a000000, 0x000000076a000000, 0x000000076a200000|  0%| F|  |TAMS 0x000000076a000000, 0x000000076a000000| Untracked 
| 337|0x000000076a200000, 0x000000076a200000, 0x000000076a400000|  0%| F|  |TAMS 0x000000076a200000, 0x000000076a200000| Untracked 
| 338|0x000000076a400000, 0x000000076a400000, 0x000000076a600000|  0%| F|  |TAMS 0x000000076a400000, 0x000000076a400000| Untracked 
| 339|0x000000076a600000, 0x000000076a600000, 0x000000076a800000|  0%| F|  |TAMS 0x000000076a600000, 0x000000076a600000| Untracked 
| 340|0x000000076a800000, 0x000000076a800000, 0x000000076aa00000|  0%| F|  |TAMS 0x000000076a800000, 0x000000076a800000| Untracked 
| 341|0x000000076aa00000, 0x000000076aa00000, 0x000000076ac00000|  0%| F|  |TAMS 0x000000076aa00000, 0x000000076aa00000| Untracked 
| 342|0x000000076ac00000, 0x000000076ac00000, 0x000000076ae00000|  0%| F|  |TAMS 0x000000076ac00000, 0x000000076ac00000| Untracked 
| 343|0x000000076ae00000, 0x000000076ae00000, 0x000000076b000000|  0%| F|  |TAMS 0x000000076ae00000, 0x000000076ae00000| Untracked 
| 344|0x000000076b000000, 0x000000076b000000, 0x000000076b200000|  0%| F|  |TAMS 0x000000076b000000, 0x000000076b000000| Untracked 
| 345|0x000000076b200000, 0x000000076b200000, 0x000000076b400000|  0%| F|  |TAMS 0x000000076b200000, 0x000000076b200000| Untracked 
| 346|0x000000076b400000, 0x000000076b400000, 0x000000076b600000|  0%| F|  |TAMS 0x000000076b400000, 0x000000076b400000| Untracked 
| 347|0x000000076b600000, 0x000000076b800000, 0x000000076b800000|100%| O|  |TAMS 0x000000076b800000, 0x000000076b600000| Untracked 
| 348|0x000000076b800000, 0x000000076ba00000, 0x000000076ba00000|100%| O|  |TAMS 0x000000076ba00000, 0x000000076b800000| Untracked 
| 349|0x000000076ba00000, 0x000000076bc00000, 0x000000076bc00000|100%| O|  |TAMS 0x000000076bc00000, 0x000000076ba00000| Untracked 
| 350|0x000000076bc00000, 0x000000076be00000, 0x000000076be00000|100%| O|  |TAMS 0x000000076be00000, 0x000000076bc00000| Untracked 
| 351|0x000000076be00000, 0x000000076c000000, 0x000000076c000000|100%| O|  |TAMS 0x000000076c000000, 0x000000076be00000| Untracked 
| 352|0x000000076c000000, 0x000000076c200000, 0x000000076c200000|100%| O|  |TAMS 0x000000076c200000, 0x000000076c000000| Untracked 
| 353|0x000000076c200000, 0x000000076c400000, 0x000000076c400000|100%| O|  |TAMS 0x000000076c400000, 0x000000076c200000| Untracked 
| 354|0x000000076c400000, 0x000000076c600000, 0x000000076c600000|100%| O|  |TAMS 0x000000076c600000, 0x000000076c400000| Untracked 
| 355|0x000000076c600000, 0x000000076c800000, 0x000000076c800000|100%| O|  |TAMS 0x000000076c800000, 0x000000076c600000| Untracked 
| 356|0x000000076c800000, 0x000000076ca00000, 0x000000076ca00000|100%| O|  |TAMS 0x000000076ca00000, 0x000000076c800000| Untracked 
| 357|0x000000076ca00000, 0x000000076cc00000, 0x000000076cc00000|100%| O|  |TAMS 0x000000076cc00000, 0x000000076ca00000| Untracked 
| 358|0x000000076cc00000, 0x000000076cc00000, 0x000000076ce00000|  0%| F|  |TAMS 0x000000076cc00000, 0x000000076cc00000| Untracked 
| 359|0x000000076ce00000, 0x000000076ce00000, 0x000000076d000000|  0%| F|  |TAMS 0x000000076ce00000, 0x000000076ce00000| Untracked 
| 360|0x000000076d000000, 0x000000076d000000, 0x000000076d200000|  0%| F|  |TAMS 0x000000076d000000, 0x000000076d000000| Untracked 
| 361|0x000000076d200000, 0x000000076d200000, 0x000000076d400000|  0%| F|  |TAMS 0x000000076d200000, 0x000000076d200000| Untracked 
| 362|0x000000076d400000, 0x000000076d400000, 0x000000076d600000|  0%| F|  |TAMS 0x000000076d400000, 0x000000076d400000| Untracked 
| 363|0x000000076d600000, 0x000000076d600000, 0x000000076d800000|  0%| F|  |TAMS 0x000000076d600000, 0x000000076d600000| Untracked 
| 364|0x000000076d800000, 0x000000076d800000, 0x000000076da00000|  0%| F|  |TAMS 0x000000076d800000, 0x000000076d800000| Untracked 
| 365|0x000000076da00000, 0x000000076da00000, 0x000000076dc00000|  0%| F|  |TAMS 0x000000076da00000, 0x000000076da00000| Untracked 
| 366|0x000000076dc00000, 0x000000076dc00000, 0x000000076de00000|  0%| F|  |TAMS 0x000000076dc00000, 0x000000076dc00000| Untracked 
| 367|0x000000076de00000, 0x000000076de00000, 0x000000076e000000|  0%| F|  |TAMS 0x000000076de00000, 0x000000076de00000| Untracked 
| 368|0x000000076e000000, 0x000000076e200000, 0x000000076e200000|100%| O|  |TAMS 0x000000076e200000, 0x000000076e000000| Untracked 
| 369|0x000000076e200000, 0x000000076e200000, 0x000000076e400000|  0%| F|  |TAMS 0x000000076e200000, 0x000000076e200000| Untracked 
| 370|0x000000076e400000, 0x000000076e400000, 0x000000076e600000|  0%| F|  |TAMS 0x000000076e400000, 0x000000076e400000| Untracked 
| 371|0x000000076e600000, 0x000000076e600000, 0x000000076e800000|  0%| F|  |TAMS 0x000000076e600000, 0x000000076e600000| Untracked 
| 372|0x000000076e800000, 0x000000076e800000, 0x000000076ea00000|  0%| F|  |TAMS 0x000000076e800000, 0x000000076e800000| Untracked 
| 373|0x000000076ea00000, 0x000000076ea00000, 0x000000076ec00000|  0%| F|  |TAMS 0x000000076ea00000, 0x000000076ea00000| Untracked 
| 374|0x000000076ec00000, 0x000000076ec00000, 0x000000076ee00000|  0%| F|  |TAMS 0x000000076ec00000, 0x000000076ec00000| Untracked 
| 375|0x000000076ee00000, 0x000000076ee00000, 0x000000076f000000|  0%| F|  |TAMS 0x000000076ee00000, 0x000000076ee00000| Untracked 
| 376|0x000000076f000000, 0x000000076f000000, 0x000000076f200000|  0%| F|  |TAMS 0x000000076f000000, 0x000000076f000000| Untracked 
| 377|0x000000076f200000, 0x000000076f200000, 0x000000076f400000|  0%| F|  |TAMS 0x000000076f200000, 0x000000076f200000| Untracked 
| 378|0x000000076f400000, 0x000000076f400000, 0x000000076f600000|  0%| F|  |TAMS 0x000000076f400000, 0x000000076f400000| Untracked 
| 379|0x000000076f600000, 0x000000076f600000, 0x000000076f800000|  0%| F|  |TAMS 0x000000076f600000, 0x000000076f600000| Untracked 
| 380|0x000000076f800000, 0x000000076f800000, 0x000000076fa00000|  0%| F|  |TAMS 0x000000076f800000, 0x000000076f800000| Untracked 
| 381|0x000000076fa00000, 0x000000076fa00000, 0x000000076fc00000|  0%| F|  |TAMS 0x000000076fa00000, 0x000000076fa00000| Untracked 
| 382|0x000000076fc00000, 0x000000076fc00000, 0x000000076fe00000|  0%| F|  |TAMS 0x000000076fc00000, 0x000000076fc00000| Untracked 
| 383|0x000000076fe00000, 0x000000076fe00000, 0x0000000770000000|  0%| F|  |TAMS 0x000000076fe00000, 0x000000076fe00000| Untracked 
| 384|0x0000000770000000, 0x0000000770000000, 0x0000000770200000|  0%| F|  |TAMS 0x0000000770000000, 0x0000000770000000| Untracked 
| 385|0x0000000770200000, 0x0000000770200000, 0x0000000770400000|  0%| F|  |TAMS 0x0000000770200000, 0x0000000770200000| Untracked 
| 386|0x0000000770400000, 0x0000000770400000, 0x0000000770600000|  0%| F|  |TAMS 0x0000000770400000, 0x0000000770400000| Untracked 
| 387|0x0000000770600000, 0x0000000770600000, 0x0000000770800000|  0%| F|  |TAMS 0x0000000770600000, 0x0000000770600000| Untracked 
| 388|0x0000000770800000, 0x0000000770800000, 0x0000000770a00000|  0%| F|  |TAMS 0x0000000770800000, 0x0000000770800000| Untracked 
| 389|0x0000000770a00000, 0x0000000770a00000, 0x0000000770c00000|  0%| F|  |TAMS 0x0000000770a00000, 0x0000000770a00000| Untracked 
| 390|0x0000000770c00000, 0x0000000770c00000, 0x0000000770e00000|  0%| F|  |TAMS 0x0000000770c00000, 0x0000000770c00000| Untracked 
| 391|0x0000000770e00000, 0x0000000770e00000, 0x0000000771000000|  0%| F|  |TAMS 0x0000000770e00000, 0x0000000770e00000| Untracked 
| 392|0x0000000771000000, 0x0000000771000000, 0x0000000771200000|  0%| F|  |TAMS 0x0000000771000000, 0x0000000771000000| Untracked 
| 393|0x0000000771200000, 0x0000000771200000, 0x0000000771400000|  0%| F|  |TAMS 0x0000000771200000, 0x0000000771200000| Untracked 
| 394|0x0000000771400000, 0x0000000771400000, 0x0000000771600000|  0%| F|  |TAMS 0x0000000771400000, 0x0000000771400000| Untracked 
| 395|0x0000000771600000, 0x0000000771600000, 0x0000000771800000|  0%| F|  |TAMS 0x0000000771600000, 0x0000000771600000| Untracked 
| 396|0x0000000771800000, 0x0000000771800000, 0x0000000771a00000|  0%| F|  |TAMS 0x0000000771800000, 0x0000000771800000| Untracked 
| 397|0x0000000771a00000, 0x0000000771a00000, 0x0000000771c00000|  0%| F|  |TAMS 0x0000000771a00000, 0x0000000771a00000| Untracked 
| 398|0x0000000771c00000, 0x0000000771c00000, 0x0000000771e00000|  0%| F|  |TAMS 0x0000000771c00000, 0x0000000771c00000| Untracked 
| 399|0x0000000771e00000, 0x0000000771e00000, 0x0000000772000000|  0%| F|  |TAMS 0x0000000771e00000, 0x0000000771e00000| Untracked 
| 400|0x0000000772000000, 0x0000000772000000, 0x0000000772200000|  0%| F|  |TAMS 0x0000000772000000, 0x0000000772000000| Untracked 
| 401|0x0000000772200000, 0x0000000772200000, 0x0000000772400000|  0%| F|  |TAMS 0x0000000772200000, 0x0000000772200000| Untracked 
| 402|0x0000000772400000, 0x0000000772400000, 0x0000000772600000|  0%| F|  |TAMS 0x0000000772400000, 0x0000000772400000| Untracked 
| 403|0x0000000772600000, 0x0000000772600000, 0x0000000772800000|  0%| F|  |TAMS 0x0000000772600000, 0x0000000772600000| Untracked 
| 404|0x0000000772800000, 0x0000000772800000, 0x0000000772a00000|  0%| F|  |TAMS 0x0000000772800000, 0x0000000772800000| Untracked 
| 405|0x0000000772a00000, 0x0000000772a00000, 0x0000000772c00000|  0%| F|  |TAMS 0x0000000772a00000, 0x0000000772a00000| Untracked 
| 406|0x0000000772c00000, 0x0000000772c00000, 0x0000000772e00000|  0%| F|  |TAMS 0x0000000772c00000, 0x0000000772c00000| Untracked 
| 407|0x0000000772e00000, 0x0000000772e00000, 0x0000000773000000|  0%| F|  |TAMS 0x0000000772e00000, 0x0000000772e00000| Untracked 
| 408|0x0000000773000000, 0x0000000773000000, 0x0000000773200000|  0%| F|  |TAMS 0x0000000773000000, 0x0000000773000000| Untracked 
| 409|0x0000000773200000, 0x0000000773200000, 0x0000000773400000|  0%| F|  |TAMS 0x0000000773200000, 0x0000000773200000| Untracked 
| 410|0x0000000773400000, 0x0000000773400000, 0x0000000773600000|  0%| F|  |TAMS 0x0000000773400000, 0x0000000773400000| Untracked 
| 411|0x0000000773600000, 0x0000000773600000, 0x0000000773800000|  0%| F|  |TAMS 0x0000000773600000, 0x0000000773600000| Untracked 
| 412|0x0000000773800000, 0x0000000773800000, 0x0000000773a00000|  0%| F|  |TAMS 0x0000000773800000, 0x0000000773800000| Untracked 
| 413|0x0000000773a00000, 0x0000000773a00000, 0x0000000773c00000|  0%| F|  |TAMS 0x0000000773a00000, 0x0000000773a00000| Untracked 
| 414|0x0000000773c00000, 0x0000000773c00000, 0x0000000773e00000|  0%| F|  |TAMS 0x0000000773c00000, 0x0000000773c00000| Untracked 
| 415|0x0000000773e00000, 0x0000000774000000, 0x0000000774000000|100%| O|  |TAMS 0x0000000774000000, 0x0000000773e00000| Untracked 
| 416|0x0000000774000000, 0x0000000774000000, 0x0000000774200000|  0%| F|  |TAMS 0x0000000774000000, 0x0000000774000000| Untracked 
| 417|0x0000000774200000, 0x0000000774400000, 0x0000000774400000|100%| O|  |TAMS 0x0000000774400000, 0x0000000774200000| Untracked 
| 418|0x0000000774400000, 0x0000000774400000, 0x0000000774600000|  0%| F|  |TAMS 0x0000000774400000, 0x0000000774400000| Untracked 
| 419|0x0000000774600000, 0x0000000774600000, 0x0000000774800000|  0%| F|  |TAMS 0x0000000774600000, 0x0000000774600000| Untracked 
| 420|0x0000000774800000, 0x0000000774800000, 0x0000000774a00000|  0%| F|  |TAMS 0x0000000774800000, 0x0000000774800000| Untracked 
| 421|0x0000000774a00000, 0x0000000774a00000, 0x0000000774c00000|  0%| F|  |TAMS 0x0000000774a00000, 0x0000000774a00000| Untracked 
| 422|0x0000000774c00000, 0x0000000774c00000, 0x0000000774e00000|  0%| F|  |TAMS 0x0000000774c00000, 0x0000000774c00000| Untracked 
| 423|0x0000000774e00000, 0x0000000774e00000, 0x0000000775000000|  0%| F|  |TAMS 0x0000000774e00000, 0x0000000774e00000| Untracked 
| 424|0x0000000775000000, 0x0000000775000000, 0x0000000775200000|  0%| F|  |TAMS 0x0000000775000000, 0x0000000775000000| Untracked 
| 425|0x0000000775200000, 0x0000000775200000, 0x0000000775400000|  0%| F|  |TAMS 0x0000000775200000, 0x0000000775200000| Untracked 
| 426|0x0000000775400000, 0x0000000775400000, 0x0000000775600000|  0%| F|  |TAMS 0x0000000775400000, 0x0000000775400000| Untracked 
| 427|0x0000000775600000, 0x0000000775600000, 0x0000000775800000|  0%| F|  |TAMS 0x0000000775600000, 0x0000000775600000| Untracked 
| 428|0x0000000775800000, 0x0000000775800000, 0x0000000775a00000|  0%| F|  |TAMS 0x0000000775800000, 0x0000000775800000| Untracked 
| 429|0x0000000775a00000, 0x0000000775a00000, 0x0000000775c00000|  0%| F|  |TAMS 0x0000000775a00000, 0x0000000775a00000| Untracked 
| 430|0x0000000775c00000, 0x0000000775c00000, 0x0000000775e00000|  0%| F|  |TAMS 0x0000000775c00000, 0x0000000775c00000| Untracked 
| 431|0x0000000775e00000, 0x0000000776000000, 0x0000000776000000|100%| O|  |TAMS 0x0000000776000000, 0x0000000775e00000| Untracked 
| 432|0x0000000776000000, 0x0000000776000000, 0x0000000776200000|  0%| F|  |TAMS 0x0000000776000000, 0x0000000776000000| Untracked 
| 433|0x0000000776200000, 0x0000000776200000, 0x0000000776400000|  0%| F|  |TAMS 0x0000000776200000, 0x0000000776200000| Untracked 
| 434|0x0000000776400000, 0x0000000776400000, 0x0000000776600000|  0%| F|  |TAMS 0x0000000776400000, 0x0000000776400000| Untracked 
| 435|0x0000000776600000, 0x0000000776600000, 0x0000000776800000|  0%| F|  |TAMS 0x0000000776600000, 0x0000000776600000| Untracked 
| 436|0x0000000776800000, 0x0000000776800000, 0x0000000776a00000|  0%| F|  |TAMS 0x0000000776800000, 0x0000000776800000| Untracked 
| 437|0x0000000776a00000, 0x0000000776a00000, 0x0000000776c00000|  0%| F|  |TAMS 0x0000000776a00000, 0x0000000776a00000| Untracked 
| 438|0x0000000776c00000, 0x0000000776c00000, 0x0000000776e00000|  0%| F|  |TAMS 0x0000000776c00000, 0x0000000776c00000| Untracked 
| 439|0x0000000776e00000, 0x0000000776e00000, 0x0000000777000000|  0%| F|  |TAMS 0x0000000776e00000, 0x0000000776e00000| Untracked 
| 440|0x0000000777000000, 0x0000000777000000, 0x0000000777200000|  0%| F|  |TAMS 0x0000000777000000, 0x0000000777000000| Untracked 
| 441|0x0000000777200000, 0x000000077733e700, 0x0000000777400000| 62%| S|CS|TAMS 0x0000000777200000, 0x0000000777200000| Complete 
| 442|0x0000000777400000, 0x0000000777600000, 0x0000000777600000|100%| S|CS|TAMS 0x0000000777400000, 0x0000000777400000| Complete 
| 443|0x0000000777600000, 0x0000000777800000, 0x0000000777800000|100%| S|CS|TAMS 0x0000000777600000, 0x0000000777600000| Complete 
| 444|0x0000000777800000, 0x0000000777a00000, 0x0000000777a00000|100%| S|CS|TAMS 0x0000000777800000, 0x0000000777800000| Complete 
| 445|0x0000000777a00000, 0x0000000777c00000, 0x0000000777c00000|100%| S|CS|TAMS 0x0000000777a00000, 0x0000000777a00000| Complete 
| 446|0x0000000777c00000, 0x0000000777e00000, 0x0000000777e00000|100%| S|CS|TAMS 0x0000000777c00000, 0x0000000777c00000| Complete 
| 447|0x0000000777e00000, 0x0000000778000000, 0x0000000778000000|100%| S|CS|TAMS 0x0000000777e00000, 0x0000000777e00000| Complete 
| 448|0x0000000778000000, 0x0000000778200000, 0x0000000778200000|100%| S|CS|TAMS 0x0000000778000000, 0x0000000778000000| Complete 
| 449|0x0000000778200000, 0x0000000778400000, 0x0000000778400000|100%| S|CS|TAMS 0x0000000778200000, 0x0000000778200000| Complete 
| 450|0x0000000778400000, 0x0000000778600000, 0x0000000778600000|100%| O|  |TAMS 0x0000000778600000, 0x0000000778400000| Untracked 
| 451|0x0000000778600000, 0x0000000778800000, 0x0000000778800000|100%| S|CS|TAMS 0x0000000778600000, 0x0000000778600000| Complete 
| 452|0x0000000778800000, 0x0000000778a00000, 0x0000000778a00000|100%| S|CS|TAMS 0x0000000778800000, 0x0000000778800000| Complete 
| 453|0x0000000778a00000, 0x0000000778c00000, 0x0000000778c00000|100%| S|CS|TAMS 0x0000000778a00000, 0x0000000778a00000| Complete 
| 454|0x0000000778c00000, 0x0000000778e00000, 0x0000000778e00000|100%| S|CS|TAMS 0x0000000778c00000, 0x0000000778c00000| Complete 
| 455|0x0000000778e00000, 0x0000000779000000, 0x0000000779000000|100%| S|CS|TAMS 0x0000000778e00000, 0x0000000778e00000| Complete 
| 456|0x0000000779000000, 0x0000000779200000, 0x0000000779200000|100%| S|CS|TAMS 0x0000000779000000, 0x0000000779000000| Complete 
| 457|0x0000000779200000, 0x0000000779400000, 0x0000000779400000|100%| S|CS|TAMS 0x0000000779200000, 0x0000000779200000| Complete 
| 458|0x0000000779400000, 0x0000000779600000, 0x0000000779600000|100%| S|CS|TAMS 0x0000000779400000, 0x0000000779400000| Complete 
| 459|0x0000000779600000, 0x0000000779800000, 0x0000000779800000|100%| S|CS|TAMS 0x0000000779600000, 0x0000000779600000| Complete 
| 460|0x0000000779800000, 0x0000000779a00000, 0x0000000779a00000|100%| S|CS|TAMS 0x0000000779800000, 0x0000000779800000| Complete 
| 461|0x0000000779a00000, 0x0000000779c00000, 0x0000000779c00000|100%| S|CS|TAMS 0x0000000779a00000, 0x0000000779a00000| Complete 
| 462|0x0000000779c00000, 0x0000000779e00000, 0x0000000779e00000|100%| S|CS|TAMS 0x0000000779c00000, 0x0000000779c00000| Complete 
| 463|0x0000000779e00000, 0x000000077a000000, 0x000000077a000000|100%| S|CS|TAMS 0x0000000779e00000, 0x0000000779e00000| Complete 
| 464|0x000000077a000000, 0x000000077a200000, 0x000000077a200000|100%| S|CS|TAMS 0x000000077a000000, 0x000000077a000000| Complete 
| 465|0x000000077a200000, 0x000000077a400000, 0x000000077a400000|100%| S|CS|TAMS 0x000000077a200000, 0x000000077a200000| Complete 
| 466|0x000000077a400000, 0x000000077a600000, 0x000000077a600000|100%| S|CS|TAMS 0x000000077a400000, 0x000000077a400000| Complete 
| 467|0x000000077a600000, 0x000000077a600000, 0x000000077a800000|  0%| F|  |TAMS 0x000000077a600000, 0x000000077a600000| Untracked 
| 468|0x000000077a800000, 0x000000077a800000, 0x000000077aa00000|  0%| F|  |TAMS 0x000000077a800000, 0x000000077a800000| Untracked 
| 469|0x000000077aa00000, 0x000000077aa00000, 0x000000077ac00000|  0%| F|  |TAMS 0x000000077aa00000, 0x000000077aa00000| Untracked 
| 470|0x000000077ac00000, 0x000000077ac00000, 0x000000077ae00000|  0%| F|  |TAMS 0x000000077ac00000, 0x000000077ac00000| Untracked 
| 471|0x000000077ae00000, 0x000000077ae00000, 0x000000077b000000|  0%| F|  |TAMS 0x000000077ae00000, 0x000000077ae00000| Untracked 
| 472|0x000000077b000000, 0x000000077b000000, 0x000000077b200000|  0%| F|  |TAMS 0x000000077b000000, 0x000000077b000000| Untracked 
| 473|0x000000077b200000, 0x000000077b200000, 0x000000077b400000|  0%| F|  |TAMS 0x000000077b200000, 0x000000077b200000| Untracked 
| 474|0x000000077b400000, 0x000000077b400000, 0x000000077b600000|  0%| F|  |TAMS 0x000000077b400000, 0x000000077b400000| Untracked 
| 475|0x000000077b600000, 0x000000077b600000, 0x000000077b800000|  0%| F|  |TAMS 0x000000077b600000, 0x000000077b600000| Untracked 
| 476|0x000000077b800000, 0x000000077b800000, 0x000000077ba00000|  0%| F|  |TAMS 0x000000077b800000, 0x000000077b800000| Untracked 
| 477|0x000000077ba00000, 0x000000077ba00000, 0x000000077bc00000|  0%| F|  |TAMS 0x000000077ba00000, 0x000000077ba00000| Untracked 
| 478|0x000000077bc00000, 0x000000077bc00000, 0x000000077be00000|  0%| F|  |TAMS 0x000000077bc00000, 0x000000077bc00000| Untracked 
| 479|0x000000077be00000, 0x000000077be00000, 0x000000077c000000|  0%| F|  |TAMS 0x000000077be00000, 0x000000077be00000| Untracked 
| 480|0x000000077c000000, 0x000000077c000000, 0x000000077c200000|  0%| F|  |TAMS 0x000000077c000000, 0x000000077c000000| Untracked 
| 481|0x000000077c200000, 0x000000077c200000, 0x000000077c400000|  0%| F|  |TAMS 0x000000077c200000, 0x000000077c200000| Untracked 
| 482|0x000000077c400000, 0x000000077c400000, 0x000000077c600000|  0%| F|  |TAMS 0x000000077c400000, 0x000000077c400000| Untracked 
| 483|0x000000077c600000, 0x000000077c600000, 0x000000077c800000|  0%| F|  |TAMS 0x000000077c600000, 0x000000077c600000| Untracked 
| 484|0x000000077c800000, 0x000000077ca00000, 0x000000077ca00000|100%|HS|  |TAMS 0x000000077ca00000, 0x000000077c800000| Complete 
| 485|0x000000077ca00000, 0x000000077cc00000, 0x000000077cc00000|100%|HC|  |TAMS 0x000000077cc00000, 0x000000077ca00000| Complete 
| 486|0x000000077cc00000, 0x000000077ce00000, 0x000000077ce00000|100%|HC|  |TAMS 0x000000077ce00000, 0x000000077cc00000| Complete 
| 487|0x000000077ce00000, 0x000000077ce00000, 0x000000077d000000|  0%| F|  |TAMS 0x000000077ce00000, 0x000000077ce00000| Untracked 
| 488|0x000000077d000000, 0x000000077d000000, 0x000000077d200000|  0%| F|  |TAMS 0x000000077d000000, 0x000000077d000000| Untracked 
| 489|0x000000077d200000, 0x000000077d400000, 0x000000077d400000|100%| O|  |TAMS 0x000000077d400000, 0x000000077d200000| Untracked 
| 490|0x000000077d400000, 0x000000077d400000, 0x000000077d600000|  0%| F|  |TAMS 0x000000077d400000, 0x000000077d400000| Untracked 
| 491|0x000000077d600000, 0x000000077d600000, 0x000000077d800000|  0%| F|  |TAMS 0x000000077d600000, 0x000000077d600000| Untracked 
| 492|0x000000077d800000, 0x000000077da00000, 0x000000077da00000|100%| O|  |TAMS 0x000000077da00000, 0x000000077d800000| Untracked 
| 493|0x000000077da00000, 0x000000077dc00000, 0x000000077dc00000|100%| O|  |TAMS 0x000000077dc00000, 0x000000077da00000| Untracked 
| 494|0x000000077dc00000, 0x000000077de00000, 0x000000077de00000|100%| O|  |TAMS 0x000000077de00000, 0x000000077dc00000| Untracked 
| 495|0x000000077de00000, 0x000000077e000000, 0x000000077e000000|100%| O|  |TAMS 0x000000077e000000, 0x000000077de00000| Untracked 
| 496|0x000000077e000000, 0x000000077e000000, 0x000000077e200000|  0%| F|  |TAMS 0x000000077e000000, 0x000000077e000000| Untracked 
| 497|0x000000077e200000, 0x000000077e200000, 0x000000077e400000|  0%| F|  |TAMS 0x000000077e200000, 0x000000077e200000| Untracked 
| 498|0x000000077e400000, 0x000000077e400000, 0x000000077e600000|  0%| F|  |TAMS 0x000000077e400000, 0x000000077e400000| Untracked 
| 499|0x000000077e600000, 0x000000077e600000, 0x000000077e800000|  0%| F|  |TAMS 0x000000077e600000, 0x000000077e600000| Untracked 
| 500|0x000000077e800000, 0x000000077e800000, 0x000000077ea00000|  0%| F|  |TAMS 0x000000077e800000, 0x000000077e800000| Untracked 
| 501|0x000000077ea00000, 0x000000077ea00000, 0x000000077ec00000|  0%| F|  |TAMS 0x000000077ea00000, 0x000000077ea00000| Untracked 
| 502|0x000000077ec00000, 0x000000077ec00000, 0x000000077ee00000|  0%| F|  |TAMS 0x000000077ec00000, 0x000000077ec00000| Untracked 
| 503|0x000000077ee00000, 0x000000077ee00000, 0x000000077f000000|  0%| F|  |TAMS 0x000000077ee00000, 0x000000077ee00000| Untracked 
| 504|0x000000077f000000, 0x000000077f000000, 0x000000077f200000|  0%| F|  |TAMS 0x000000077f000000, 0x000000077f000000| Untracked 
| 505|0x000000077f200000, 0x000000077f200000, 0x000000077f400000|  0%| F|  |TAMS 0x000000077f200000, 0x000000077f200000| Untracked 
| 506|0x000000077f400000, 0x000000077f400000, 0x000000077f600000|  0%| F|  |TAMS 0x000000077f400000, 0x000000077f400000| Untracked 
| 507|0x000000077f600000, 0x000000077f600000, 0x000000077f800000|  0%| F|  |TAMS 0x000000077f600000, 0x000000077f600000| Untracked 
| 508|0x000000077f800000, 0x000000077f800000, 0x000000077fa00000|  0%| F|  |TAMS 0x000000077f800000, 0x000000077f800000| Untracked 
| 509|0x000000077fa00000, 0x000000077fa00000, 0x000000077fc00000|  0%| F|  |TAMS 0x000000077fa00000, 0x000000077fa00000| Untracked 
| 510|0x000000077fc00000, 0x000000077fc00000, 0x000000077fe00000|  0%| F|  |TAMS 0x000000077fc00000, 0x000000077fc00000| Untracked 
| 511|0x000000077fe00000, 0x000000077fe00000, 0x0000000780000000|  0%| F|  |TAMS 0x000000077fe00000, 0x000000077fe00000| Untracked 
| 512|0x0000000780000000, 0x0000000780000000, 0x0000000780200000|  0%| F|  |TAMS 0x0000000780000000, 0x0000000780000000| Untracked 
| 513|0x0000000780200000, 0x0000000780200000, 0x0000000780400000|  0%| F|  |TAMS 0x0000000780200000, 0x0000000780200000| Untracked 
| 514|0x0000000780400000, 0x0000000780400000, 0x0000000780600000|  0%| F|  |TAMS 0x0000000780400000, 0x0000000780400000| Untracked 
| 515|0x0000000780600000, 0x0000000780600000, 0x0000000780800000|  0%| F|  |TAMS 0x0000000780600000, 0x0000000780600000| Untracked 
| 516|0x0000000780800000, 0x0000000780800000, 0x0000000780a00000|  0%| F|  |TAMS 0x0000000780800000, 0x0000000780800000| Untracked 
| 517|0x0000000780a00000, 0x0000000780a00000, 0x0000000780c00000|  0%| F|  |TAMS 0x0000000780a00000, 0x0000000780a00000| Untracked 
| 518|0x0000000780c00000, 0x0000000780c00000, 0x0000000780e00000|  0%| F|  |TAMS 0x0000000780c00000, 0x0000000780c00000| Untracked 
| 519|0x0000000780e00000, 0x0000000780e00000, 0x0000000781000000|  0%| F|  |TAMS 0x0000000780e00000, 0x0000000780e00000| Untracked 
| 520|0x0000000781000000, 0x0000000781000000, 0x0000000781200000|  0%| F|  |TAMS 0x0000000781000000, 0x0000000781000000| Untracked 
| 521|0x0000000781200000, 0x0000000781200000, 0x0000000781400000|  0%| F|  |TAMS 0x0000000781200000, 0x0000000781200000| Untracked 
| 522|0x0000000781400000, 0x0000000781400000, 0x0000000781600000|  0%| F|  |TAMS 0x0000000781400000, 0x0000000781400000| Untracked 
| 523|0x0000000781600000, 0x0000000781600000, 0x0000000781800000|  0%| F|  |TAMS 0x0000000781600000, 0x0000000781600000| Untracked 
| 524|0x0000000781800000, 0x0000000781800000, 0x0000000781a00000|  0%| F|  |TAMS 0x0000000781800000, 0x0000000781800000| Untracked 
| 525|0x0000000781a00000, 0x0000000781a00000, 0x0000000781c00000|  0%| F|  |TAMS 0x0000000781a00000, 0x0000000781a00000| Untracked 
| 526|0x0000000781c00000, 0x0000000781c00000, 0x0000000781e00000|  0%| F|  |TAMS 0x0000000781c00000, 0x0000000781c00000| Untracked 
| 527|0x0000000781e00000, 0x0000000781e00000, 0x0000000782000000|  0%| F|  |TAMS 0x0000000781e00000, 0x0000000781e00000| Untracked 
| 528|0x0000000782000000, 0x0000000782200000, 0x0000000782200000|100%| O|  |TAMS 0x0000000782200000, 0x0000000782000000| Untracked 
| 529|0x0000000782200000, 0x0000000782400000, 0x0000000782400000|100%| O|  |TAMS 0x0000000782400000, 0x0000000782200000| Untracked 
| 530|0x0000000782400000, 0x0000000782600000, 0x0000000782600000|100%| O|  |TAMS 0x0000000782600000, 0x0000000782400000| Untracked 
| 531|0x0000000782600000, 0x0000000782600000, 0x0000000782800000|  0%| F|  |TAMS 0x0000000782600000, 0x0000000782600000| Untracked 
| 532|0x0000000782800000, 0x0000000782800000, 0x0000000782a00000|  0%| F|  |TAMS 0x0000000782800000, 0x0000000782800000| Untracked 
| 533|0x0000000782a00000, 0x0000000782a00000, 0x0000000782c00000|  0%| F|  |TAMS 0x0000000782a00000, 0x0000000782a00000| Untracked 
| 534|0x0000000782c00000, 0x0000000782c00000, 0x0000000782e00000|  0%| F|  |TAMS 0x0000000782c00000, 0x0000000782c00000| Untracked 
| 535|0x0000000782e00000, 0x0000000782e00000, 0x0000000783000000|  0%| F|  |TAMS 0x0000000782e00000, 0x0000000782e00000| Untracked 
| 536|0x0000000783000000, 0x0000000783000000, 0x0000000783200000|  0%| F|  |TAMS 0x0000000783000000, 0x0000000783000000| Untracked 
| 537|0x0000000783200000, 0x0000000783200000, 0x0000000783400000|  0%| F|  |TAMS 0x0000000783200000, 0x0000000783200000| Untracked 
| 538|0x0000000783400000, 0x0000000783400000, 0x0000000783600000|  0%| F|  |TAMS 0x0000000783400000, 0x0000000783400000| Untracked 
| 539|0x0000000783600000, 0x0000000783600000, 0x0000000783800000|  0%| F|  |TAMS 0x0000000783600000, 0x0000000783600000| Untracked 
| 540|0x0000000783800000, 0x0000000783a00000, 0x0000000783a00000|100%| O|  |TAMS 0x0000000783a00000, 0x0000000783800000| Untracked 
| 541|0x0000000783a00000, 0x0000000783a00000, 0x0000000783c00000|  0%| F|  |TAMS 0x0000000783a00000, 0x0000000783a00000| Untracked 
| 542|0x0000000783c00000, 0x0000000783c00000, 0x0000000783e00000|  0%| F|  |TAMS 0x0000000783c00000, 0x0000000783c00000| Untracked 
| 543|0x0000000783e00000, 0x0000000783e00000, 0x0000000784000000|  0%| F|  |TAMS 0x0000000783e00000, 0x0000000783e00000| Untracked 
| 544|0x0000000784000000, 0x0000000784000000, 0x0000000784200000|  0%| F|  |TAMS 0x0000000784000000, 0x0000000784000000| Untracked 
| 545|0x0000000784200000, 0x0000000784200000, 0x0000000784400000|  0%| F|  |TAMS 0x0000000784200000, 0x0000000784200000| Untracked 
| 546|0x0000000784400000, 0x0000000784400000, 0x0000000784600000|  0%| F|  |TAMS 0x0000000784400000, 0x0000000784400000| Untracked 
| 547|0x0000000784600000, 0x0000000784600000, 0x0000000784800000|  0%| F|  |TAMS 0x0000000784600000, 0x0000000784600000| Untracked 
| 548|0x0000000784800000, 0x0000000784800000, 0x0000000784a00000|  0%| F|  |TAMS 0x0000000784800000, 0x0000000784800000| Untracked 
| 549|0x0000000784a00000, 0x0000000784a00000, 0x0000000784c00000|  0%| F|  |TAMS 0x0000000784a00000, 0x0000000784a00000| Untracked 
| 550|0x0000000784c00000, 0x0000000784c00000, 0x0000000784e00000|  0%| F|  |TAMS 0x0000000784c00000, 0x0000000784c00000| Untracked 
| 551|0x0000000784e00000, 0x0000000785000000, 0x0000000785000000|100%| O|  |TAMS 0x0000000785000000, 0x0000000784e00000| Untracked 
| 552|0x0000000785000000, 0x0000000785200000, 0x0000000785200000|100%| O|  |TAMS 0x0000000785200000, 0x0000000785000000| Untracked 
| 553|0x0000000785200000, 0x0000000785200000, 0x0000000785400000|  0%| F|  |TAMS 0x0000000785200000, 0x0000000785200000| Untracked 
| 554|0x0000000785400000, 0x0000000785400000, 0x0000000785600000|  0%| F|  |TAMS 0x0000000785400000, 0x0000000785400000| Untracked 
| 555|0x0000000785600000, 0x0000000785600000, 0x0000000785800000|  0%| F|  |TAMS 0x0000000785600000, 0x0000000785600000| Untracked 
| 556|0x0000000785800000, 0x0000000785800000, 0x0000000785a00000|  0%| F|  |TAMS 0x0000000785800000, 0x0000000785800000| Untracked 
| 557|0x0000000785a00000, 0x0000000785a00000, 0x0000000785c00000|  0%| F|  |TAMS 0x0000000785a00000, 0x0000000785a00000| Untracked 
| 558|0x0000000785c00000, 0x0000000785c00000, 0x0000000785e00000|  0%| F|  |TAMS 0x0000000785c00000, 0x0000000785c00000| Untracked 
| 559|0x0000000785e00000, 0x0000000785e00000, 0x0000000786000000|  0%| F|  |TAMS 0x0000000785e00000, 0x0000000785e00000| Untracked 
| 560|0x0000000786000000, 0x0000000786000000, 0x0000000786200000|  0%| F|  |TAMS 0x0000000786000000, 0x0000000786000000| Untracked 
| 561|0x0000000786200000, 0x0000000786200000, 0x0000000786400000|  0%| F|  |TAMS 0x0000000786200000, 0x0000000786200000| Untracked 
| 562|0x0000000786400000, 0x0000000786400000, 0x0000000786600000|  0%| F|  |TAMS 0x0000000786400000, 0x0000000786400000| Untracked 
| 563|0x0000000786600000, 0x0000000786600000, 0x0000000786800000|  0%| F|  |TAMS 0x0000000786600000, 0x0000000786600000| Untracked 
| 564|0x0000000786800000, 0x0000000786800000, 0x0000000786a00000|  0%| F|  |TAMS 0x0000000786800000, 0x0000000786800000| Untracked 
| 565|0x0000000786a00000, 0x0000000786a00000, 0x0000000786c00000|  0%| F|  |TAMS 0x0000000786a00000, 0x0000000786a00000| Untracked 
| 566|0x0000000786c00000, 0x0000000786c00000, 0x0000000786e00000|  0%| F|  |TAMS 0x0000000786c00000, 0x0000000786c00000| Untracked 
| 567|0x0000000786e00000, 0x0000000786e00000, 0x0000000787000000|  0%| F|  |TAMS 0x0000000786e00000, 0x0000000786e00000| Untracked 
| 568|0x0000000787000000, 0x0000000787200000, 0x0000000787200000|100%| O|  |TAMS 0x0000000787200000, 0x0000000787000000| Untracked 
| 569|0x0000000787200000, 0x0000000787200000, 0x0000000787400000|  0%| F|  |TAMS 0x0000000787200000, 0x0000000787200000| Untracked 
| 570|0x0000000787400000, 0x0000000787400000, 0x0000000787600000|  0%| F|  |TAMS 0x0000000787400000, 0x0000000787400000| Untracked 
| 571|0x0000000787600000, 0x0000000787600000, 0x0000000787800000|  0%| F|  |TAMS 0x0000000787600000, 0x0000000787600000| Untracked 
| 572|0x0000000787800000, 0x0000000787800000, 0x0000000787a00000|  0%| F|  |TAMS 0x0000000787800000, 0x0000000787800000| Untracked 
| 573|0x0000000787a00000, 0x0000000787a00000, 0x0000000787c00000|  0%| F|  |TAMS 0x0000000787a00000, 0x0000000787a00000| Untracked 
| 574|0x0000000787c00000, 0x0000000787c00000, 0x0000000787e00000|  0%| F|  |TAMS 0x0000000787c00000, 0x0000000787c00000| Untracked 
| 575|0x0000000787e00000, 0x0000000787e00000, 0x0000000788000000|  0%| F|  |TAMS 0x0000000787e00000, 0x0000000787e00000| Untracked 
| 576|0x0000000788000000, 0x0000000788000000, 0x0000000788200000|  0%| F|  |TAMS 0x0000000788000000, 0x0000000788000000| Untracked 
| 577|0x0000000788200000, 0x0000000788200000, 0x0000000788400000|  0%| F|  |TAMS 0x0000000788200000, 0x0000000788200000| Untracked 
| 578|0x0000000788400000, 0x0000000788400000, 0x0000000788600000|  0%| F|  |TAMS 0x0000000788400000, 0x0000000788400000| Untracked 
| 579|0x0000000788600000, 0x0000000788600000, 0x0000000788800000|  0%| F|  |TAMS 0x0000000788600000, 0x0000000788600000| Untracked 
| 580|0x0000000788800000, 0x0000000788800000, 0x0000000788a00000|  0%| F|  |TAMS 0x0000000788800000, 0x0000000788800000| Untracked 
| 581|0x0000000788a00000, 0x0000000788a00000, 0x0000000788c00000|  0%| F|  |TAMS 0x0000000788a00000, 0x0000000788a00000| Untracked 
| 582|0x0000000788c00000, 0x0000000788c00000, 0x0000000788e00000|  0%| F|  |TAMS 0x0000000788c00000, 0x0000000788c00000| Untracked 
| 583|0x0000000788e00000, 0x0000000788e00000, 0x0000000789000000|  0%| F|  |TAMS 0x0000000788e00000, 0x0000000788e00000| Untracked 
| 584|0x0000000789000000, 0x0000000789000000, 0x0000000789200000|  0%| F|  |TAMS 0x0000000789000000, 0x0000000789000000| Untracked 
| 585|0x0000000789200000, 0x0000000789200000, 0x0000000789400000|  0%| F|  |TAMS 0x0000000789200000, 0x0000000789200000| Untracked 
| 586|0x0000000789400000, 0x0000000789400000, 0x0000000789600000|  0%| F|  |TAMS 0x0000000789400000, 0x0000000789400000| Untracked 
| 587|0x0000000789600000, 0x0000000789600000, 0x0000000789800000|  0%| F|  |TAMS 0x0000000789600000, 0x0000000789600000| Untracked 
| 588|0x0000000789800000, 0x0000000789800000, 0x0000000789a00000|  0%| F|  |TAMS 0x0000000789800000, 0x0000000789800000| Untracked 
| 589|0x0000000789a00000, 0x0000000789a00000, 0x0000000789c00000|  0%| F|  |TAMS 0x0000000789a00000, 0x0000000789a00000| Untracked 
| 590|0x0000000789c00000, 0x0000000789c00000, 0x0000000789e00000|  0%| F|  |TAMS 0x0000000789c00000, 0x0000000789c00000| Untracked 
| 591|0x0000000789e00000, 0x0000000789e00000, 0x000000078a000000|  0%| F|  |TAMS 0x0000000789e00000, 0x0000000789e00000| Untracked 
| 592|0x000000078a000000, 0x000000078a000000, 0x000000078a200000|  0%| F|  |TAMS 0x000000078a000000, 0x000000078a000000| Untracked 
| 593|0x000000078a200000, 0x000000078a200000, 0x000000078a400000|  0%| F|  |TAMS 0x000000078a200000, 0x000000078a200000| Untracked 
| 594|0x000000078a400000, 0x000000078a400000, 0x000000078a600000|  0%| F|  |TAMS 0x000000078a400000, 0x000000078a400000| Untracked 
| 595|0x000000078a600000, 0x000000078a600000, 0x000000078a800000|  0%| F|  |TAMS 0x000000078a600000, 0x000000078a600000| Untracked 
| 596|0x000000078a800000, 0x000000078a800000, 0x000000078aa00000|  0%| F|  |TAMS 0x000000078a800000, 0x000000078a800000| Untracked 
| 597|0x000000078aa00000, 0x000000078aa00000, 0x000000078ac00000|  0%| F|  |TAMS 0x000000078aa00000, 0x000000078aa00000| Untracked 
| 598|0x000000078ac00000, 0x000000078ac00000, 0x000000078ae00000|  0%| F|  |TAMS 0x000000078ac00000, 0x000000078ac00000| Untracked 
| 599|0x000000078ae00000, 0x000000078ae00000, 0x000000078b000000|  0%| F|  |TAMS 0x000000078ae00000, 0x000000078ae00000| Untracked 
| 600|0x000000078b000000, 0x000000078b000000, 0x000000078b200000|  0%| F|  |TAMS 0x000000078b000000, 0x000000078b000000| Untracked 
| 601|0x000000078b200000, 0x000000078b200000, 0x000000078b400000|  0%| F|  |TAMS 0x000000078b200000, 0x000000078b200000| Untracked 
| 602|0x000000078b400000, 0x000000078b400000, 0x000000078b600000|  0%| F|  |TAMS 0x000000078b400000, 0x000000078b400000| Untracked 
| 603|0x000000078b600000, 0x000000078b600000, 0x000000078b800000|  0%| F|  |TAMS 0x000000078b600000, 0x000000078b600000| Untracked 
| 604|0x000000078b800000, 0x000000078b800000, 0x000000078ba00000|  0%| F|  |TAMS 0x000000078b800000, 0x000000078b800000| Untracked 
| 605|0x000000078ba00000, 0x000000078ba00000, 0x000000078bc00000|  0%| F|  |TAMS 0x000000078ba00000, 0x000000078ba00000| Untracked 
| 606|0x000000078bc00000, 0x000000078bc00000, 0x000000078be00000|  0%| F|  |TAMS 0x000000078bc00000, 0x000000078bc00000| Untracked 
| 607|0x000000078be00000, 0x000000078be00000, 0x000000078c000000|  0%| F|  |TAMS 0x000000078be00000, 0x000000078be00000| Untracked 
| 608|0x000000078c000000, 0x000000078c000000, 0x000000078c200000|  0%| F|  |TAMS 0x000000078c000000, 0x000000078c000000| Untracked 
| 609|0x000000078c200000, 0x000000078c200000, 0x000000078c400000|  0%| F|  |TAMS 0x000000078c200000, 0x000000078c200000| Untracked 
| 610|0x000000078c400000, 0x000000078c400000, 0x000000078c600000|  0%| F|  |TAMS 0x000000078c400000, 0x000000078c400000| Untracked 
| 611|0x000000078c600000, 0x000000078c600000, 0x000000078c800000|  0%| F|  |TAMS 0x000000078c600000, 0x000000078c600000| Untracked 
| 612|0x000000078c800000, 0x000000078c800000, 0x000000078ca00000|  0%| F|  |TAMS 0x000000078c800000, 0x000000078c800000| Untracked 
| 613|0x000000078ca00000, 0x000000078ca00000, 0x000000078cc00000|  0%| F|  |TAMS 0x000000078ca00000, 0x000000078ca00000| Untracked 
| 614|0x000000078cc00000, 0x000000078cc00000, 0x000000078ce00000|  0%| F|  |TAMS 0x000000078cc00000, 0x000000078cc00000| Untracked 
| 615|0x000000078ce00000, 0x000000078d000000, 0x000000078d000000|100%| O|  |TAMS 0x000000078d000000, 0x000000078ce00000| Untracked 
| 616|0x000000078d000000, 0x000000078d000000, 0x000000078d200000|  0%| F|  |TAMS 0x000000078d000000, 0x000000078d000000| Untracked 
| 617|0x000000078d200000, 0x000000078d400000, 0x000000078d400000|100%| O|  |TAMS 0x000000078d400000, 0x000000078d200000| Untracked 
| 618|0x000000078d400000, 0x000000078d400000, 0x000000078d600000|  0%| F|  |TAMS 0x000000078d400000, 0x000000078d400000| Untracked 
| 619|0x000000078d600000, 0x000000078d600000, 0x000000078d800000|  0%| F|  |TAMS 0x000000078d600000, 0x000000078d600000| Untracked 
| 620|0x000000078d800000, 0x000000078d800000, 0x000000078da00000|  0%| F|  |TAMS 0x000000078d800000, 0x000000078d800000| Untracked 
| 621|0x000000078da00000, 0x000000078da00000, 0x000000078dc00000|  0%| F|  |TAMS 0x000000078da00000, 0x000000078da00000| Untracked 
| 622|0x000000078dc00000, 0x000000078dc00000, 0x000000078de00000|  0%| F|  |TAMS 0x000000078dc00000, 0x000000078dc00000| Untracked 
| 623|0x000000078de00000, 0x000000078de00000, 0x000000078e000000|  0%| F|  |TAMS 0x000000078de00000, 0x000000078de00000| Untracked 
| 624|0x000000078e000000, 0x000000078e000000, 0x000000078e200000|  0%| F|  |TAMS 0x000000078e000000, 0x000000078e000000| Untracked 
| 625|0x000000078e200000, 0x000000078e200000, 0x000000078e400000|  0%| F|  |TAMS 0x000000078e200000, 0x000000078e200000| Untracked 
| 626|0x000000078e400000, 0x000000078e400000, 0x000000078e600000|  0%| F|  |TAMS 0x000000078e400000, 0x000000078e400000| Untracked 
| 627|0x000000078e600000, 0x000000078e600000, 0x000000078e800000|  0%| F|  |TAMS 0x000000078e600000, 0x000000078e600000| Untracked 
| 628|0x000000078e800000, 0x000000078e800000, 0x000000078ea00000|  0%| F|  |TAMS 0x000000078e800000, 0x000000078e800000| Untracked 
| 629|0x000000078ea00000, 0x000000078ea00000, 0x000000078ec00000|  0%| F|  |TAMS 0x000000078ea00000, 0x000000078ea00000| Untracked 
| 630|0x000000078ec00000, 0x000000078ec00000, 0x000000078ee00000|  0%| F|  |TAMS 0x000000078ec00000, 0x000000078ec00000| Untracked 
| 631|0x000000078ee00000, 0x000000078ee00000, 0x000000078f000000|  0%| F|  |TAMS 0x000000078ee00000, 0x000000078ee00000| Untracked 
| 632|0x000000078f000000, 0x000000078f000000, 0x000000078f200000|  0%| F|  |TAMS 0x000000078f000000, 0x000000078f000000| Untracked 
| 633|0x000000078f200000, 0x000000078f200000, 0x000000078f400000|  0%| F|  |TAMS 0x000000078f200000, 0x000000078f200000| Untracked 
| 634|0x000000078f400000, 0x000000078f400000, 0x000000078f600000|  0%| F|  |TAMS 0x000000078f400000, 0x000000078f400000| Untracked 
| 635|0x000000078f600000, 0x000000078f600000, 0x000000078f800000|  0%| F|  |TAMS 0x000000078f600000, 0x000000078f600000| Untracked 
| 636|0x000000078f800000, 0x000000078f800000, 0x000000078fa00000|  0%| F|  |TAMS 0x000000078f800000, 0x000000078f800000| Untracked 
| 637|0x000000078fa00000, 0x000000078fa00000, 0x000000078fc00000|  0%| F|  |TAMS 0x000000078fa00000, 0x000000078fa00000| Untracked 
| 638|0x000000078fc00000, 0x000000078fc00000, 0x000000078fe00000|  0%| F|  |TAMS 0x000000078fc00000, 0x000000078fc00000| Untracked 
| 639|0x000000078fe00000, 0x000000078fe00000, 0x0000000790000000|  0%| F|  |TAMS 0x000000078fe00000, 0x000000078fe00000| Untracked 
| 640|0x0000000790000000, 0x0000000790000000, 0x0000000790200000|  0%| F|  |TAMS 0x0000000790000000, 0x0000000790000000| Untracked 
| 641|0x0000000790200000, 0x0000000790200000, 0x0000000790400000|  0%| F|  |TAMS 0x0000000790200000, 0x0000000790200000| Untracked 
| 642|0x0000000790400000, 0x0000000790400000, 0x0000000790600000|  0%| F|  |TAMS 0x0000000790400000, 0x0000000790400000| Untracked 
| 643|0x0000000790600000, 0x0000000790600000, 0x0000000790800000|  0%| F|  |TAMS 0x0000000790600000, 0x0000000790600000| Untracked 
| 644|0x0000000790800000, 0x0000000790800000, 0x0000000790a00000|  0%| F|  |TAMS 0x0000000790800000, 0x0000000790800000| Untracked 
| 645|0x0000000790a00000, 0x0000000790a00000, 0x0000000790c00000|  0%| F|  |TAMS 0x0000000790a00000, 0x0000000790a00000| Untracked 
| 646|0x0000000790c00000, 0x0000000790c00000, 0x0000000790e00000|  0%| F|  |TAMS 0x0000000790c00000, 0x0000000790c00000| Untracked 
| 647|0x0000000790e00000, 0x0000000790e00000, 0x0000000791000000|  0%| F|  |TAMS 0x0000000790e00000, 0x0000000790e00000| Untracked 
| 648|0x0000000791000000, 0x0000000791000000, 0x0000000791200000|  0%| F|  |TAMS 0x0000000791000000, 0x0000000791000000| Untracked 
| 649|0x0000000791200000, 0x0000000791200000, 0x0000000791400000|  0%| F|  |TAMS 0x0000000791200000, 0x0000000791200000| Untracked 
| 650|0x0000000791400000, 0x0000000791400000, 0x0000000791600000|  0%| F|  |TAMS 0x0000000791400000, 0x0000000791400000| Untracked 
| 651|0x0000000791600000, 0x0000000791600000, 0x0000000791800000|  0%| F|  |TAMS 0x0000000791600000, 0x0000000791600000| Untracked 
| 652|0x0000000791800000, 0x0000000791800000, 0x0000000791a00000|  0%| F|  |TAMS 0x0000000791800000, 0x0000000791800000| Untracked 
| 653|0x0000000791a00000, 0x0000000791a00000, 0x0000000791c00000|  0%| F|  |TAMS 0x0000000791a00000, 0x0000000791a00000| Untracked 
| 654|0x0000000791c00000, 0x0000000791c00000, 0x0000000791e00000|  0%| F|  |TAMS 0x0000000791c00000, 0x0000000791c00000| Untracked 
| 655|0x0000000791e00000, 0x0000000791e00000, 0x0000000792000000|  0%| F|  |TAMS 0x0000000791e00000, 0x0000000791e00000| Untracked 
| 656|0x0000000792000000, 0x0000000792000000, 0x0000000792200000|  0%| F|  |TAMS 0x0000000792000000, 0x0000000792000000| Untracked 
| 657|0x0000000792200000, 0x0000000792200000, 0x0000000792400000|  0%| F|  |TAMS 0x0000000792200000, 0x0000000792200000| Untracked 
| 658|0x0000000792400000, 0x0000000792400000, 0x0000000792600000|  0%| F|  |TAMS 0x0000000792400000, 0x0000000792400000| Untracked 
| 659|0x0000000792600000, 0x0000000792600000, 0x0000000792800000|  0%| F|  |TAMS 0x0000000792600000, 0x0000000792600000| Untracked 
| 660|0x0000000792800000, 0x0000000792800000, 0x0000000792a00000|  0%| F|  |TAMS 0x0000000792800000, 0x0000000792800000| Untracked 
| 661|0x0000000792a00000, 0x0000000792a00000, 0x0000000792c00000|  0%| F|  |TAMS 0x0000000792a00000, 0x0000000792a00000| Untracked 
| 662|0x0000000792c00000, 0x0000000792c00000, 0x0000000792e00000|  0%| F|  |TAMS 0x0000000792c00000, 0x0000000792c00000| Untracked 
| 663|0x0000000792e00000, 0x0000000792e00000, 0x0000000793000000|  0%| F|  |TAMS 0x0000000792e00000, 0x0000000792e00000| Untracked 
| 664|0x0000000793000000, 0x0000000793000000, 0x0000000793200000|  0%| F|  |TAMS 0x0000000793000000, 0x0000000793000000| Untracked 
| 665|0x0000000793200000, 0x0000000793200000, 0x0000000793400000|  0%| F|  |TAMS 0x0000000793200000, 0x0000000793200000| Untracked 
| 666|0x0000000793400000, 0x0000000793400000, 0x0000000793600000|  0%| F|  |TAMS 0x0000000793400000, 0x0000000793400000| Untracked 
| 667|0x0000000793600000, 0x0000000793600000, 0x0000000793800000|  0%| F|  |TAMS 0x0000000793600000, 0x0000000793600000| Untracked 
| 668|0x0000000793800000, 0x0000000793800000, 0x0000000793a00000|  0%| F|  |TAMS 0x0000000793800000, 0x0000000793800000| Untracked 
| 669|0x0000000793a00000, 0x0000000793c00000, 0x0000000793c00000|100%| O|  |TAMS 0x0000000793a00000, 0x0000000793a00000| Untracked 
| 670|0x0000000793c00000, 0x0000000793c00000, 0x0000000793e00000|  0%| F|  |TAMS 0x0000000793c00000, 0x0000000793c00000| Untracked 
| 671|0x0000000793e00000, 0x0000000793e00000, 0x0000000794000000|  0%| F|  |TAMS 0x0000000793e00000, 0x0000000793e00000| Untracked 
| 672|0x0000000794000000, 0x0000000794000000, 0x0000000794200000|  0%| F|  |TAMS 0x0000000794000000, 0x0000000794000000| Untracked 
| 673|0x0000000794200000, 0x0000000794200000, 0x0000000794400000|  0%| F|  |TAMS 0x0000000794200000, 0x0000000794200000| Untracked 
| 674|0x0000000794400000, 0x0000000794400000, 0x0000000794600000|  0%| F|  |TAMS 0x0000000794400000, 0x0000000794400000| Untracked 
| 675|0x0000000794600000, 0x0000000794600000, 0x0000000794800000|  0%| F|  |TAMS 0x0000000794600000, 0x0000000794600000| Untracked 
| 676|0x0000000794800000, 0x0000000794a00000, 0x0000000794a00000|100%| O|  |TAMS 0x0000000794800000, 0x0000000794800000| Untracked 
| 677|0x0000000794a00000, 0x0000000794c00000, 0x0000000794c00000|100%| O|  |TAMS 0x0000000794a00000, 0x0000000794a00000| Untracked 
| 678|0x0000000794c00000, 0x0000000794e00000, 0x0000000794e00000|100%| O|  |TAMS 0x0000000794c00000, 0x0000000794c00000| Untracked 
| 679|0x0000000794e00000, 0x0000000795000000, 0x0000000795000000|100%| O|  |TAMS 0x0000000794e00000, 0x0000000794e00000| Untracked 
| 680|0x0000000795000000, 0x0000000795200000, 0x0000000795200000|100%| O|  |TAMS 0x0000000795000000, 0x0000000795000000| Untracked 
| 681|0x0000000795200000, 0x0000000795200000, 0x0000000795400000|  0%| F|  |TAMS 0x0000000795200000, 0x0000000795200000| Untracked 
| 682|0x0000000795400000, 0x0000000795400000, 0x0000000795600000|  0%| F|  |TAMS 0x0000000795400000, 0x0000000795400000| Untracked 
| 683|0x0000000795600000, 0x0000000795600000, 0x0000000795800000|  0%| F|  |TAMS 0x0000000795600000, 0x0000000795600000| Untracked 
| 684|0x0000000795800000, 0x0000000795800000, 0x0000000795a00000|  0%| F|  |TAMS 0x0000000795800000, 0x0000000795800000| Untracked 
| 685|0x0000000795a00000, 0x0000000795a00000, 0x0000000795c00000|  0%| F|  |TAMS 0x0000000795a00000, 0x0000000795a00000| Untracked 
| 686|0x0000000795c00000, 0x0000000795c00000, 0x0000000795e00000|  0%| F|  |TAMS 0x0000000795c00000, 0x0000000795c00000| Untracked 
| 687|0x0000000795e00000, 0x0000000795e00000, 0x0000000796000000|  0%| F|  |TAMS 0x0000000795e00000, 0x0000000795e00000| Untracked 
| 688|0x0000000796000000, 0x0000000796000000, 0x0000000796200000|  0%| F|  |TAMS 0x0000000796000000, 0x0000000796000000| Untracked 
| 689|0x0000000796200000, 0x0000000796200000, 0x0000000796400000|  0%| F|  |TAMS 0x0000000796200000, 0x0000000796200000| Untracked 
| 690|0x0000000796400000, 0x0000000796400000, 0x0000000796600000|  0%| F|  |TAMS 0x0000000796400000, 0x0000000796400000| Untracked 
| 691|0x0000000796600000, 0x0000000796600000, 0x0000000796800000|  0%| F|  |TAMS 0x0000000796600000, 0x0000000796600000| Untracked 
| 692|0x0000000796800000, 0x0000000796800000, 0x0000000796a00000|  0%| F|  |TAMS 0x0000000796800000, 0x0000000796800000| Untracked 
| 693|0x0000000796a00000, 0x0000000796a00000, 0x0000000796c00000|  0%| F|  |TAMS 0x0000000796a00000, 0x0000000796a00000| Untracked 
| 694|0x0000000796c00000, 0x0000000796c00000, 0x0000000796e00000|  0%| F|  |TAMS 0x0000000796c00000, 0x0000000796c00000| Untracked 
| 695|0x0000000796e00000, 0x0000000796e00000, 0x0000000797000000|  0%| F|  |TAMS 0x0000000796e00000, 0x0000000796e00000| Untracked 
| 696|0x0000000797000000, 0x0000000797000000, 0x0000000797200000|  0%| F|  |TAMS 0x0000000797000000, 0x0000000797000000| Untracked 
| 697|0x0000000797200000, 0x0000000797200000, 0x0000000797400000|  0%| F|  |TAMS 0x0000000797200000, 0x0000000797200000| Untracked 
| 698|0x0000000797400000, 0x0000000797400000, 0x0000000797600000|  0%| F|  |TAMS 0x0000000797400000, 0x0000000797400000| Untracked 
| 699|0x0000000797600000, 0x0000000797600000, 0x0000000797800000|  0%| F|  |TAMS 0x0000000797600000, 0x0000000797600000| Untracked 
| 700|0x0000000797800000, 0x0000000797800000, 0x0000000797a00000|  0%| F|  |TAMS 0x0000000797800000, 0x0000000797800000| Untracked 
| 701|0x0000000797a00000, 0x0000000797a00000, 0x0000000797c00000|  0%| F|  |TAMS 0x0000000797a00000, 0x0000000797a00000| Untracked 
| 702|0x0000000797c00000, 0x0000000797c00000, 0x0000000797e00000|  0%| F|  |TAMS 0x0000000797c00000, 0x0000000797c00000| Untracked 
| 703|0x0000000797e00000, 0x0000000797e00000, 0x0000000798000000|  0%| F|  |TAMS 0x0000000797e00000, 0x0000000797e00000| Untracked 
| 704|0x0000000798000000, 0x0000000798000000, 0x0000000798200000|  0%| F|  |TAMS 0x0000000798000000, 0x0000000798000000| Untracked 
| 705|0x0000000798200000, 0x0000000798200000, 0x0000000798400000|  0%| F|  |TAMS 0x0000000798200000, 0x0000000798200000| Untracked 
| 706|0x0000000798400000, 0x0000000798400000, 0x0000000798600000|  0%| F|  |TAMS 0x0000000798400000, 0x0000000798400000| Untracked 
| 707|0x0000000798600000, 0x0000000798600000, 0x0000000798800000|  0%| F|  |TAMS 0x0000000798600000, 0x0000000798600000| Untracked 
| 708|0x0000000798800000, 0x0000000798800000, 0x0000000798a00000|  0%| F|  |TAMS 0x0000000798800000, 0x0000000798800000| Untracked 
| 709|0x0000000798a00000, 0x0000000798a00000, 0x0000000798c00000|  0%| F|  |TAMS 0x0000000798a00000, 0x0000000798a00000| Untracked 
| 710|0x0000000798c00000, 0x0000000798c00000, 0x0000000798e00000|  0%| F|  |TAMS 0x0000000798c00000, 0x0000000798c00000| Untracked 
| 711|0x0000000798e00000, 0x0000000798e00000, 0x0000000799000000|  0%| F|  |TAMS 0x0000000798e00000, 0x0000000798e00000| Untracked 
| 712|0x0000000799000000, 0x0000000799000000, 0x0000000799200000|  0%| F|  |TAMS 0x0000000799000000, 0x0000000799000000| Untracked 
| 713|0x0000000799200000, 0x0000000799200000, 0x0000000799400000|  0%| F|  |TAMS 0x0000000799200000, 0x0000000799200000| Untracked 
| 714|0x0000000799400000, 0x0000000799400000, 0x0000000799600000|  0%| F|  |TAMS 0x0000000799400000, 0x0000000799400000| Untracked 
| 715|0x0000000799600000, 0x0000000799600000, 0x0000000799800000|  0%| F|  |TAMS 0x0000000799600000, 0x0000000799600000| Untracked 
| 716|0x0000000799800000, 0x0000000799800000, 0x0000000799a00000|  0%| F|  |TAMS 0x0000000799800000, 0x0000000799800000| Untracked 
| 717|0x0000000799a00000, 0x0000000799a00000, 0x0000000799c00000|  0%| F|  |TAMS 0x0000000799a00000, 0x0000000799a00000| Untracked 
| 718|0x0000000799c00000, 0x0000000799c00000, 0x0000000799e00000|  0%| F|  |TAMS 0x0000000799c00000, 0x0000000799c00000| Untracked 
| 719|0x0000000799e00000, 0x0000000799e00000, 0x000000079a000000|  0%| F|  |TAMS 0x0000000799e00000, 0x0000000799e00000| Untracked 
| 720|0x000000079a000000, 0x000000079a000000, 0x000000079a200000|  0%| F|  |TAMS 0x000000079a000000, 0x000000079a000000| Untracked 
| 721|0x000000079a200000, 0x000000079a200000, 0x000000079a400000|  0%| F|  |TAMS 0x000000079a200000, 0x000000079a200000| Untracked 
| 722|0x000000079a400000, 0x000000079a400000, 0x000000079a600000|  0%| F|  |TAMS 0x000000079a400000, 0x000000079a400000| Untracked 
| 723|0x000000079a600000, 0x000000079a600000, 0x000000079a800000|  0%| F|  |TAMS 0x000000079a600000, 0x000000079a600000| Untracked 
| 724|0x000000079a800000, 0x000000079a800000, 0x000000079aa00000|  0%| F|  |TAMS 0x000000079a800000, 0x000000079a800000| Untracked 
| 725|0x000000079aa00000, 0x000000079aa00000, 0x000000079ac00000|  0%| F|  |TAMS 0x000000079aa00000, 0x000000079aa00000| Untracked 
| 726|0x000000079ac00000, 0x000000079ac00000, 0x000000079ae00000|  0%| F|  |TAMS 0x000000079ac00000, 0x000000079ac00000| Untracked 
| 727|0x000000079ae00000, 0x000000079ae00000, 0x000000079b000000|  0%| F|  |TAMS 0x000000079ae00000, 0x000000079ae00000| Untracked 
| 728|0x000000079b000000, 0x000000079b000000, 0x000000079b200000|  0%| F|  |TAMS 0x000000079b000000, 0x000000079b000000| Untracked 
| 729|0x000000079b200000, 0x000000079b200000, 0x000000079b400000|  0%| F|  |TAMS 0x000000079b200000, 0x000000079b200000| Untracked 
| 730|0x000000079b400000, 0x000000079b400000, 0x000000079b600000|  0%| F|  |TAMS 0x000000079b400000, 0x000000079b400000| Untracked 
| 731|0x000000079b600000, 0x000000079b600000, 0x000000079b800000|  0%| F|  |TAMS 0x000000079b600000, 0x000000079b600000| Untracked 
| 732|0x000000079b800000, 0x000000079b800000, 0x000000079ba00000|  0%| F|  |TAMS 0x000000079b800000, 0x000000079b800000| Untracked 
| 733|0x000000079ba00000, 0x000000079ba00000, 0x000000079bc00000|  0%| F|  |TAMS 0x000000079ba00000, 0x000000079ba00000| Untracked 
| 734|0x000000079bc00000, 0x000000079bc00000, 0x000000079be00000|  0%| F|  |TAMS 0x000000079bc00000, 0x000000079bc00000| Untracked 
| 735|0x000000079be00000, 0x000000079be00000, 0x000000079c000000|  0%| F|  |TAMS 0x000000079be00000, 0x000000079be00000| Untracked 
| 736|0x000000079c000000, 0x000000079c000000, 0x000000079c200000|  0%| F|  |TAMS 0x000000079c000000, 0x000000079c000000| Untracked 
| 737|0x000000079c200000, 0x000000079c200000, 0x000000079c400000|  0%| F|  |TAMS 0x000000079c200000, 0x000000079c200000| Untracked 
| 738|0x000000079c400000, 0x000000079c400000, 0x000000079c600000|  0%| F|  |TAMS 0x000000079c400000, 0x000000079c400000| Untracked 
| 739|0x000000079c600000, 0x000000079c600000, 0x000000079c800000|  0%| F|  |TAMS 0x000000079c600000, 0x000000079c600000| Untracked 
| 740|0x000000079c800000, 0x000000079c800000, 0x000000079ca00000|  0%| F|  |TAMS 0x000000079c800000, 0x000000079c800000| Untracked 
| 741|0x000000079ca00000, 0x000000079ca00000, 0x000000079cc00000|  0%| F|  |TAMS 0x000000079ca00000, 0x000000079ca00000| Untracked 
| 742|0x000000079cc00000, 0x000000079cc00000, 0x000000079ce00000|  0%| F|  |TAMS 0x000000079cc00000, 0x000000079cc00000| Untracked 
| 743|0x000000079ce00000, 0x000000079ce00000, 0x000000079d000000|  0%| F|  |TAMS 0x000000079ce00000, 0x000000079ce00000| Untracked 
|1512|0x00000007fd000000, 0x00000007fd000000, 0x00000007fd200000|  0%| F|  |TAMS 0x00000007fd000000, 0x00000007fd000000| Untracked 
|1513|0x00000007fd200000, 0x00000007fd200000, 0x00000007fd400000|  0%| F|  |TAMS 0x00000007fd200000, 0x00000007fd200000| Untracked 
|1514|0x00000007fd400000, 0x00000007fd400000, 0x00000007fd600000|  0%| F|  |TAMS 0x00000007fd400000, 0x00000007fd400000| Untracked 
|1515|0x00000007fd600000, 0x00000007fd600000, 0x00000007fd800000|  0%| F|  |TAMS 0x00000007fd600000, 0x00000007fd600000| Untracked 
|1516|0x00000007fd800000, 0x00000007fd800000, 0x00000007fda00000|  0%| F|  |TAMS 0x00000007fd800000, 0x00000007fd800000| Untracked 
|1517|0x00000007fda00000, 0x00000007fda00000, 0x00000007fdc00000|  0%| F|  |TAMS 0x00000007fda00000, 0x00000007fda00000| Untracked 
|1518|0x00000007fdc00000, 0x00000007fdc00000, 0x00000007fde00000|  0%| F|  |TAMS 0x00000007fdc00000, 0x00000007fdc00000| Untracked 
|1519|0x00000007fde00000, 0x00000007fde00000, 0x00000007fe000000|  0%| F|  |TAMS 0x00000007fde00000, 0x00000007fde00000| Untracked 
|1520|0x00000007fe000000, 0x00000007fe000000, 0x00000007fe200000|  0%| F|  |TAMS 0x00000007fe000000, 0x00000007fe000000| Untracked 
|1521|0x00000007fe200000, 0x00000007fe200000, 0x00000007fe400000|  0%| F|  |TAMS 0x00000007fe200000, 0x00000007fe200000| Untracked 
|1522|0x00000007fe400000, 0x00000007fe400000, 0x00000007fe600000|  0%| F|  |TAMS 0x00000007fe400000, 0x00000007fe400000| Untracked 
|1523|0x00000007fe600000, 0x00000007fe600000, 0x00000007fe800000|  0%| F|  |TAMS 0x00000007fe600000, 0x00000007fe600000| Untracked 
|1524|0x00000007fe800000, 0x00000007fe800000, 0x00000007fea00000|  0%| F|  |TAMS 0x00000007fe800000, 0x00000007fe800000| Untracked 
|1525|0x00000007fea00000, 0x00000007fea00000, 0x00000007fec00000|  0%| F|  |TAMS 0x00000007fea00000, 0x00000007fea00000| Untracked 
|1526|0x00000007fec00000, 0x00000007fec00000, 0x00000007fee00000|  0%| F|  |TAMS 0x00000007fec00000, 0x00000007fec00000| Untracked 
|1527|0x00000007fee00000, 0x00000007ff000000, 0x00000007ff000000|100%| O|  |TAMS 0x00000007ff000000, 0x00000007fee00000| Untracked 
|1528|0x00000007ff000000, 0x00000007ff000000, 0x00000007ff200000|  0%| F|  |TAMS 0x00000007ff000000, 0x00000007ff000000| Untracked 
|1529|0x00000007ff200000, 0x00000007ff200000, 0x00000007ff400000|  0%| F|  |TAMS 0x00000007ff200000, 0x00000007ff200000| Untracked 
|1530|0x00000007ff400000, 0x00000007ff400000, 0x00000007ff600000|  0%| F|  |TAMS 0x00000007ff400000, 0x00000007ff400000| Untracked 
|1531|0x00000007ff600000, 0x00000007ff600000, 0x00000007ff800000|  0%| F|  |TAMS 0x00000007ff600000, 0x00000007ff600000| Untracked 
|1532|0x00000007ff800000, 0x00000007ff800000, 0x00000007ffa00000|  0%| F|  |TAMS 0x00000007ff800000, 0x00000007ff800000| Untracked 
|1533|0x00000007ffa00000, 0x00000007ffa00000, 0x00000007ffc00000|  0%| F|  |TAMS 0x00000007ffa00000, 0x00000007ffa00000| Untracked 
|1534|0x00000007ffc00000, 0x00000007ffc00000, 0x00000007ffe00000|  0%| F|  |TAMS 0x00000007ffc00000, 0x00000007ffc00000| Untracked 
|1535|0x00000007ffe00000, 0x00000007ffe2bb70, 0x0000000800000000|  8%| E|  |TAMS 0x00000007ffe00000, 0x00000007ffe00000| Complete 

Card table byte_map: [0x00000241fa0f0000,0x00000241fa6f0000] _byte_map_base: 0x00000241f66f0000

Marking Bits (Prev, Next): (CMBitMap*) 0x00000241f0f731d0, (CMBitMap*) 0x00000241f0f73190
 Prev Bits: [0x000002418f000000, 0x0000024192000000)
 Next Bits: [0x00000241facf0000, 0x00000241fdcf0000)

Polling page: 0x00000241f0fd0000

Metaspace:

Usage:
  Non-class:    116.43 MB used.
      Class:     17.08 MB used.
       Both:    133.52 MB used.

Virtual space:
  Non-class space:      128.00 MB reserved,     117.25 MB ( 92%) committed,  2 nodes.
      Class space:        1.00 GB reserved,      17.81 MB (  2%) committed,  1 nodes.
             Both:        1.12 GB reserved,     135.06 MB ( 12%) committed. 

Chunk freelists:
   Non-Class:  10.67 MB
       Class:  14.22 MB
        Both:  24.89 MB

MaxMetaspaceSize: unlimited
CompressedClassSpaceSize: 1.00 GB
Initial GC threshold: 21.00 MB
Current GC threshold: 222.75 MB
CDS: on
MetaspaceReclaimPolicy: balanced
 - commit_granule_bytes: 65536.
 - commit_granule_words: 8192.
 - virtual_space_node_default_size: 8388608.
 - enlarge_chunks_in_place: 1.
 - new_chunks_are_fully_committed: 0.
 - uncommit_free_chunks: 1.
 - use_allocation_guard: 0.
 - handle_deallocations: 1.


Internal statistics:

num_allocs_failed_limit: 6.
num_arena_births: 2538.
num_arena_deaths: 10.
num_vsnodes_births: 3.
num_vsnodes_deaths: 0.
num_space_committed: 2184.
num_space_uncommitted: 23.
num_chunks_returned_to_freelist: 120.
num_chunks_taken_from_freelist: 8863.
num_chunk_merges: 41.
num_chunk_splits: 5428.
num_chunks_enlarged: 3094.
num_inconsistent_stats: 0.

CodeHeap 'non-profiled nmethods': size=119168Kb used=32757Kb max_used=32757Kb free=86410Kb
 bounds [0x0000024187ba0000, 0x0000024189ba0000, 0x000002418f000000]
CodeHeap 'profiled nmethods': size=119104Kb used=57875Kb max_used=57875Kb free=61228Kb
 bounds [0x0000024180000000, 0x0000024183890000, 0x0000024187450000]
CodeHeap 'non-nmethods': size=7488Kb used=2529Kb max_used=4316Kb free=4958Kb
 bounds [0x0000024187450000, 0x0000024187890000, 0x0000024187ba0000]
 total_blobs=30362 nmethods=29285 adapters=987
 compilation: enabled
              stopped_count=0, restarted_count=0
 full_count=0

Compilation events (20 events):
Event: 2251.896 Thread 0x00000241d4051bb0 nmethod 37855 0x0000024183882490 code [0x0000024183882640, 0x0000024183882998]
Event: 2251.896 Thread 0x00000241d4051bb0 37856       3       org.gradle.launcher.daemon.server.DaemonRegistryUnavailableExpirationStrategy$1::apply (5 bytes)
Event: 2251.901 Thread 0x00000241d4051bb0 nmethod 37856 0x0000024183882b10 code [0x0000024183882cc0, 0x0000024183882eb8]
Event: 2251.901 Thread 0x00000241d4051bb0 37857       3       org.gradle.launcher.daemon.registry.DaemonInfo::getPid (10 bytes)
Event: 2251.904 Thread 0x00000241d4051bb0 nmethod 37857 0x0000024183883010 code [0x00000241838831a0, 0x0000024183883318]
Event: 2268.535 Thread 0x00000241d4051bb0 37858       3       java.util.IdentityHashMap$KeySet::<init> (10 bytes)
Event: 2268.539 Thread 0x00000241d4051bb0 nmethod 37858 0x0000024183883410 code [0x00000241838835c0, 0x0000024183883858]
Event: 2268.539 Thread 0x00000241d4051bb0 37859       3       sun.rmi.server.MarshalOutputStream::annotateClass (9 bytes)
Event: 2268.549 Thread 0x00000241d4051bb0 nmethod 37859 0x0000024183883990 code [0x0000024183883b60, 0x0000024183883e98]
Event: 2268.549 Thread 0x00000241d4051bb0 37860       3       java.rmi.server.RMIClassLoader::getClassAnnotation (8 bytes)
Event: 2268.550 Thread 0x00000241d4051bb0 nmethod 37860 0x0000024183884010 code [0x00000241838841c0, 0x0000024183884348]
Event: 2268.550 Thread 0x00000241d4051bb0 37861       3       java.rmi.server.RMIClassLoader$2::getClassAnnotation (5 bytes)
Event: 2268.550 Thread 0x00000241d4051bb0 nmethod 37861 0x0000024183884410 code [0x00000241838845a0, 0x00000241838846e8]
Event: 2268.550 Thread 0x00000241d4051bb0 37862   !   3       sun.rmi.server.LoaderHandler::getClassAnnotation (234 bytes)
Event: 2268.691 Thread 0x00000241d4051bb0 nmethod 37862 0x0000024183884790 code [0x0000024183884d20, 0x0000024183887ef8]
Event: 2302.844 Thread 0x00000241d40369b0 37864       4       org.gradle.internal.logging.slf4j.BuildOperationAwareLogger::debug (18 bytes)
Event: 2302.878 Thread 0x00000241d40369b0 nmethod 37864 0x0000024189b9be10 code [0x0000024189b9bfa0, 0x0000024189b9c0e8]
Event: 2303.521 Thread 0x00000241d40369b0 37865       4       sun.management.ManagementFactoryHelper::getMemoryPoolMXBeans (51 bytes)
Event: 2303.561 Thread 0x00000241d40369b0 nmethod 37865 0x0000024189b9c310 code [0x0000024189b9c4c0, 0x0000024189b9d178]
Event: 2304.517 Thread 0x00000241d40369b0 37866   !   4       org.gradle.launcher.daemon.server.health.gc.GarbageCollectionCheck::run (213 bytes)

GC Heap History (20 events):
Event: 1058.690 GC heap before
{Heap before GC invocations=298 (full 0):
 garbage-first heap   total 1572864K, used 1434312K [0x0000000740000000, 0x0000000800000000)
  region size 2048K, 38 young (77824K), 5 survivors (10240K)
 Metaspace       used 135310K, committed 136832K, reserved 1179648K
  class space    used 17412K, committed 18176K, reserved 1048576K
}
Event: 1058.693 GC heap after
{Heap after GC invocations=299 (full 0):
 garbage-first heap   total 1572864K, used 1361649K [0x0000000740000000, 0x0000000800000000)
  region size 2048K, 5 young (10240K), 5 survivors (10240K)
 Metaspace       used 135310K, committed 136832K, reserved 1179648K
  class space    used 17412K, committed 18176K, reserved 1048576K
}
Event: 1058.974 GC heap before
{Heap before GC invocations=299 (full 0):
 garbage-first heap   total 1572864K, used 1443569K [0x0000000740000000, 0x0000000800000000)
  region size 2048K, 38 young (77824K), 5 survivors (10240K)
 Metaspace       used 135310K, committed 136832K, reserved 1179648K
  class space    used 17412K, committed 18176K, reserved 1048576K
}
Event: 1058.976 GC heap after
{Heap after GC invocations=300 (full 0):
 garbage-first heap   total 1572864K, used 1367204K [0x0000000740000000, 0x0000000800000000)
  region size 2048K, 5 young (10240K), 5 survivors (10240K)
 Metaspace       used 135310K, committed 136832K, reserved 1179648K
  class space    used 17412K, committed 18176K, reserved 1048576K
}
Event: 1059.373 GC heap before
{Heap before GC invocations=300 (full 0):
 garbage-first heap   total 1572864K, used 1434788K [0x0000000740000000, 0x0000000800000000)
  region size 2048K, 38 young (77824K), 5 survivors (10240K)
 Metaspace       used 135310K, committed 136832K, reserved 1179648K
  class space    used 17412K, committed 18176K, reserved 1048576K
}
Event: 1059.376 GC heap after
{Heap after GC invocations=301 (full 0):
 garbage-first heap   total 1572864K, used 1363752K [0x0000000740000000, 0x0000000800000000)
  region size 2048K, 5 young (10240K), 5 survivors (10240K)
 Metaspace       used 135310K, committed 136832K, reserved 1179648K
  class space    used 17412K, committed 18176K, reserved 1048576K
}
Event: 1059.669 GC heap before
{Heap before GC invocations=301 (full 0):
 garbage-first heap   total 1572864K, used 1431336K [0x0000000740000000, 0x0000000800000000)
  region size 2048K, 38 young (77824K), 5 survivors (10240K)
 Metaspace       used 135310K, committed 136832K, reserved 1179648K
  class space    used 17412K, committed 18176K, reserved 1048576K
}
Event: 1059.681 GC heap after
{Heap after GC invocations=302 (full 0):
 garbage-first heap   total 1572864K, used 1377960K [0x0000000740000000, 0x0000000800000000)
  region size 2048K, 5 young (10240K), 5 survivors (10240K)
 Metaspace       used 135310K, committed 136832K, reserved 1179648K
  class space    used 17412K, committed 18176K, reserved 1048576K
}
Event: 1059.865 GC heap before
{Heap before GC invocations=302 (full 0):
 garbage-first heap   total 1572864K, used 1445544K [0x0000000740000000, 0x0000000800000000)
  region size 2048K, 38 young (77824K), 5 survivors (10240K)
 Metaspace       used 135310K, committed 136832K, reserved 1179648K
  class space    used 17412K, committed 18176K, reserved 1048576K
}
Event: 1059.868 GC heap after
{Heap after GC invocations=303 (full 0):
 garbage-first heap   total 1572864K, used 1393498K [0x0000000740000000, 0x0000000800000000)
  region size 2048K, 5 young (10240K), 5 survivors (10240K)
 Metaspace       used 135310K, committed 136832K, reserved 1179648K
  class space    used 17412K, committed 18176K, reserved 1048576K
}
Event: 1060.153 GC heap before
{Heap before GC invocations=303 (full 0):
 garbage-first heap   total 1572864K, used 1459034K [0x0000000740000000, 0x0000000800000000)
  region size 2048K, 38 young (77824K), 5 survivors (10240K)
 Metaspace       used 135310K, committed 136832K, reserved 1179648K
  class space    used 17412K, committed 18176K, reserved 1048576K
}
Event: 1060.156 GC heap after
{Heap after GC invocations=304 (full 0):
 garbage-first heap   total 1572864K, used 1405577K [0x0000000740000000, 0x0000000800000000)
  region size 2048K, 5 young (10240K), 5 survivors (10240K)
 Metaspace       used 135310K, committed 136832K, reserved 1179648K
  class space    used 17412K, committed 18176K, reserved 1048576K
}
Event: 1060.434 GC heap before
{Heap before GC invocations=305 (full 0):
 garbage-first heap   total 1572864K, used 639625K [0x0000000740000000, 0x0000000800000000)
  region size 2048K, 38 young (77824K), 5 survivors (10240K)
 Metaspace       used 135378K, committed 136896K, reserved 1179648K
  class space    used 17412K, committed 18176K, reserved 1048576K
}
Event: 1060.438 GC heap after
{Heap after GC invocations=306 (full 0):
 garbage-first heap   total 1572864K, used 572109K [0x0000000740000000, 0x0000000800000000)
  region size 2048K, 4 young (8192K), 4 survivors (8192K)
 Metaspace       used 135378K, committed 136896K, reserved 1179648K
  class space    used 17412K, committed 18176K, reserved 1048576K
}
Event: 1060.957 GC heap before
{Heap before GC invocations=306 (full 0):
 garbage-first heap   total 1572864K, used 641741K [0x0000000740000000, 0x0000000800000000)
  region size 2048K, 38 young (77824K), 4 survivors (8192K)
 Metaspace       used 135501K, committed 137024K, reserved 1179648K
  class space    used 17418K, committed 18176K, reserved 1048576K
}
Event: 1060.976 GC heap after
{Heap after GC invocations=307 (full 0):
 garbage-first heap   total 1572864K, used 393370K [0x0000000740000000, 0x0000000800000000)
  region size 2048K, 5 young (10240K), 5 survivors (10240K)
 Metaspace       used 135501K, committed 137024K, reserved 1179648K
  class space    used 17418K, committed 18176K, reserved 1048576K
}
Event: 1061.307 GC heap before
{Heap before GC invocations=307 (full 0):
 garbage-first heap   total 1572864K, used 499866K [0x0000000740000000, 0x0000000800000000)
  region size 2048K, 38 young (77824K), 5 survivors (10240K)
 Metaspace       used 135518K, committed 137024K, reserved 1179648K
  class space    used 17418K, committed 18176K, reserved 1048576K
}
Event: 1061.323 GC heap after
{Heap after GC invocations=308 (full 0):
 garbage-first heap   total 1572864K, used 424235K [0x0000000740000000, 0x0000000800000000)
  region size 2048K, 5 young (10240K), 5 survivors (10240K)
 Metaspace       used 135518K, committed 137024K, reserved 1179648K
  class space    used 17418K, committed 18176K, reserved 1048576K
}
Event: 2298.556 GC heap before
{Heap before GC invocations=308 (full 0):
 garbage-first heap   total 1572864K, used 1044779K [0x0000000740000000, 0x0000000800000000)
  region size 2048K, 277 young (567296K), 5 survivors (10240K)
 Metaspace       used 136719K, committed 138304K, reserved 1179648K
  class space    used 17491K, committed 18240K, reserved 1048576K
}
Event: 2299.134 GC heap after
{Heap after GC invocations=309 (full 0):
 garbage-first heap   total 1572864K, used 458276K [0x0000000740000000, 0x0000000800000000)
  region size 2048K, 25 young (51200K), 25 survivors (51200K)
 Metaspace       used 136719K, committed 138304K, reserved 1179648K
  class space    used 17491K, committed 18240K, reserved 1048576K
}

Dll operation events (16 events):
Event: 0.008 Loaded shared library C:\Users\27439\.jdks\corretto-17.0.14\bin\java.dll
Event: 0.019 Loaded shared library C:\Users\27439\.jdks\corretto-17.0.14\bin\jsvml.dll
Event: 0.054 Loaded shared library C:\Users\27439\.jdks\corretto-17.0.14\bin\zip.dll
Event: 0.058 Loaded shared library C:\Users\27439\.jdks\corretto-17.0.14\bin\instrument.dll
Event: 0.061 Loaded shared library C:\Users\27439\.jdks\corretto-17.0.14\bin\net.dll
Event: 0.063 Loaded shared library C:\Users\27439\.jdks\corretto-17.0.14\bin\nio.dll
Event: 0.064 Loaded shared library C:\Users\27439\.jdks\corretto-17.0.14\bin\zip.dll
Event: 0.280 Loaded shared library C:\Users\27439\.jdks\corretto-17.0.14\bin\jimage.dll
Event: 0.424 Loaded shared library C:\Users\27439\.jdks\corretto-17.0.14\bin\verify.dll
Event: 0.550 Loaded shared library C:\Users\27439\.gradle\native\c067742578af261105cb4f569cf0c3c89f3d7b1fecec35dd04571415982c5e48\windows-amd64\native-platform.dll
Event: 0.560 Loaded shared library C:\Users\27439\.gradle\native\100fb08df4bc3b14c8652ba06237920a3bd2aa13389f12d3474272988ae205f9\windows-amd64\native-platform-file-events.dll
Event: 1.487 Loaded shared library C:\Users\27439\.jdks\corretto-17.0.14\bin\management.dll
Event: 1.488 Loaded shared library C:\Users\27439\.jdks\corretto-17.0.14\bin\management_ext.dll
Event: 1.663 Loaded shared library C:\Users\27439\.jdks\corretto-17.0.14\bin\extnet.dll
Event: 1.889 Loaded shared library C:\Users\27439\.jdks\corretto-17.0.14\bin\sunmscapi.dll
Event: 308.586 Loaded shared library C:\Users\27439\.jdks\corretto-17.0.14\bin\rmi.dll

Deoptimization events (20 events):
Event: 1062.972 Thread 0x00000241e0add410 Uncommon trap: trap_request=0xffffffbe fr.pc=0x0000024189b60820 relative=0x0000000000000780
Event: 1062.972 Thread 0x00000241e0add410 Uncommon trap: reason=profile_predicate action=maybe_recompile pc=0x0000024189b60820 method=java.util.regex.Pattern$SliceU.match(Ljava/util/regex/Matcher;ILjava/lang/CharSequence;)Z @ 18 c2
Event: 1062.972 Thread 0x00000241e0add410 DEOPT PACKING pc=0x0000024189b60820 sp=0x00000068534fc660
Event: 1062.972 Thread 0x00000241e0add410 DEOPT UNPACKING pc=0x00000241874a69a3 sp=0x00000068534fc5f8 mode 2
Event: 1062.972 Thread 0x00000241e0add410 Uncommon trap: trap_request=0xffffffbe fr.pc=0x0000024189b60820 relative=0x0000000000000780
Event: 1062.972 Thread 0x00000241e0add410 Uncommon trap: reason=profile_predicate action=maybe_recompile pc=0x0000024189b60820 method=java.util.regex.Pattern$SliceU.match(Ljava/util/regex/Matcher;ILjava/lang/CharSequence;)Z @ 18 c2
Event: 1062.972 Thread 0x00000241e0add410 DEOPT PACKING pc=0x0000024189b60820 sp=0x00000068534fc660
Event: 1062.972 Thread 0x00000241e0add410 DEOPT UNPACKING pc=0x00000241874a69a3 sp=0x00000068534fc5f8 mode 2
Event: 1062.972 Thread 0x00000241e0add410 Uncommon trap: trap_request=0xffffffbe fr.pc=0x0000024189b60820 relative=0x0000000000000780
Event: 1062.972 Thread 0x00000241e0add410 Uncommon trap: reason=profile_predicate action=maybe_recompile pc=0x0000024189b60820 method=java.util.regex.Pattern$SliceU.match(Ljava/util/regex/Matcher;ILjava/lang/CharSequence;)Z @ 18 c2
Event: 1062.972 Thread 0x00000241e0add410 DEOPT PACKING pc=0x0000024189b60820 sp=0x00000068534fc660
Event: 1062.972 Thread 0x00000241e0add410 DEOPT UNPACKING pc=0x00000241874a69a3 sp=0x00000068534fc5f8 mode 2
Event: 1062.972 Thread 0x00000241e0add410 Uncommon trap: trap_request=0xffffffbe fr.pc=0x0000024189b60820 relative=0x0000000000000780
Event: 1062.972 Thread 0x00000241e0add410 Uncommon trap: reason=profile_predicate action=maybe_recompile pc=0x0000024189b60820 method=java.util.regex.Pattern$SliceU.match(Ljava/util/regex/Matcher;ILjava/lang/CharSequence;)Z @ 18 c2
Event: 1062.972 Thread 0x00000241e0add410 DEOPT PACKING pc=0x0000024189b60820 sp=0x00000068534fc660
Event: 1062.972 Thread 0x00000241e0add410 DEOPT UNPACKING pc=0x00000241874a69a3 sp=0x00000068534fc5f8 mode 2
Event: 1375.811 Thread 0x00000241dd446280 DEOPT PACKING pc=0x000002418349f56e sp=0x000000684d8ff3d0
Event: 1375.813 Thread 0x00000241dd446280 DEOPT UNPACKING pc=0x00000241874a7143 sp=0x000000684d8fe8e0 mode 0
Event: 1414.782 Thread 0x00000241dd444930 DEOPT PACKING pc=0x00000241834a14f2 sp=0x000000684e2ff130
Event: 1414.783 Thread 0x00000241dd444930 DEOPT UNPACKING pc=0x00000241874a7143 sp=0x000000684e2fe640 mode 0

Classes loaded (20 events):
Event: 323.726 Loading class java/lang/StackStreamFactory$1
Event: 323.726 Loading class java/lang/StackStreamFactory$1 done
Event: 323.726 Loading class java/lang/StackStreamFactory$StackFrameTraverser$StackFrameBuffer
Event: 323.726 Loading class java/lang/StackStreamFactory$FrameBuffer
Event: 323.726 Loading class java/lang/StackStreamFactory$FrameBuffer done
Event: 323.726 Loading class java/lang/StackStreamFactory$StackFrameTraverser$StackFrameBuffer done
Event: 323.726 Loading class java/util/stream/SliceOps
Event: 323.727 Loading class java/util/stream/SliceOps done
Event: 323.727 Loading class java/util/stream/SliceOps$1
Event: 323.727 Loading class java/util/stream/SliceOps$1 done
Event: 323.730 Loading class java/util/stream/SliceOps$1$1
Event: 323.730 Loading class java/util/stream/SliceOps$1$1 done
Event: 372.067 Loading class java/rmi/server/Unreferenced
Event: 372.067 Loading class java/rmi/server/Unreferenced done
Event: 415.488 Loading class sun/rmi/transport/ObjectTable$1
Event: 415.494 Loading class sun/rmi/transport/ObjectTable$1 done
Event: 1019.066 Loading class java/text/MessageFormat$Field
Event: 1019.067 Loading class java/text/MessageFormat$Field done
Event: 1019.803 Loading class java/text/FieldPosition$Delegate
Event: 1019.804 Loading class java/text/FieldPosition$Delegate done

Classes unloaded (20 events):
Event: 1004.237 Thread 0x00000241d4003a80 Unloading class 0x00000241951a1fb8 'com/intellij/compiler/instrumentation/InstrumentationClassFinder$ClassFinderClasspath'
Event: 1004.237 Thread 0x00000241d4003a80 Unloading class 0x00000241951a1bc0 'com/intellij/compiler/instrumentation/InstrumentationClassFinder$PseudoClass'
Event: 1004.238 Thread 0x00000241d4003a80 Unloading class 0x00000241951a1930 'com/intellij/compiler/instrumentation/InstrumentationClassFinder$V'
Event: 1004.238 Thread 0x00000241d4003a80 Unloading class 0x00000241951a1640 'com/intellij/compiler/instrumentation/InstrumentationClassFinder$1'
Event: 1004.238 Thread 0x00000241d4003a80 Unloading class 0x00000241951a13e0 'com/intellij/compiler/instrumentation/InstrumentationClassFinder$2'
Event: 1004.238 Thread 0x00000241d4003a80 Unloading class 0x00000241951a1190 'com/intellij/compiler/instrumentation/InstrumentationClassFinder'
Event: 1004.238 Thread 0x00000241d4003a80 Unloading class 0x00000241951a0d58 'com/intellij/ant/PrefixedPath'
Event: 1004.238 Thread 0x00000241d4003a80 Unloading class 0x00000241951a0a50 'com/intellij/ant/ClassFilterAnnotationRegexp'
Event: 1004.238 Thread 0x00000241d4003a80 Unloading class 0x000002419519adb0 'com/intellij/uiDesigner/compiler/NestedFormLoader'
Event: 1004.238 Thread 0x00000241d4003a80 Unloading class 0x000002419519bdf0 'com/intellij/uiDesigner/lw/PropertiesProvider'
Event: 1004.238 Thread 0x00000241d4003a80 Unloading class 0x00000241951a07f8 'com/intellij/uiDesigner/compiler/AlienFormFileException'
Event: 1004.238 Thread 0x00000241d4003a80 Unloading class 0x00000241951a05a0 'com/intellij/uiDesigner/compiler/UIDesignerException'
Event: 1004.238 Thread 0x00000241d4003a80 Unloading class 0x00000241951a0318 'com/intellij/ant/Javac2$1'
Event: 1004.238 Thread 0x00000241d4003a80 Unloading class 0x00000241951a0000 'com/intellij/compiler/instrumentation/InstrumenterClassWriter'
Event: 1004.238 Thread 0x00000241d4003a80 Unloading class 0x000002419519bad8 'org/jetbrains/org/objectweb/asm/ClassWriter'
Event: 1004.238 Thread 0x00000241d4003a80 Unloading class 0x000002419519b850 'org/jetbrains/org/objectweb/asm/ClassVisitor'
Event: 1004.238 Thread 0x00000241d4003a80 Unloading class 0x000002419519ab00 'com/intellij/compiler/instrumentation/FailSafeClassReader'
Event: 1004.238 Thread 0x00000241d4003a80 Unloading class 0x000002419519a850 'org/jetbrains/org/objectweb/asm/ClassReader'
Event: 1004.238 Thread 0x00000241d4003a80 Unloading class 0x000002419519b000 'com/intellij/ant/InstrumentIdeaExtensions'
Event: 1004.238 Thread 0x00000241d4003a80 Unloading class 0x000002419519a000 'com/intellij/ant/Javac2'

Classes redefined (0 events):
No events

Internal exceptions (20 events):
Event: 1064.628 Thread 0x00000241e0add410 Exception <a 'sun/nio/fs/WindowsException'{0x000000077d4016a0}> (0x000000077d4016a0) 
thrown [s\src\hotspot\share\prims\jni.cpp, line 516]
Event: 1064.628 Thread 0x00000241e0add410 Exception <a 'sun/nio/fs/WindowsException'{0x000000077d403d38}> (0x000000077d403d38) 
thrown [s\src\hotspot\share\prims\jni.cpp, line 516]
Event: 1064.628 Thread 0x00000241e0add410 Exception <a 'sun/nio/fs/WindowsException'{0x000000077d4063d0}> (0x000000077d4063d0) 
thrown [s\src\hotspot\share\prims\jni.cpp, line 516]
Event: 1064.628 Thread 0x00000241e0add410 Exception <a 'sun/nio/fs/WindowsException'{0x000000077d408a68}> (0x000000077d408a68) 
thrown [s\src\hotspot\share\prims\jni.cpp, line 516]
Event: 1064.628 Thread 0x00000241e0add410 Exception <a 'sun/nio/fs/WindowsException'{0x000000077d40b0e8}> (0x000000077d40b0e8) 
thrown [s\src\hotspot\share\prims\jni.cpp, line 516]
Event: 1064.628 Thread 0x00000241e0add410 Exception <a 'sun/nio/fs/WindowsException'{0x000000077d40d7b8}> (0x000000077d40d7b8) 
thrown [s\src\hotspot\share\prims\jni.cpp, line 516]
Event: 1064.628 Thread 0x00000241e0add410 Exception <a 'sun/nio/fs/WindowsException'{0x000000077d40fe68}> (0x000000077d40fe68) 
thrown [s\src\hotspot\share\prims\jni.cpp, line 516]
Event: 1064.628 Thread 0x00000241e0add410 Exception <a 'sun/nio/fs/WindowsException'{0x000000077d412538}> (0x000000077d412538) 
thrown [s\src\hotspot\share\prims\jni.cpp, line 516]
Event: 1064.629 Thread 0x00000241e0add410 Exception <a 'sun/nio/fs/WindowsException'{0x000000077d414bb0}> (0x000000077d414bb0) 
thrown [s\src\hotspot\share\prims\jni.cpp, line 516]
Event: 1064.629 Thread 0x00000241e0add410 Exception <a 'sun/nio/fs/WindowsException'{0x000000077d417280}> (0x000000077d417280) 
thrown [s\src\hotspot\share\prims\jni.cpp, line 516]
Event: 1064.629 Thread 0x00000241e0add410 Exception <a 'sun/nio/fs/WindowsException'{0x000000077d419918}> (0x000000077d419918) 
thrown [s\src\hotspot\share\prims\jni.cpp, line 516]
Event: 1064.629 Thread 0x00000241e0add410 Exception <a 'sun/nio/fs/WindowsException'{0x000000077d41bfc8}> (0x000000077d41bfc8) 
thrown [s\src\hotspot\share\prims\jni.cpp, line 516]
Event: 1064.629 Thread 0x00000241e0add410 Exception <a 'sun/nio/fs/WindowsException'{0x000000077d41e640}> (0x000000077d41e640) 
thrown [s\src\hotspot\share\prims\jni.cpp, line 516]
Event: 1064.629 Thread 0x00000241e0add410 Exception <a 'sun/nio/fs/WindowsException'{0x000000077d420cb8}> (0x000000077d420cb8) 
thrown [s\src\hotspot\share\prims\jni.cpp, line 516]
Event: 1064.629 Thread 0x00000241e0add410 Exception <a 'sun/nio/fs/WindowsException'{0x000000077d423330}> (0x000000077d423330) 
thrown [s\src\hotspot\share\prims\jni.cpp, line 516]
Event: 1064.629 Thread 0x00000241e0add410 Exception <a 'sun/nio/fs/WindowsException'{0x000000077d4259e0}> (0x000000077d4259e0) 
thrown [s\src\hotspot\share\prims\jni.cpp, line 516]
Event: 1064.629 Thread 0x00000241e0add410 Exception <a 'sun/nio/fs/WindowsException'{0x000000077d428078}> (0x000000077d428078) 
thrown [s\src\hotspot\share\prims\jni.cpp, line 516]
Event: 1064.629 Thread 0x00000241e0add410 Exception <a 'sun/nio/fs/WindowsException'{0x000000077d42a760}> (0x000000077d42a760) 
thrown [s\src\hotspot\share\prims\jni.cpp, line 516]
Event: 1064.630 Thread 0x00000241e0add410 Exception <a 'sun/nio/fs/WindowsException'{0x000000077d42ce50}> (0x000000077d42ce50) 
thrown [s\src\hotspot\share\prims\jni.cpp, line 516]
Event: 1064.630 Thread 0x00000241e0add410 Exception <a 'sun/nio/fs/WindowsException'{0x000000077d42f4e8}> (0x000000077d42f4e8) 
thrown [s\src\hotspot\share\prims\jni.cpp, line 516]

VM Operations (20 events):
Event: 1300.587 Executing VM operation: Cleanup
Event: 1300.587 Executing VM operation: Cleanup done
Event: 1513.687 Executing VM operation: Cleanup
Event: 1513.687 Executing VM operation: Cleanup done
Event: 1722.800 Executing VM operation: Cleanup
Event: 1722.800 Executing VM operation: Cleanup done
Event: 1881.875 Executing VM operation: Cleanup
Event: 1881.875 Executing VM operation: Cleanup done
Event: 1883.875 Executing VM operation: Cleanup
Event: 1883.876 Executing VM operation: Cleanup done
Event: 1932.901 Executing VM operation: Cleanup
Event: 1932.901 Executing VM operation: Cleanup done
Event: 2061.967 Executing VM operation: Cleanup
Event: 2061.967 Executing VM operation: Cleanup done
Event: 2182.033 Executing VM operation: Cleanup
Event: 2182.033 Executing VM operation: Cleanup done
Event: 2298.515 Executing VM operation: G1CollectForAllocation
Event: 2299.134 Executing VM operation: G1CollectForAllocation done
Event: 2300.134 Executing VM operation: Cleanup
Event: 2300.135 Executing VM operation: Cleanup done

Memory protections (0 events):
No events

Nmethod flushes (20 events):
Event: 1019.722 Thread 0x00000241d40540e0 flushing  nmethod 0x0000024181af8f10
Event: 1019.723 Thread 0x00000241d40540e0 flushing  nmethod 0x0000024181b4ff10
Event: 1019.727 Thread 0x00000241d40540e0 flushing  nmethod 0x0000024181b79f90
Event: 1019.727 Thread 0x00000241d40540e0 flushing  nmethod 0x0000024181b81190
Event: 1019.727 Thread 0x00000241d40540e0 flushing  nmethod 0x0000024181bbaa90
Event: 1019.727 Thread 0x00000241d40540e0 flushing  nmethod 0x0000024181bbd210
Event: 1019.727 Thread 0x00000241d40540e0 flushing  nmethod 0x0000024181bf0390
Event: 1019.728 Thread 0x00000241d40540e0 flushing  nmethod 0x0000024181c06790
Event: 1019.728 Thread 0x00000241d40540e0 flushing  nmethod 0x0000024181c07810
Event: 1019.728 Thread 0x00000241d40540e0 flushing  nmethod 0x0000024181c0a110
Event: 1019.734 Thread 0x00000241d40540e0 flushing  nmethod 0x0000024181d68790
Event: 1019.735 Thread 0x00000241d40540e0 flushing  nmethod 0x0000024181e2e910
Event: 1019.744 Thread 0x00000241d40540e0 flushing  nmethod 0x000002418207c610
Event: 1019.759 Thread 0x00000241d40540e0 flushing  nmethod 0x0000024182267c90
Event: 1019.769 Thread 0x00000241d40540e0 flushing  nmethod 0x0000024182772c90
Event: 1019.769 Thread 0x00000241d40540e0 flushing  nmethod 0x0000024182819010
Event: 1019.771 Thread 0x00000241d40540e0 flushing  nmethod 0x00000241829a0010
Event: 1019.774 Thread 0x00000241d40540e0 flushing  nmethod 0x0000024182c68610
Event: 1019.774 Thread 0x00000241d40540e0 flushing  nmethod 0x0000024182d55c90
Event: 1062.112 Thread 0x00000241d40540e0 flushing  nmethod 0x00000241815aae90

Events (20 events):
Event: 1135.711 Thread 0x00000241db145900 Thread exited: 0x00000241db145900
Event: 1143.490 Thread 0x00000241d4736140 Thread exited: 0x00000241d4736140
Event: 1317.746 Thread 0x00000241db7b3320 Thread added: 0x00000241d4734d00
Event: 1361.878 Thread 0x00000241d4051bb0 Thread added: 0x00000241dd4dc760
Event: 1362.832 Thread 0x00000241dd4dc760 Thread exited: 0x00000241dd4dc760
Event: 1368.489 Thread 0x00000241db7b3320 Thread added: 0x00000241d4736650
Event: 1435.735 Thread 0x00000241d4734d00 Thread exited: 0x00000241d4734d00
Event: 1443.497 Thread 0x00000241d4736650 Thread exited: 0x00000241d4736650
Event: 1617.729 Thread 0x00000241db7b3320 Thread added: 0x00000241d47347f0
Event: 1668.493 Thread 0x00000241db7b3320 Thread added: 0x00000241d4736b60
Event: 1735.716 Thread 0x00000241d47347f0 Thread exited: 0x00000241d47347f0
Event: 1743.518 Thread 0x00000241d4736b60 Thread exited: 0x00000241d4736b60
Event: 1917.729 Thread 0x00000241db7b3320 Thread added: 0x00000241d47347f0
Event: 1927.842 Thread 0x00000241d4051bb0 Thread added: 0x00000241dd4dc210
Event: 1932.886 Thread 0x00000241dd4dc210 Thread exited: 0x00000241dd4dc210
Event: 1968.496 Thread 0x00000241db7b3320 Thread added: 0x00000241dc4e9ec0
Event: 2035.723 Thread 0x00000241d47347f0 Thread exited: 0x00000241d47347f0
Event: 2043.504 Thread 0x00000241dc4e9ec0 Thread exited: 0x00000241dc4e9ec0
Event: 2217.733 Thread 0x00000241db7b3320 Thread added: 0x00000241dc4e9ec0
Event: 2268.505 Thread 0x00000241db7b3320 Thread added: 0x00000241de22ce70


Dynamic libraries:
0x00007ff64af30000 - 0x00007ff64af3e000 	C:\Users\27439\.jdks\corretto-17.0.14\bin\java.exe
0x00007fff5cfc0000 - 0x00007fff5d220000 	C:\WINDOWS\SYSTEM32\ntdll.dll
0x00007fff5bcd0000 - 0x00007fff5bd97000 	C:\WINDOWS\System32\KERNEL32.DLL
0x00007fff5a740000 - 0x00007fff5ab0a000 	C:\WINDOWS\System32\KERNELBASE.dll
0x00007fff5a550000 - 0x00007fff5a69b000 	C:\WINDOWS\System32\ucrtbase.dll
0x00007fff32a20000 - 0x00007fff32a37000 	C:\Users\27439\.jdks\corretto-17.0.14\bin\jli.dll
0x00007fff2b940000 - 0x00007fff2b95b000 	C:\Users\27439\.jdks\corretto-17.0.14\bin\VCRUNTIME140.dll
0x00007fff5cbe0000 - 0x00007fff5cdac000 	C:\WINDOWS\System32\USER32.dll
0x00007fff3ade0000 - 0x00007fff3b077000 	C:\WINDOWS\WinSxS\amd64_microsoft.windows.common-controls_6595b64144ccf1df_6.0.26100.3624_none_3e086962e3345f24\COMCTL32.dll
0x00007fff5a260000 - 0x00007fff5a287000 	C:\WINDOWS\System32\win32u.dll
0x00007fff5bc10000 - 0x00007fff5bcb9000 	C:\WINDOWS\System32\msvcrt.dll
0x00007fff5aff0000 - 0x00007fff5b01a000 	C:\WINDOWS\System32\GDI32.dll
0x00007fff5a410000 - 0x00007fff5a541000 	C:\WINDOWS\System32\gdi32full.dll
0x00007fff5aba0000 - 0x00007fff5ac43000 	C:\WINDOWS\System32\msvcp_win.dll
0x00007fff5c0c0000 - 0x00007fff5c0ef000 	C:\WINDOWS\System32\IMM32.DLL
0x00007fff44510000 - 0x00007fff4451c000 	C:\Users\27439\.jdks\corretto-17.0.14\bin\vcruntime140_1.dll
0x00007fff01440000 - 0x00007fff014cd000 	C:\Users\27439\.jdks\corretto-17.0.14\bin\msvcp140.dll
0x00007ffeb4310000 - 0x00007ffeb4f7c000 	C:\Users\27439\.jdks\corretto-17.0.14\bin\server\jvm.dll
0x00007fff5b280000 - 0x00007fff5b332000 	C:\WINDOWS\System32\ADVAPI32.dll
0x00007fff5c000000 - 0x00007fff5c0a6000 	C:\WINDOWS\System32\sechost.dll
0x00007fff5bda0000 - 0x00007fff5beb6000 	C:\WINDOWS\System32\RPCRT4.dll
0x00007fff5b850000 - 0x00007fff5b8c4000 	C:\WINDOWS\System32\WS2_32.dll
0x00007fff599d0000 - 0x00007fff59a2e000 	C:\WINDOWS\SYSTEM32\POWRPROF.dll
0x00007fff534e0000 - 0x00007fff534eb000 	C:\WINDOWS\SYSTEM32\VERSION.dll
0x00007fff4c390000 - 0x00007fff4c3c6000 	C:\WINDOWS\SYSTEM32\WINMM.dll
0x00007fff599b0000 - 0x00007fff599c4000 	C:\WINDOWS\SYSTEM32\UMPDC.dll
0x00007fff58f70000 - 0x00007fff58f8a000 	C:\WINDOWS\SYSTEM32\kernel.appcore.dll
0x00007fff3f210000 - 0x00007fff3f21a000 	C:\Users\27439\.jdks\corretto-17.0.14\bin\jimage.dll
0x00007fff57530000 - 0x00007fff57771000 	C:\WINDOWS\SYSTEM32\DBGHELP.DLL
0x00007fff5c120000 - 0x00007fff5c4a2000 	C:\WINDOWS\System32\combase.dll
0x00007fff5cdb0000 - 0x00007fff5ce86000 	C:\WINDOWS\System32\OLEAUT32.dll
0x00007fff43b00000 - 0x00007fff43b39000 	C:\WINDOWS\SYSTEM32\dbgcore.DLL
0x00007fff5a6a0000 - 0x00007fff5a739000 	C:\WINDOWS\System32\bcryptPrimitives.dll
0x00007fff3ef70000 - 0x00007fff3ef7e000 	C:\Users\27439\.jdks\corretto-17.0.14\bin\instrument.dll
0x00007fff28ec0000 - 0x00007fff28ee5000 	C:\Users\27439\.jdks\corretto-17.0.14\bin\java.dll
0x00007ffedf330000 - 0x00007ffedf407000 	C:\Users\27439\.jdks\corretto-17.0.14\bin\jsvml.dll
0x00007fff5c4b0000 - 0x00007fff5cbd9000 	C:\WINDOWS\System32\SHELL32.dll
0x00007fff5ac50000 - 0x00007fff5adb8000 	C:\WINDOWS\System32\wintypes.dll
0x00007fff57e00000 - 0x00007fff58652000 	C:\WINDOWS\SYSTEM32\windows.storage.dll
0x00007fff5b120000 - 0x00007fff5b20d000 	C:\WINDOWS\System32\SHCORE.dll
0x00007fff5b210000 - 0x00007fff5b274000 	C:\WINDOWS\System32\shlwapi.dll
0x00007fff5a0b0000 - 0x00007fff5a0df000 	C:\WINDOWS\SYSTEM32\profapi.dll
0x00007fff27200000 - 0x00007fff27218000 	C:\Users\27439\.jdks\corretto-17.0.14\bin\zip.dll
0x00007fff271e0000 - 0x00007fff271f9000 	C:\Users\27439\.jdks\corretto-17.0.14\bin\net.dll
0x00007fff53200000 - 0x00007fff5331d000 	C:\WINDOWS\SYSTEM32\WINHTTP.dll
0x00007fff59470000 - 0x00007fff594da000 	C:\WINDOWS\system32\mswsock.dll
0x00007fff16ac0000 - 0x00007fff16ad6000 	C:\Users\27439\.jdks\corretto-17.0.14\bin\nio.dll
0x00007fff3eed0000 - 0x00007fff3eee0000 	C:\Users\27439\.jdks\corretto-17.0.14\bin\verify.dll
0x00007fff26600000 - 0x00007fff26627000 	C:\Users\27439\.gradle\native\c067742578af261105cb4f569cf0c3c89f3d7b1fecec35dd04571415982c5e48\windows-amd64\native-platform.dll
0x00007ffedd6d0000 - 0x00007ffedd814000 	C:\Users\27439\.gradle\native\100fb08df4bc3b14c8652ba06237920a3bd2aa13389f12d3474272988ae205f9\windows-amd64\native-platform-file-events.dll
0x00007fff54d10000 - 0x00007fff54d19000 	C:\Users\27439\.jdks\corretto-17.0.14\bin\management.dll
0x00007fff3f0b0000 - 0x00007fff3f0bb000 	C:\Users\27439\.jdks\corretto-17.0.14\bin\management_ext.dll
0x00007fff5c0b0000 - 0x00007fff5c0b8000 	C:\WINDOWS\System32\PSAPI.DLL
0x00007fff59820000 - 0x00007fff5983c000 	C:\WINDOWS\SYSTEM32\CRYPTSP.dll
0x00007fff58ed0000 - 0x00007fff58f0a000 	C:\WINDOWS\system32\rsaenh.dll
0x00007fff59510000 - 0x00007fff5953b000 	C:\WINDOWS\SYSTEM32\USERENV.dll
0x00007fff5a080000 - 0x00007fff5a0a6000 	C:\WINDOWS\SYSTEM32\bcrypt.dll
0x00007fff596a0000 - 0x00007fff596ac000 	C:\WINDOWS\SYSTEM32\CRYPTBASE.dll
0x00007fff589d0000 - 0x00007fff58a03000 	C:\WINDOWS\SYSTEM32\IPHLPAPI.DLL
0x00007fff5ce90000 - 0x00007fff5ce9a000 	C:\WINDOWS\System32\NSI.dll
0x00007fff53420000 - 0x00007fff5343f000 	C:\WINDOWS\SYSTEM32\dhcpcsvc6.DLL
0x00007fff53380000 - 0x00007fff533a5000 	C:\WINDOWS\SYSTEM32\dhcpcsvc.DLL
0x00007fff58a70000 - 0x00007fff58b95000 	C:\WINDOWS\SYSTEM32\DNSAPI.dll
0x00007fff3f0a0000 - 0x00007fff3f0a9000 	C:\Users\27439\.jdks\corretto-17.0.14\bin\extnet.dll
0x00007fff3f090000 - 0x00007fff3f09e000 	C:\Users\27439\.jdks\corretto-17.0.14\bin\sunmscapi.dll
0x00007fff5a290000 - 0x00007fff5a407000 	C:\WINDOWS\System32\CRYPT32.dll
0x00007fff59a90000 - 0x00007fff59ac0000 	C:\WINDOWS\SYSTEM32\ncrypt.dll
0x00007fff59a40000 - 0x00007fff59a7f000 	C:\WINDOWS\SYSTEM32\NTASN1.dll
0x00007fff4d100000 - 0x00007fff4d108000 	C:\WINDOWS\system32\wshunix.dll
0x00007fff52db0000 - 0x00007fff52dbb000 	C:\Windows\System32\rasadhlp.dll
0x00007fff53870000 - 0x00007fff538f5000 	C:\WINDOWS\System32\fwpuclnt.dll
0x00007fff519e0000 - 0x00007fff519e7000 	C:\Users\27439\.jdks\corretto-17.0.14\bin\rmi.dll
0x00007fff59090000 - 0x00007fff590c5000 	C:\WINDOWS\SYSTEM32\ntmarta.dll

dbghelp: loaded successfully - version: 4.0.5 - missing functions: none
symbol engine: initialized successfully - sym options: 0x614 - pdb path: .;C:\Users\27439\.jdks\corretto-17.0.14\bin;C:\WINDOWS\SYSTEM32;C:\WINDOWS\WinSxS\amd64_microsoft.windows.common-controls_6595b64144ccf1df_6.0.26100.3624_none_3e086962e3345f24;C:\Users\27439\.jdks\corretto-17.0.14\bin\server;C:\Users\27439\.gradle\native\c067742578af261105cb4f569cf0c3c89f3d7b1fecec35dd04571415982c5e48\windows-amd64;C:\Users\27439\.gradle\native\100fb08df4bc3b14c8652ba06237920a3bd2aa13389f12d3474272988ae205f9\windows-amd64

VM Arguments:
jvm_args: --add-opens=java.base/java.util=ALL-UNNAMED --add-opens=java.base/java.lang=ALL-UNNAMED --add-opens=java.base/java.lang.invoke=ALL-UNNAMED --add-opens=java.prefs/java.util.prefs=ALL-UNNAMED --add-exports=jdk.compiler/com.sun.tools.javac.api=ALL-UNNAMED --add-exports=jdk.compiler/com.sun.tools.javac.util=ALL-UNNAMED --add-opens=java.base/java.nio.charset=ALL-UNNAMED --add-opens=java.base/java.net=ALL-UNNAMED --add-opens=java.base/java.util.concurrent.atomic=ALL-UNNAMED -Xmx3g -Dfile.encoding=UTF-8 -Duser.country=CN -Duser.language=zh -Duser.variant -javaagent:C:\Users\27439\.gradle\wrapper\dists\gradle-8.10.2-all\cxakslhgak9bfo5baa5oucxya\gradle-8.10.2\lib\agents\gradle-instrumentation-agent-8.10.2.jar 
java_command: org.gradle.launcher.daemon.bootstrap.GradleDaemon 8.10.2
java_class_path (initial): C:\Users\27439\.gradle\wrapper\dists\gradle-8.10.2-all\cxakslhgak9bfo5baa5oucxya\gradle-8.10.2\lib\gradle-daemon-main-8.10.2.jar
Launcher Type: SUN_STANDARD

[Global flags]
     intx CICompilerCount                          = 12                                        {product} {ergonomic}
     uint ConcGCThreads                            = 3                                         {product} {ergonomic}
     uint G1ConcRefinementThreads                  = 13                                        {product} {ergonomic}
   size_t G1HeapRegionSize                         = 2097152                                   {product} {ergonomic}
    uintx GCDrainStackTargetSize                   = 64                                        {product} {ergonomic}
   size_t InitialHeapSize                          = 255852544                                 {product} {ergonomic}
   size_t MarkStackSize                            = 4194304                                   {product} {ergonomic}
   size_t MaxHeapSize                              = 3221225472                                {product} {command line}
   size_t MaxNewSize                               = 1931476992                                {product} {ergonomic}
   size_t MinHeapDeltaBytes                        = 2097152                                   {product} {ergonomic}
   size_t MinHeapSize                              = 8388608                                   {product} {ergonomic}
    uintx NonNMethodCodeHeapSize                   = 7602480                                {pd product} {ergonomic}
    uintx NonProfiledCodeHeapSize                  = 122027880                              {pd product} {ergonomic}
    uintx ProfiledCodeHeapSize                     = 122027880                              {pd product} {ergonomic}
    uintx ReservedCodeCacheSize                    = 251658240                              {pd product} {ergonomic}
     bool SegmentedCodeCache                       = true                                      {product} {ergonomic}
   size_t SoftMaxHeapSize                          = 3221225472                             {manageable} {ergonomic}
     bool UseCompressedClassPointers               = true                           {product lp64_product} {ergonomic}
     bool UseCompressedOops                        = true                           {product lp64_product} {ergonomic}
     bool UseG1GC                                  = true                                      {product} {ergonomic}
     bool UseLargePagesIndividualAllocation        = false                                  {pd product} {ergonomic}

Logging:
Log output configuration:
 #0: stdout all=warning uptime,level,tags
 #1: stderr all=off uptime,level,tags

Environment Variables:
PATH=c:\Users\27439\AppData\Local\Programs\cursor\resources\app\bin;c:\Users\27439\AppData\Local\Programs\cursor\resources\app\bin;C:\WINDOWS\system32;C:\WINDOWS;C:\WINDOWS\System32\Wbem;C:\WINDOWS\System32\WindowsPowerShell\v1.0\;C:\WINDOWS\System32\OpenSSH\;C:\Program Files (x86)\Windows Kits\10\Windows Performance Toolkit\;C:\Program Files\dotnet\;C:\Program Files\nodejs\;C:\Program Files\NVIDIA Corporation\NVIDIA app\NvDLISR;C:\Users\27439\.cargo\bin;C:\Users\27439\AppData\Local\Microsoft\WindowsApps;C:\Users\27439\AppData\Local\JetBrains\Toolbox\scripts;C:\Users\27439\AppData\Roaming\npm;C:\Users\27439\.sdk\Cangjie-0.53.13-windows_x64\cangjie\bin;C:\Users\27439\.sdk\Cangjie-0.53.13-windows_x64\cangjie\tools\bin;C:\Users\27439\.sdk\Cangjie-0.53.13-windows_x64\cangjie\runtime\lib\windows_x86_64_llvm;C:\Users\27439\.dotnet\tools;c:\Users\27439\AppData\Local\Programs\cursor\resources\app\bin;C:\Program Files (x86)\NVIDIA Corporation\PhysX\Common;C:\Program Files\Docker\Docker\resources\bi;C:\Program Files\Docker\Docker\resources\bin;C:\Program Files\TortoiseSVN\bin;C:\Program Files\Git\cmd;C:\Users\27439\AppData\Local\Programs\Microsoft VS Code\bin;C:\Users\27439\AppData\Local\Programs\Ollama;C:\Users\27439\AppData\Local\Programs\Python\Python311;C:\Users\27439\AppData\Local\Programs\Python\Python311\Scripts
USERNAME=27439
OS=Windows_NT
PROCESSOR_IDENTIFIER=AMD64 Family 25 Model 68 Stepping 1, AuthenticAMD
TMP=C:\Users\27439\AppData\Local\Temp
TEMP=C:\Users\27439\AppData\Local\Temp



Periodic native trim disabled


---------------  S Y S T E M  ---------------

OS:
 Windows 11 , 64 bit Build 26100 (10.0.26100.3775)
OS uptime: 1 days 5:28 hours
Hyper-V role detected

CPU: total 16 (initial active 16) (16 cores per cpu, 2 threads per core) family 25 model 68 stepping 1 microcode 0xa404101, cx8, cmov, fxsr, ht, mmx, 3dnowpref, sse, sse2, sse3, ssse3, sse4a, sse4.1, sse4.2, popcnt, lzcnt, tsc, tscinvbit, avx, avx2, aes, clmul, bmi1, bmi2, adx, sha, fma, vzeroupper, clflush, clflushopt, hv
Processor Information for all 16 processors :
  Max Mhz: 3201, Current Mhz: 3201, Mhz Limit: 3201

Memory: 4k page, system-wide physical 15613M (514M free)
TotalPageFile size 62717M (AvailPageFile size 4M)
current process WorkingSet (physical memory assigned to process): 320M, peak: 1867M
current process commit charge ("private bytes"): 2109M, peak: 2114M

vm_info: OpenJDK 64-Bit Server VM (17.0.14+7-LTS) for windows-amd64 JRE (17.0.14+7-LTS), built on Jan  7 2025 20:14:24 by "Administrator" with MS VC++ 16.10 / 16.11 (VS2019)

END.
