#
# There is insufficient memory for the Java Runtime Environment to continue.
# Native memory allocation (mmap) failed to map 480247808 bytes for G1 virtual space
# Possible reasons:
#   The system is out of physical RAM or swap space
#   The process is running with CompressedOops enabled, and the Java Heap may be blocking the growth of the native heap
# Possible solutions:
#   Reduce memory load on the system
#   Increase physical memory or swap space
#   Check if swap backing store is full
#   Decrease Java heap size (-Xmx/-Xms)
#   Decrease number of Java threads
#   Decrease Java thread stack sizes (-Xss)
#   Set larger code cache with -XX:ReservedCodeCacheSize=
#   JVM is running with Zero Based Compressed Oops mode in which the Java heap is
#     placed in the first 32GB address space. The Java Heap base address is the
#     maximum limit for the native heap growth. Please use -XX:HeapBaseMinAddress
#     to set the Java Heap base and to place the Java Heap above 32GB virtual address.
# This output file may be truncated or incomplete.
#
#  Out of Memory Error (os_windows.cpp:3825), pid=25320, tid=21208
#
# JRE version: OpenJDK Runtime Environment JBR-17.0.9+8-1162.7-jcef (17.0.9+8) (build 17.0.9+8-b1162.7)
# Java VM: OpenJDK 64-Bit Server VM JBR-17.0.9+8-1162.7-jcef (17.0.9+8-b1162.7, mixed mode, tiered, compressed oops, compressed class ptrs, g1 gc, windows-amd64)
# No core dump will be written. Minidumps are not enabled by default on client versions of Windows
#

---------------  S U M M A R Y ------------

Command Line: --add-opens=java.base/java.util.concurrent.atomic=ALL-UNNAMED -agentlib:jdwp=transport=dt_socket,server=n,suspend=y,address=127.0.0.1:65040 --add-opens=java.base/java.util=ALL-UNNAMED --add-opens=java.base/java.lang=ALL-UNNAMED --add-opens=java.base/java.lang.invoke=ALL-UNNAMED --add-opens=java.prefs/java.util.prefs=ALL-UNNAMED --add-opens=java.base/java.nio.charset=ALL-UNNAMED --add-opens=java.base/java.net=ALL-UNNAMED --add-opens=java.base/java.util.concurrent.atomic=ALL-UNNAMED -Xmx3g -Dfile.encoding=UTF-8 -Duser.country=CN -Duser.language=zh -Duser.variant -javaagent:C:\Users\27439\.gradle\wrapper\dists\gradle-8.2-all\2q3bs1ik8c4yxxdwn9pbenul9\gradle-8.2\lib\agents\gradle-instrumentation-agent-8.2.jar org.gradle.launcher.daemon.bootstrap.GradleDaemon 8.2

Host: AMD Ryzen 7 6800H with Radeon Graphics         , 16 cores, 15G,  Windows 11 , 64 bit Build 22621 (10.0.22621.3958)
Time: Sun Aug 18 16:26:47 2024  Windows 11 , 64 bit Build 22621 (10.0.22621.3958) elapsed time: 23.250344 seconds (0d 0h 0m 23s)

---------------  T H R E A D  ---------------

Current thread (0x000002777fc0ca40):  VMThread "VM Thread" [stack: 0x000000c506000000,0x000000c506100000] [id=21208]

Stack: [0x000000c506000000,0x000000c506100000]
Native frames: (J=compiled Java code, j=interpreted, Vv=VM code, C=native code)
V  [jvm.dll+0x688349]  os::platform_print_native_stack+0xd9  (os_windows_x86.cpp:235)
V  [jvm.dll+0x841bfa]  VMError::report+0xc6a  (vmError.cpp:855)
V  [jvm.dll+0x84383e]  VMError::report_and_die+0x78e  (vmError.cpp:1749)
V  [jvm.dll+0x843ea3]  VMError::report_and_die+0x43  (vmError.cpp:1535)
V  [jvm.dll+0x24bdef]  report_vm_out_of_memory+0x8f  (debug.cpp:321)
V  [jvm.dll+0x6850f9]  os::pd_commit_memory_or_exit+0xc9  (os_windows.cpp:3833)
V  [jvm.dll+0x67988a]  os::commit_memory_or_exit+0x2a  (os.cpp:1739)
V  [jvm.dll+0x30cbfb]  G1PageBasedVirtualSpace::commit+0x19b  (g1PageBasedVirtualSpace.cpp:204)
V  [jvm.dll+0x3140a6]  G1RegionsLargerThanCommitSizeMapper::commit_regions+0x96  (g1RegionToSpaceMapper.cpp:100)
V  [jvm.dll+0x363ede]  HeapRegionManager::expand_any+0xee  (heapRegionManager.cpp:363)
V  [jvm.dll+0x36410f]  HeapRegionManager::expand_by+0x7f  (heapRegionManager.cpp:380)
V  [jvm.dll+0x2e29c8]  G1CollectedHeap::expand+0xb8  (g1CollectedHeap.cpp:1298)
V  [jvm.dll+0x2e0ba4]  G1CollectedHeap::do_collection_pause_at_safepoint_helper+0x9e4  (g1CollectedHeap.cpp:3049)
V  [jvm.dll+0x2e01ac]  G1CollectedHeap::do_collection_pause_at_safepoint+0x5c  (g1CollectedHeap.cpp:2912)
V  [jvm.dll+0x32507b]  VM_G1CollectForAllocation::doit+0x6b  (g1VMOperations.cpp:146)
V  [jvm.dll+0x84859b]  VM_Operation::evaluate+0xfb  (vmOperations.cpp:73)
V  [jvm.dll+0x8492e1]  VMThread::evaluate_operation+0xe1  (vmThread.cpp:270)
V  [jvm.dll+0x8497fd]  VMThread::inner_execute+0x1ad  (vmThread.cpp:418)
V  [jvm.dll+0x849bd4]  VMThread::loop+0x254  (vmThread.cpp:482)
V  [jvm.dll+0x849ca0]  VMThread::run+0x70  (vmThread.cpp:167)
V  [jvm.dll+0x7f043a]  Thread::call_run+0x8a  (thread.cpp:405)
V  [jvm.dll+0x6871c5]  thread_native_entry+0x75  (os_windows.cpp:550)
C  [ucrtbase.dll+0x29333]
C  [KERNEL32.DLL+0x1257d]
C  [ntdll.dll+0x5af28]

VM_Operation (0x000000c5074fe3c0): G1CollectForAllocation, mode: safepoint, requested by thread 0x0000027723328650


---------------  P R O C E S S  ---------------

Threads class SMR info:
_java_thread_list=0x000002771bf01500, length=188, elements={
0x000002777949a7d0, 0x000002777fc10580, 0x000002777fc11310, 0x000002777fc645a0,
0x000002777fc65e80, 0x000002777fc7cfc0, 0x000002777fc7f6c0, 0x000002777fc810f0,
0x000002777fc85830, 0x000002777fc92180, 0x000002777fdcaeb0, 0x000002777ff9d890,
0x000002771b0bc7a0, 0x000002771b0d1040, 0x000002771b127610, 0x000002771c4cbd60,
0x000002777fede2d0, 0x000002771d0a95e0, 0x000002771d033840, 0x000002771c240920,
0x000002771c37b7b0, 0x000002771c37bcc0, 0x000002771c37db20, 0x000002771c37cbf0,
0x000002771c37a880, 0x000002771c37e030, 0x000002771c37d100, 0x000002771c37d610,
0x000002771c37b2a0, 0x000002771c37c1d0, 0x00000277205e5df0, 0x00000277205e4ec0,
0x00000277205e8160, 0x00000277205e8670, 0x00000277205e53d0, 0x00000277205e44a0,
0x00000277205e9090, 0x00000277205e6300, 0x00000277205e58e0, 0x00000277205eaef0,
0x00000277205e3f90, 0x00000277205e49b0, 0x00000277205e6810, 0x00000277205e6d20,
0x00000277205e9fc0, 0x00000277205e3a80, 0x00000277205e7230, 0x00000277205e7740,
0x00000277205e9ab0, 0x00000277205eb400, 0x00000277205e7c50, 0x000002771c37ad90,
0x000002771c37c6e0, 0x000002771f377810, 0x000002771f375ec0, 0x000002771f3754a0,
0x000002771f374060, 0x000002771f3759b0, 0x000002771f3768e0, 0x000002771f3763d0,
0x000002771f374570, 0x000002771f377300, 0x000002771f374a80, 0x000002771f376df0,
0x000002771f374f90, 0x000002771becb690, 0x000002771bec8900, 0x000002771bec83f0,
0x000002771bec9320, 0x000002771becbba0, 0x000002771beca760, 0x000002771beccad0,
0x000002771beccfe0, 0x000002771bec9830, 0x000002771bec79d0, 0x000002771bec7ee0,
0x000002771bec8e10, 0x000002771becda00, 0x000002771becb180, 0x000002771bec6590,
0x000002771becdf10, 0x000002771bec6aa0, 0x000002771bec9d40, 0x000002771beca250,
0x0000027720538400, 0x00000277205365a0, 0x0000027720539330, 0x0000027720534c50,
0x0000027720537ef0, 0x00000277205379e0, 0x0000027720538910, 0x0000027720538e20,
0x000002772053a770, 0x0000027720535b80, 0x0000027720539840, 0x0000027720539d50,
0x000002772053b190, 0x000002772053ac80, 0x0000027720536ab0, 0x000002772053b6a0,
0x0000027720535670, 0x000002772053a260, 0x000002772053bbb0, 0x0000027720536090,
0x000002772053c0c0, 0x000002772053c5d0, 0x0000027720536fc0, 0x00000277205374d0,
0x000002771dca1540, 0x000002771dc9f6e0, 0x000002771dc9ecc0, 0x000002771dc9c950,
0x000002771dc9e2a0, 0x000002771dc9f1d0, 0x000002771dc9fbf0, 0x000002771dca0100,
0x000002771dc9a0d0, 0x000002771dc9a5e0, 0x000002771dc9e7b0, 0x000002771dc9d370,
0x000002771dca0610, 0x000002771dc9aaf0, 0x000002771dca1a50, 0x000002771dc9b000,
0x000002771dc9b510, 0x000002771dc9ce60, 0x000002771dc9d880, 0x000002771dc9ba20,
0x000002771dc9c440, 0x000002771dc9dd90, 0x000002771f84b4a0, 0x000002771f84cdf0,
0x000002771f84bec0, 0x000002771f84c3d0, 0x000002771f84af90, 0x000002771f84a570,
0x000002771f84a060, 0x000002771f84d300, 0x000002771f84aa80, 0x000002771f84b9b0,
0x000002771f84d810, 0x000002771f84c8e0, 0x000002771d94d450, 0x000002771d94cf40,
0x000002771d94e380, 0x000002771d948860, 0x000002771d94a6c0, 0x000002771d949ca0,
0x000002771d949790, 0x000002771d947e40, 0x000002771d94b5f0, 0x000002771d949280,
0x000002771d94c520, 0x000002771d94bb00, 0x000002771d948d70, 0x000002771d94abd0,
0x000002771d94b0e0, 0x000002771d94c010, 0x000002771d94ca30, 0x000002771d94d960,
0x000002771d94de70, 0x000002771d94a1b0, 0x000002771d948350, 0x0000027722a69f70,
0x0000027722a6b3b0, 0x0000027722a6bdd0, 0x0000027722a69a60, 0x0000027723329a90,
0x0000027723328b60, 0x000002771ffe5b60, 0x000002771ffe85e0, 0x000002771ffe75f0,
0x0000027723328650, 0x000002772332eb90, 0x0000027723329fa0, 0x000002772332d240,
0x000002772332b3e0, 0x0000027723329070, 0x000002772332aed0, 0x0000027723329580,
0x000002772332d750, 0x000002772332e170, 0x000002772332e680, 0x000002772332a4b0,
0x000002772332f0a0, 0x0000027723327c30, 0x000002772332a9c0, 0x000002772332f5b0
}

Java Threads: ( => current thread )
  0x000002777949a7d0 JavaThread "main" [_thread_blocked, id=28136, stack(0x000000c505a00000,0x000000c505b00000)]
  0x000002777fc10580 JavaThread "Reference Handler" daemon [_thread_blocked, id=26132, stack(0x000000c506100000,0x000000c506200000)]
  0x000002777fc11310 JavaThread "Finalizer" daemon [_thread_blocked, id=23872, stack(0x000000c506200000,0x000000c506300000)]
  0x000002777fc645a0 JavaThread "Signal Dispatcher" daemon [_thread_blocked, id=25204, stack(0x000000c506300000,0x000000c506400000)]
  0x000002777fc65e80 JavaThread "Attach Listener" daemon [_thread_blocked, id=21064, stack(0x000000c506400000,0x000000c506500000)]
  0x000002777fc7cfc0 JavaThread "Service Thread" daemon [_thread_blocked, id=18264, stack(0x000000c506500000,0x000000c506600000)]
  0x000002777fc7f6c0 JavaThread "Monitor Deflation Thread" daemon [_thread_blocked, id=28456, stack(0x000000c506600000,0x000000c506700000)]
  0x000002777fc810f0 JavaThread "C2 CompilerThread0" daemon [_thread_blocked, id=28480, stack(0x000000c506700000,0x000000c506800000)]
  0x000002777fc85830 JavaThread "C1 CompilerThread0" daemon [_thread_blocked, id=27492, stack(0x000000c506800000,0x000000c506900000)]
  0x000002777fc92180 JavaThread "Sweeper thread" daemon [_thread_blocked, id=3772, stack(0x000000c506900000,0x000000c506a00000)]
  0x000002777fdcaeb0 JavaThread "Common-Cleaner" daemon [_thread_blocked, id=30436, stack(0x000000c506a00000,0x000000c506b00000)]
  0x000002777ff9d890 JavaThread "JDWP Transport Listener: dt_socket" daemon [_thread_blocked, id=18700, stack(0x000000c506f00000,0x000000c507000000)]
  0x000002771b0bc7a0 JavaThread "JDWP Event Helper Thread" daemon [_thread_blocked, id=25680, stack(0x000000c507000000,0x000000c507100000)]
  0x000002771b0d1040 JavaThread "JDWP Command Reader" daemon [_thread_in_native, id=24904, stack(0x000000c507100000,0x000000c507200000)]
  0x000002771b127610 JavaThread "Notification Thread" daemon [_thread_blocked, id=14528, stack(0x000000c507200000,0x000000c507300000)]
  0x000002771c4cbd60 JavaThread "Daemon health stats" [_thread_blocked, id=2156, stack(0x000000c507e00000,0x000000c507f00000)]
  0x000002777fede2d0 JavaThread "Incoming local TCP Connector on port 65044" [_thread_in_native, id=19368, stack(0x000000c506e00000,0x000000c506f00000)]
  0x000002771d0a95e0 JavaThread "Daemon periodic checks" [_thread_blocked, id=14016, stack(0x000000c507f00000,0x000000c508000000)]
  0x000002771d033840 JavaThread "Daemon" [_thread_blocked, id=7228, stack(0x000000c508000000,0x000000c508100000)]
  0x000002771c240920 JavaThread "Handler for socket connection from /127.0.0.1:65044 to /127.0.0.1:65045" [_thread_in_native, id=25016, stack(0x000000c508100000,0x000000c508200000)]
  0x000002771c37b7b0 JavaThread "Cancel handler" [_thread_blocked, id=25040, stack(0x000000c508200000,0x000000c508300000)]
  0x000002771c37bcc0 JavaThread "Daemon worker" [_thread_blocked, id=3280, stack(0x000000c508300000,0x000000c508400000)]
  0x000002771c37db20 JavaThread "Asynchronous log dispatcher for DefaultDaemonConnection: socket connection from /127.0.0.1:65044 to /127.0.0.1:65045" [_thread_blocked, id=27052, stack(0x000000c508400000,0x000000c508500000)]
  0x000002771c37cbf0 JavaThread "Stdin handler" [_thread_blocked, id=30500, stack(0x000000c508500000,0x000000c508600000)]
  0x000002771c37a880 JavaThread "Daemon client event forwarder" [_thread_blocked, id=27112, stack(0x000000c508600000,0x000000c508700000)]
  0x000002771c37e030 JavaThread "Cache worker for journal cache (C:\Users\27439\.gradle\caches\journal-1)" [_thread_blocked, id=29812, stack(0x000000c508c00000,0x000000c508d00000)]
  0x000002771c37d100 JavaThread "File lock request listener" [_thread_in_native, id=30696, stack(0x000000c508d00000,0x000000c508e00000)]
  0x000002771c37d610 JavaThread "Cache worker for file hash cache (C:\Users\27439\.gradle\caches\8.2\fileHashes)" [_thread_blocked, id=29132, stack(0x000000c508e00000,0x000000c508f00000)]
  0x000002771c37b2a0 JavaThread "File watcher server" daemon [_thread_blocked, id=6724, stack(0x000000c509000000,0x000000c509100000)]
  0x000002771c37c1d0 JavaThread "File watcher consumer" daemon [_thread_blocked, id=13596, stack(0x000000c509100000,0x000000c509200000)]
  0x00000277205e5df0 JavaThread "Cache worker for checksums cache (D:\Code\intellij\intellij-cangjie\.gradle\8.2\checksums)" [_thread_blocked, id=25560, stack(0x000000c509200000,0x000000c509300000)]
  0x00000277205e4ec0 JavaThread "Cache worker for cache directory md-rule (C:\Users\27439\.gradle\caches\8.2\md-rule)" [_thread_blocked, id=19080, stack(0x000000c509300000,0x000000c509400000)]
  0x00000277205e8160 JavaThread "Cache worker for file content cache (C:\Users\27439\.gradle\caches\8.2\fileContent)" [_thread_blocked, id=19608, stack(0x000000c509400000,0x000000c509500000)]
  0x00000277205e8670 JavaThread "Cache worker for file hash cache (D:\Code\intellij\intellij-cangjie\.gradle\8.2\fileHashes)" [_thread_blocked, id=29684, stack(0x000000c509500000,0x000000c509600000)]
  0x00000277205e53d0 JavaThread "Cache worker for cache directory md-supplier (C:\Users\27439\.gradle\caches\8.2\md-supplier)" [_thread_blocked, id=21620, stack(0x000000c509600000,0x000000c509700000)]
  0x00000277205e44a0 JavaThread "Cache worker for execution history cache (C:\Users\27439\.gradle\caches\8.2\executionHistory)" [_thread_blocked, id=19508, stack(0x000000c509700000,0x000000c509800000)]
  0x00000277205e9090 JavaThread "jar transforms" [_thread_blocked, id=18680, stack(0x000000c509800000,0x000000c509900000)]
  0x00000277205e6300 JavaThread "jar transforms Thread 2" [_thread_blocked, id=24860, stack(0x000000c509900000,0x000000c509a00000)]
  0x00000277205e58e0 JavaThread "jar transforms Thread 3" [_thread_blocked, id=30028, stack(0x000000c509a00000,0x000000c509b00000)]
  0x00000277205eaef0 JavaThread "jar transforms Thread 4" [_thread_blocked, id=1776, stack(0x000000c509b00000,0x000000c509c00000)]
  0x00000277205e3f90 JavaThread "jar transforms Thread 5" [_thread_blocked, id=11092, stack(0x000000c509c00000,0x000000c509d00000)]
  0x00000277205e49b0 JavaThread "jar transforms Thread 6" [_thread_blocked, id=30660, stack(0x000000c509d00000,0x000000c509e00000)]
  0x00000277205e6810 JavaThread "Cache worker for kotlin-dsl (C:\Users\27439\.gradle\caches\8.2\kotlin-dsl)" [_thread_blocked, id=3552, stack(0x000000c509e00000,0x000000c509f00000)]
  0x00000277205e6d20 JavaThread "jar transforms Thread 7" [_thread_blocked, id=26388, stack(0x000000c509f00000,0x000000c50a000000)]
  0x00000277205e9fc0 JavaThread "jar transforms Thread 8" [_thread_blocked, id=29616, stack(0x000000c50a000000,0x000000c50a100000)]
  0x00000277205e3a80 JavaThread "Unconstrained build operations" [_thread_blocked, id=4128, stack(0x000000c50a100000,0x000000c50a200000)]
  0x00000277205e7230 JavaThread "Unconstrained build operations Thread 2" [_thread_blocked, id=856, stack(0x000000c50a200000,0x000000c50a300000)]
  0x00000277205e7740 JavaThread "jar transforms Thread 9" [_thread_blocked, id=28068, stack(0x000000c50a300000,0x000000c50a400000)]
  0x00000277205e9ab0 JavaThread "jar transforms Thread 10" [_thread_blocked, id=1840, stack(0x000000c50a400000,0x000000c50a500000)]
  0x00000277205eb400 JavaThread "jar transforms Thread 11" [_thread_blocked, id=2428, stack(0x000000c50a500000,0x000000c50a600000)]
  0x00000277205e7c50 JavaThread "jar transforms Thread 12" [_thread_blocked, id=10776, stack(0x000000c50a600000,0x000000c50a700000)]
  0x000002771c37ad90 JavaThread "jar transforms Thread 13" [_thread_blocked, id=30564, stack(0x000000c50a700000,0x000000c50a800000)]
  0x000002771c37c6e0 JavaThread "jar transforms Thread 14" [_thread_blocked, id=24700, stack(0x000000c50a800000,0x000000c50a900000)]
  0x000002771f377810 JavaThread "Cache worker for dependencies-accessors (D:\Code\intellij\intellij-cangjie\.gradle\8.2\dependencies-accessors)" [_thread_blocked, id=11332, stack(0x000000c50a900000,0x000000c50aa00000)]
  0x000002771f375ec0 JavaThread "Cache worker for Build Output Cleanup Cache (D:\Code\intellij\intellij-cangjie\.gradle\buildOutputCleanup)" [_thread_blocked, id=28700, stack(0x000000c50aa00000,0x000000c50ab00000)]
  0x000002771f3754a0 JavaThread "jar transforms Thread 15" [_thread_blocked, id=21172, stack(0x000000c50ab00000,0x000000c50ac00000)]
  0x000002771f374060 JavaThread "jar transforms Thread 16" [_thread_blocked, id=6420, stack(0x000000c50ac00000,0x000000c50ad00000)]
  0x000002771f3759b0 JavaThread "Unconstrained build operations Thread 3" [_thread_blocked, id=25052, stack(0x000000c50ad00000,0x000000c50ae00000)]
  0x000002771f3768e0 JavaThread "Unconstrained build operations Thread 4" [_thread_blocked, id=14140, stack(0x000000c50ae00000,0x000000c50af00000)]
  0x000002771f3763d0 JavaThread "Unconstrained build operations Thread 5" [_thread_blocked, id=11604, stack(0x000000c50af00000,0x000000c50b000000)]
  0x000002771f374570 JavaThread "Unconstrained build operations Thread 6" [_thread_blocked, id=30644, stack(0x000000c50b000000,0x000000c50b100000)]
  0x000002771f377300 JavaThread "Unconstrained build operations Thread 7" [_thread_blocked, id=27728, stack(0x000000c50b100000,0x000000c50b200000)]
  0x000002771f374a80 JavaThread "Unconstrained build operations Thread 8" [_thread_blocked, id=28820, stack(0x000000c50b200000,0x000000c50b300000)]
  0x000002771f376df0 JavaThread "Unconstrained build operations Thread 9" [_thread_blocked, id=21244, stack(0x000000c50b300000,0x000000c50b400000)]
  0x000002771f374f90 JavaThread "Unconstrained build operations Thread 10" [_thread_blocked, id=26324, stack(0x000000c50b400000,0x000000c50b500000)]
  0x000002771becb690 JavaThread "Unconstrained build operations Thread 11" [_thread_blocked, id=27276, stack(0x000000c50b500000,0x000000c50b600000)]
  0x000002771bec8900 JavaThread "Unconstrained build operations Thread 12" [_thread_blocked, id=11196, stack(0x000000c50b600000,0x000000c50b700000)]
  0x000002771bec83f0 JavaThread "Unconstrained build operations Thread 13" [_thread_blocked, id=30440, stack(0x000000c50b700000,0x000000c50b800000)]
  0x000002771bec9320 JavaThread "Unconstrained build operations Thread 14" [_thread_blocked, id=8812, stack(0x000000c50b800000,0x000000c50b900000)]
  0x000002771becbba0 JavaThread "Unconstrained build operations Thread 15" [_thread_blocked, id=4132, stack(0x000000c50b900000,0x000000c50ba00000)]
  0x000002771beca760 JavaThread "Unconstrained build operations Thread 16" [_thread_blocked, id=30612, stack(0x000000c50ba00000,0x000000c50bb00000)]
  0x000002771beccad0 JavaThread "Unconstrained build operations Thread 17" [_thread_blocked, id=12832, stack(0x000000c50bb00000,0x000000c50bc00000)]
  0x000002771beccfe0 JavaThread "build event listener" [_thread_blocked, id=26536, stack(0x000000c50bc00000,0x000000c50bd00000)]
  0x000002771bec9830 JavaThread "Memory manager" [_thread_blocked, id=11524, stack(0x000000c508f00000,0x000000c509000000)]
  0x000002771bec79d0 JavaThread "Unconstrained build operations Thread 18" [_thread_blocked, id=6432, stack(0x000000c50be00000,0x000000c50bf00000)]
  0x000002771bec7ee0 JavaThread "Unconstrained build operations Thread 19" [_thread_blocked, id=10180, stack(0x000000c50bf00000,0x000000c50c000000)]
  0x000002771bec8e10 JavaThread "Unconstrained build operations Thread 20" [_thread_blocked, id=12156, stack(0x000000c50c000000,0x000000c50c100000)]
  0x000002771becda00 JavaThread "Unconstrained build operations Thread 21" [_thread_blocked, id=30676, stack(0x000000c50c100000,0x000000c50c200000)]
  0x000002771becb180 JavaThread "Unconstrained build operations Thread 22" [_thread_blocked, id=25400, stack(0x000000c50c200000,0x000000c50c300000)]
  0x000002771bec6590 JavaThread "Unconstrained build operations Thread 23" [_thread_blocked, id=30252, stack(0x000000c50c300000,0x000000c50c400000)]
  0x000002771becdf10 JavaThread "Unconstrained build operations Thread 24" [_thread_blocked, id=28736, stack(0x000000c50c400000,0x000000c50c500000)]
  0x000002771bec6aa0 JavaThread "Unconstrained build operations Thread 25" [_thread_blocked, id=27712, stack(0x000000c50c500000,0x000000c50c600000)]
  0x000002771bec9d40 JavaThread "Unconstrained build operations Thread 26" [_thread_blocked, id=17804, stack(0x000000c50c600000,0x000000c50c700000)]
  0x000002771beca250 JavaThread "Unconstrained build operations Thread 27" [_thread_blocked, id=30216, stack(0x000000c50c700000,0x000000c50c800000)]
  0x0000027720538400 JavaThread "Unconstrained build operations Thread 28" [_thread_blocked, id=5420, stack(0x000000c50c800000,0x000000c50c900000)]
  0x00000277205365a0 JavaThread "Unconstrained build operations Thread 29" [_thread_blocked, id=25084, stack(0x000000c50c900000,0x000000c50ca00000)]
  0x0000027720539330 JavaThread "Unconstrained build operations Thread 30" [_thread_blocked, id=8944, stack(0x000000c50ca00000,0x000000c50cb00000)]
  0x0000027720534c50 JavaThread "Unconstrained build operations Thread 31" [_thread_blocked, id=27072, stack(0x000000c50cb00000,0x000000c50cc00000)]
  0x0000027720537ef0 JavaThread "Unconstrained build operations Thread 32" [_thread_blocked, id=26232, stack(0x000000c50cc00000,0x000000c50cd00000)]
  0x00000277205379e0 JavaThread "Unconstrained build operations Thread 33" [_thread_blocked, id=29768, stack(0x000000c50cd00000,0x000000c50ce00000)]
  0x0000027720538910 JavaThread "Unconstrained build operations Thread 34" [_thread_blocked, id=25540, stack(0x000000c50ce00000,0x000000c50cf00000)]
  0x0000027720538e20 JavaThread "Unconstrained build operations Thread 35" [_thread_blocked, id=23020, stack(0x000000c50cf00000,0x000000c50d000000)]
  0x000002772053a770 JavaThread "Exec process" [_thread_blocked, id=7612, stack(0x000000c50d000000,0x000000c50d100000)]
  0x0000027720535b80 JavaThread "Exec process Thread 2" [_thread_blocked, id=24900, stack(0x000000c50d100000,0x000000c50d200000)]
  0x0000027720539840 JavaThread "Exec process Thread 3" [_thread_blocked, id=29424, stack(0x000000c50d200000,0x000000c50d300000)]
  0x0000027720539d50 JavaThread "Unconstrained build operations Thread 36" [_thread_blocked, id=25524, stack(0x000000c50bd00000,0x000000c50be00000)]
  0x000002772053b190 JavaThread "Unconstrained build operations Thread 37" [_thread_blocked, id=27504, stack(0x000000c50d300000,0x000000c50d400000)]
  0x000002772053ac80 JavaThread "Unconstrained build operations Thread 38" [_thread_blocked, id=21576, stack(0x000000c50d400000,0x000000c50d500000)]
  0x0000027720536ab0 JavaThread "Unconstrained build operations Thread 39" [_thread_blocked, id=16032, stack(0x000000c50d500000,0x000000c50d600000)]
  0x000002772053b6a0 JavaThread "Unconstrained build operations Thread 40" [_thread_blocked, id=29820, stack(0x000000c50d600000,0x000000c50d700000)]
  0x0000027720535670 JavaThread "Unconstrained build operations Thread 41" [_thread_blocked, id=26504, stack(0x000000c50d700000,0x000000c50d800000)]
  0x000002772053a260 JavaThread "Unconstrained build operations Thread 42" [_thread_blocked, id=12684, stack(0x000000c50d800000,0x000000c50d900000)]
  0x000002772053bbb0 JavaThread "Unconstrained build operations Thread 43" [_thread_blocked, id=29596, stack(0x000000c50d900000,0x000000c50da00000)]
  0x0000027720536090 JavaThread "Unconstrained build operations Thread 44" [_thread_blocked, id=29488, stack(0x000000c50da00000,0x000000c50db00000)]
  0x000002772053c0c0 JavaThread "Unconstrained build operations Thread 45" [_thread_blocked, id=3944, stack(0x000000c50db00000,0x000000c50dc00000)]
  0x000002772053c5d0 JavaThread "Unconstrained build operations Thread 46" [_thread_blocked, id=26532, stack(0x000000c50dc00000,0x000000c50dd00000)]
  0x0000027720536fc0 JavaThread "Unconstrained build operations Thread 47" [_thread_blocked, id=25472, stack(0x000000c50dd00000,0x000000c50de00000)]
  0x00000277205374d0 JavaThread "Unconstrained build operations Thread 48" [_thread_blocked, id=25880, stack(0x000000c50de00000,0x000000c50df00000)]
  0x000002771dca1540 JavaThread "Unconstrained build operations Thread 49" [_thread_blocked, id=17516, stack(0x000000c50df00000,0x000000c50e000000)]
  0x000002771dc9f6e0 JavaThread "Unconstrained build operations Thread 50" [_thread_blocked, id=9648, stack(0x000000c50e000000,0x000000c50e100000)]
  0x000002771dc9ecc0 JavaThread "Unconstrained build operations Thread 51" [_thread_blocked, id=13780, stack(0x000000c50e100000,0x000000c50e200000)]
  0x000002771dc9c950 JavaThread "Unconstrained build operations Thread 52" [_thread_blocked, id=19924, stack(0x000000c50e200000,0x000000c50e300000)]
  0x000002771dc9e2a0 JavaThread "Unconstrained build operations Thread 53" [_thread_blocked, id=20324, stack(0x000000c50e300000,0x000000c50e400000)]
  0x000002771dc9f1d0 JavaThread "Unconstrained build operations Thread 54" [_thread_blocked, id=11372, stack(0x000000c50e400000,0x000000c50e500000)]
  0x000002771dc9fbf0 JavaThread "Unconstrained build operations Thread 55" [_thread_blocked, id=29928, stack(0x000000c50e500000,0x000000c50e600000)]
  0x000002771dca0100 JavaThread "Unconstrained build operations Thread 56" [_thread_blocked, id=24676, stack(0x000000c50e600000,0x000000c50e700000)]
  0x000002771dc9a0d0 JavaThread "Unconstrained build operations Thread 57" [_thread_blocked, id=16196, stack(0x000000c50e700000,0x000000c50e800000)]
  0x000002771dc9a5e0 JavaThread "Unconstrained build operations Thread 58" [_thread_blocked, id=25868, stack(0x000000c50e800000,0x000000c50e900000)]
  0x000002771dc9e7b0 JavaThread "Unconstrained build operations Thread 59" [_thread_blocked, id=30604, stack(0x000000c50e900000,0x000000c50ea00000)]
  0x000002771dc9d370 JavaThread "Unconstrained build operations Thread 60" [_thread_blocked, id=8768, stack(0x000000c50ea00000,0x000000c50eb00000)]
  0x000002771dca0610 JavaThread "Unconstrained build operations Thread 61" [_thread_blocked, id=13244, stack(0x000000c50eb00000,0x000000c50ec00000)]
  0x000002771dc9aaf0 JavaThread "Unconstrained build operations Thread 62" [_thread_blocked, id=25244, stack(0x000000c50ec00000,0x000000c50ed00000)]
  0x000002771dca1a50 JavaThread "Unconstrained build operations Thread 63" [_thread_blocked, id=12228, stack(0x000000c50ed00000,0x000000c50ee00000)]
  0x000002771dc9b000 JavaThread "Unconstrained build operations Thread 64" [_thread_blocked, id=4036, stack(0x000000c50ee00000,0x000000c50ef00000)]
  0x000002771dc9b510 JavaThread "Unconstrained build operations Thread 65" [_thread_blocked, id=29456, stack(0x000000c50ef00000,0x000000c50f000000)]
  0x000002771dc9ce60 JavaThread "Unconstrained build operations Thread 66" [_thread_blocked, id=29828, stack(0x000000c50f000000,0x000000c50f100000)]
  0x000002771dc9d880 JavaThread "Unconstrained build operations Thread 67" [_thread_blocked, id=4632, stack(0x000000c50f100000,0x000000c50f200000)]
  0x000002771dc9ba20 JavaThread "Unconstrained build operations Thread 68" [_thread_blocked, id=25340, stack(0x000000c50f200000,0x000000c50f300000)]
  0x000002771dc9c440 JavaThread "Unconstrained build operations Thread 69" [_thread_blocked, id=18816, stack(0x000000c50f300000,0x000000c50f400000)]
  0x000002771dc9dd90 JavaThread "Unconstrained build operations Thread 70" [_thread_blocked, id=29568, stack(0x000000c50f400000,0x000000c50f500000)]
  0x000002771f84b4a0 JavaThread "Unconstrained build operations Thread 71" [_thread_blocked, id=21656, stack(0x000000c50f500000,0x000000c50f600000)]
  0x000002771f84cdf0 JavaThread "Unconstrained build operations Thread 72" [_thread_blocked, id=29692, stack(0x000000c50f600000,0x000000c50f700000)]
  0x000002771f84bec0 JavaThread "Unconstrained build operations Thread 73" [_thread_blocked, id=6212, stack(0x000000c50f700000,0x000000c50f800000)]
  0x000002771f84c3d0 JavaThread "Unconstrained build operations Thread 74" [_thread_blocked, id=4608, stack(0x000000c50f800000,0x000000c50f900000)]
  0x000002771f84af90 JavaThread "Unconstrained build operations Thread 75" [_thread_blocked, id=19920, stack(0x000000c50f900000,0x000000c50fa00000)]
  0x000002771f84a570 JavaThread "included builds" [_thread_blocked, id=3596, stack(0x000000c50fa00000,0x000000c50fb00000)]
  0x000002771f84a060 JavaThread "Execution worker" [_thread_blocked, id=19352, stack(0x000000c50fb00000,0x000000c50fc00000)]
  0x000002771f84d300 JavaThread "Execution worker Thread 2" [_thread_blocked, id=2296, stack(0x000000c50fc00000,0x000000c50fd00000)]
  0x000002771f84aa80 JavaThread "Execution worker Thread 3" [_thread_blocked, id=3932, stack(0x000000c50fd00000,0x000000c50fe00000)]
  0x000002771f84b9b0 JavaThread "Execution worker Thread 4" [_thread_blocked, id=22092, stack(0x000000c50fe00000,0x000000c50ff00000)]
  0x000002771f84d810 JavaThread "Execution worker Thread 5" [_thread_blocked, id=14264, stack(0x000000c50ff00000,0x000000c510000000)]
  0x000002771f84c8e0 JavaThread "Execution worker Thread 6" [_thread_blocked, id=14476, stack(0x000000c510000000,0x000000c510100000)]
  0x000002771d94d450 JavaThread "Execution worker Thread 7" [_thread_blocked, id=8712, stack(0x000000c510100000,0x000000c510200000)]
  0x000002771d94cf40 JavaThread "Execution worker Thread 8" [_thread_blocked, id=11924, stack(0x000000c510200000,0x000000c510300000)]
  0x000002771d94e380 JavaThread "Execution worker Thread 9" [_thread_blocked, id=26944, stack(0x000000c510300000,0x000000c510400000)]
  0x000002771d948860 JavaThread "Execution worker Thread 10" [_thread_blocked, id=30208, stack(0x000000c510400000,0x000000c510500000)]
  0x000002771d94a6c0 JavaThread "Execution worker Thread 11" [_thread_blocked, id=29320, stack(0x000000c510500000,0x000000c510600000)]
  0x000002771d949ca0 JavaThread "Execution worker Thread 12" [_thread_blocked, id=25088, stack(0x000000c510600000,0x000000c510700000)]
  0x000002771d949790 JavaThread "Execution worker Thread 13" [_thread_blocked, id=15480, stack(0x000000c510700000,0x000000c510800000)]
  0x000002771d947e40 JavaThread "Execution worker Thread 14" [_thread_blocked, id=10628, stack(0x000000c510800000,0x000000c510900000)]
  0x000002771d94b5f0 JavaThread "Execution worker Thread 15" [_thread_blocked, id=29196, stack(0x000000c510900000,0x000000c510a00000)]
  0x000002771d949280 JavaThread "Cache worker for execution history cache (D:\Code\intellij\intellij-cangjie\.gradle\8.2\executionHistory)" [_thread_blocked, id=19792, stack(0x000000c510a00000,0x000000c510b00000)]
  0x000002771d94c520 JavaThread "Unconstrained build operations Thread 76" [_thread_blocked, id=29652, stack(0x000000c510b00000,0x000000c510c00000)]
  0x000002771d94bb00 JavaThread "Unconstrained build operations Thread 77" [_thread_blocked, id=29268, stack(0x000000c510c00000,0x000000c510d00000)]
  0x000002771d948d70 JavaThread "Unconstrained build operations Thread 78" [_thread_blocked, id=17388, stack(0x000000c510d00000,0x000000c510e00000)]
  0x000002771d94abd0 JavaThread "Unconstrained build operations Thread 79" [_thread_blocked, id=10500, stack(0x000000c510e00000,0x000000c510f00000)]
  0x000002771d94b0e0 JavaThread "Unconstrained build operations Thread 80" [_thread_blocked, id=17756, stack(0x000000c510f00000,0x000000c511000000)]
  0x000002771d94c010 JavaThread "Unconstrained build operations Thread 81" [_thread_blocked, id=15948, stack(0x000000c511000000,0x000000c511100000)]
  0x000002771d94ca30 JavaThread "Unconstrained build operations Thread 82" [_thread_blocked, id=25412, stack(0x000000c511100000,0x000000c511200000)]
  0x000002771d94d960 JavaThread "Unconstrained build operations Thread 83" [_thread_blocked, id=30664, stack(0x000000c511200000,0x000000c511300000)]
  0x000002771d94de70 JavaThread "Unconstrained build operations Thread 84" [_thread_blocked, id=29448, stack(0x000000c511300000,0x000000c511400000)]
  0x000002771d94a1b0 JavaThread "Unconstrained build operations Thread 85" [_thread_blocked, id=25056, stack(0x000000c511400000,0x000000c511500000)]
  0x000002771d948350 JavaThread "Unconstrained build operations Thread 86" [_thread_blocked, id=10328, stack(0x000000c511500000,0x000000c511600000)]
  0x0000027722a69f70 JavaThread "WorkerExecutor Queue" [_thread_blocked, id=24740, stack(0x000000c511600000,0x000000c511700000)]
  0x0000027722a6b3b0 JavaThread "RMI Scheduler(0)" daemon [_thread_blocked, id=28228, stack(0x000000c511700000,0x000000c511800000)]
  0x0000027722a6bdd0 JavaThread "RMI GC Daemon" daemon [_thread_blocked, id=11340, stack(0x000000c511900000,0x000000c511a00000)]
  0x0000027722a69a60 JavaThread "RMI TCP Accept-0" daemon [_thread_in_native, id=18572, stack(0x000000c511a00000,0x000000c511b00000)]
  0x0000027723329a90 JavaThread "RMI Reaper" [_thread_blocked, id=23792, stack(0x000000c511b00000,0x000000c511c00000)]
  0x0000027723328b60 JavaThread "RMI TCP Connection(1)-127.0.0.1" daemon [_thread_in_native, id=21904, stack(0x000000c511c00000,0x000000c511d00000)]
  0x000002771ffe5b60 JavaThread "C2 CompilerThread1" daemon [_thread_blocked, id=25836, stack(0x000000c506b00000,0x000000c506c00000)]
  0x000002771ffe85e0 JavaThread "C1 CompilerThread1" daemon [_thread_blocked, id=18524, stack(0x000000c506c00000,0x000000c506d00000)]
  0x000002771ffe75f0 JavaThread "C1 CompilerThread2" daemon [_thread_blocked, id=29628, stack(0x000000c506d00000,0x000000c506e00000)]
  0x0000027723328650 JavaThread "Cache worker for Java compile cache (C:\Users\27439\.gradle\caches\8.2\javaCompile)" [_thread_blocked, id=29752, stack(0x000000c507400000,0x000000c507500000)]
  0x000002772332eb90 JavaThread "Build operations" [_thread_blocked, id=27468, stack(0x000000c512800000,0x000000c512900000)]
  0x0000027723329fa0 JavaThread "Build operations Thread 2" [_thread_blocked, id=25976, stack(0x000000c512900000,0x000000c512a00000)]
  0x000002772332d240 JavaThread "Build operations Thread 3" [_thread_blocked, id=27888, stack(0x000000c512a00000,0x000000c512b00000)]
  0x000002772332b3e0 JavaThread "Build operations Thread 4" [_thread_blocked, id=25512, stack(0x000000c512b00000,0x000000c512c00000)]
  0x0000027723329070 JavaThread "Build operations Thread 5" [_thread_blocked, id=26180, stack(0x000000c512c00000,0x000000c512d00000)]
  0x000002772332aed0 JavaThread "Build operations Thread 6" [_thread_blocked, id=20856, stack(0x000000c512d00000,0x000000c512e00000)]
  0x0000027723329580 JavaThread "Build operations Thread 7" [_thread_blocked, id=30000, stack(0x000000c512e00000,0x000000c512f00000)]
  0x000002772332d750 JavaThread "Build operations Thread 8" [_thread_blocked, id=5516, stack(0x000000c512f00000,0x000000c513000000)]
  0x000002772332e170 JavaThread "Build operations Thread 9" [_thread_blocked, id=9420, stack(0x000000c513000000,0x000000c513100000)]
  0x000002772332e680 JavaThread "Build operations Thread 10" [_thread_blocked, id=8164, stack(0x000000c513100000,0x000000c513200000)]
  0x000002772332a4b0 JavaThread "Build operations Thread 11" [_thread_blocked, id=3436, stack(0x000000c513200000,0x000000c513300000)]
  0x000002772332f0a0 JavaThread "Build operations Thread 12" [_thread_blocked, id=6840, stack(0x000000c513300000,0x000000c513400000)]
  0x0000027723327c30 JavaThread "Build operations Thread 13" [_thread_blocked, id=25688, stack(0x000000c513400000,0x000000c513500000)]
  0x000002772332a9c0 JavaThread "Build operations Thread 14" [_thread_blocked, id=13460, stack(0x000000c513500000,0x000000c513600000)]
  0x000002772332f5b0 JavaThread "Build operations Thread 15" [_thread_blocked, id=15900, stack(0x000000c513600000,0x000000c513700000)]

Other Threads:
=>0x000002777fc0ca40 VMThread "VM Thread" [stack: 0x000000c506000000,0x000000c506100000] [id=21208]
  0x000002771b0de3f0 WatcherThread [stack: 0x000000c507300000,0x000000c507400000] [id=30168]
  0x00000277794fc1b0 GCTaskThread "GC Thread#0" [stack: 0x000000c505b00000,0x000000c505c00000] [id=21496]
  0x000002771bda2900 GCTaskThread "GC Thread#1" [stack: 0x000000c507500000,0x000000c507600000] [id=27844]
  0x000002777fcb4d30 GCTaskThread "GC Thread#2" [stack: 0x000000c507600000,0x000000c507700000] [id=30632]
  0x000002771bd42030 GCTaskThread "GC Thread#3" [stack: 0x000000c507700000,0x000000c507800000] [id=15788]
  0x000002771bd422f0 GCTaskThread "GC Thread#4" [stack: 0x000000c507800000,0x000000c507900000] [id=5156]
  0x000002771c078980 GCTaskThread "GC Thread#5" [stack: 0x000000c507900000,0x000000c507a00000] [id=29244]
  0x000002771b422d90 GCTaskThread "GC Thread#6" [stack: 0x000000c507a00000,0x000000c507b00000] [id=25720]
  0x000002771b510ab0 GCTaskThread "GC Thread#7" [stack: 0x000000c507b00000,0x000000c507c00000] [id=6832]
  0x000002771b511950 GCTaskThread "GC Thread#8" [stack: 0x000000c507c00000,0x000000c507d00000] [id=25700]
  0x000002771bda61a0 GCTaskThread "GC Thread#9" [stack: 0x000000c507d00000,0x000000c507e00000] [id=16144]
  0x000002771bda6ca0 GCTaskThread "GC Thread#10" [stack: 0x000000c508700000,0x000000c508800000] [id=10676]
  0x000002771bda7220 GCTaskThread "GC Thread#11" [stack: 0x000000c508800000,0x000000c508900000] [id=7960]
  0x000002771bda5960 GCTaskThread "GC Thread#12" [stack: 0x000000c508900000,0x000000c508a00000] [id=30256]
  0x0000027779509010 ConcurrentGCThread "G1 Main Marker" [stack: 0x000000c505c00000,0x000000c505d00000] [id=15308]
  0x000002777950a0e0 ConcurrentGCThread "G1 Conc#0" [stack: 0x000000c505d00000,0x000000c505e00000] [id=16700]
  0x000002771bda6720 ConcurrentGCThread "G1 Conc#1" [stack: 0x000000c508a00000,0x000000c508b00000] [id=26460]
  0x000002771bda69e0 ConcurrentGCThread "G1 Conc#2" [stack: 0x000000c508b00000,0x000000c508c00000] [id=25044]
  0x000002777953e710 ConcurrentGCThread "G1 Refine#0" [stack: 0x000000c505e00000,0x000000c505f00000] [id=30120]
  0x000002771f4a6060 ConcurrentGCThread "G1 Refine#1" [stack: 0x000000c511800000,0x000000c511900000] [id=6156]
  0x000002771f4a9250 ConcurrentGCThread "G1 Refine#2" [stack: 0x000000c511d00000,0x000000c511e00000] [id=19296]
  0x000002771f4a6350 ConcurrentGCThread "G1 Refine#3" [stack: 0x000000c511e00000,0x000000c511f00000] [id=24628]
  0x000002771f4a6f10 ConcurrentGCThread "G1 Refine#4" [stack: 0x000000c511f00000,0x000000c512000000] [id=10068]
  0x000002771f4a9540 ConcurrentGCThread "G1 Refine#5" [stack: 0x000000c512000000,0x000000c512100000] [id=30544]
  0x000002771f4a7200 ConcurrentGCThread "G1 Refine#6" [stack: 0x000000c512100000,0x000000c512200000] [id=17036]
  0x000002771f4a8f60 ConcurrentGCThread "G1 Refine#7" [stack: 0x000000c512200000,0x000000c512300000] [id=26832]
  0x000002771f4a6640 ConcurrentGCThread "G1 Refine#8" [stack: 0x000000c512300000,0x000000c512400000] [id=8824]
  0x000002771f4a74f0 ConcurrentGCThread "G1 Refine#9" [stack: 0x000000c512400000,0x000000c512500000] [id=26712]
  0x000002771f4a7ad0 ConcurrentGCThread "G1 Refine#10" [stack: 0x000000c512500000,0x000000c512600000] [id=3288]
  0x000002771f4a7dc0 ConcurrentGCThread "G1 Refine#11" [stack: 0x000000c512600000,0x000000c512700000] [id=23400]
  0x000002771f4a80b0 ConcurrentGCThread "G1 Refine#12" [stack: 0x000000c512700000,0x000000c512800000] [id=28716]
  0x000002777f805390 ConcurrentGCThread "G1 Service" [stack: 0x000000c505f00000,0x000000c506000000] [id=4268]

Threads with active compile tasks:
C2 CompilerThread0    23502 14880       4       org.gradle.api.internal.tasks.compile.incremental.compilerapi.deps.DependentSetSerializer::read (198 bytes)
C2 CompilerThread1    23502 14843 %     4       org.gradle.api.internal.tasks.compile.incremental.deps.ClassSetAnalysisData$Serializer::read @ 45 (230 bytes)

VM state: at safepoint (normal execution)

VM Mutex/Monitor currently owned by a thread:  ([mutex/lock_event])
[0x0000027779496600] Threads_lock - owner thread: 0x000002777fc0ca40
[0x0000027779496f90] Heap_lock - owner thread: 0x0000027723328650

Heap address: 0x0000000740000000, size: 3072 MB, Compressed Oops mode: Zero based, Oop shift amount: 3

CDS archive(s) not mapped
Compressed class space mapped at: 0x0000000800000000-0x0000000840000000, reserved size: 1073741824
Narrow klass base: 0x0000000800000000, Narrow klass shift: 0, Narrow klass range: 0x40000000

GC Precious Log:
 CPUs: 16 total, 16 available
 Memory: 15613M
 Large Page Support: Disabled
 NUMA Support: Disabled
 Compressed Oops: Enabled (Zero based)
 Heap Region Size: 2M
 Heap Min Capacity: 8M
 Heap Initial Capacity: 244M
 Heap Max Capacity: 3G
 Pre-touch: Disabled
 Parallel Workers: 13
 Concurrent Workers: 3
 Concurrent Refinement Workers: 13
 Periodic GC: Disabled

Heap:
 garbage-first heap   total 346112K, used 221386K [0x0000000740000000, 0x0000000800000000)
  region size 2048K, 4 young (8192K), 4 survivors (8192K)
 Metaspace       used 101093K, committed 102016K, reserved 1179648K
  class space    used 13534K, committed 13952K, reserved 1048576K

Heap Regions: E=young(eden), S=young(survivor), O=old, HS=humongous(starts), HC=humongous(continues), CS=collection set, F=free, OA=open archive, CA=closed archive, TAMS=top-at-mark-start (previous, next)
|   0|0x0000000740000000, 0x0000000740200000, 0x0000000740200000|100%|HS|  |TAMS 0x0000000740200000, 0x0000000740000000| Complete 
|   1|0x0000000740200000, 0x0000000740400000, 0x0000000740400000|100%|HC|  |TAMS 0x0000000740400000, 0x0000000740200000| Complete 
|   2|0x0000000740400000, 0x0000000740600000, 0x0000000740600000|100%| O|  |TAMS 0x0000000740600000, 0x0000000740400000| Untracked 
|   3|0x0000000740600000, 0x0000000740800000, 0x0000000740800000|100%| O|  |TAMS 0x0000000740800000, 0x0000000740600000| Untracked 
|   4|0x0000000740800000, 0x0000000740a00000, 0x0000000740a00000|100%| O|  |TAMS 0x0000000740a00000, 0x0000000740800000| Untracked 
|   5|0x0000000740a00000, 0x0000000740c00000, 0x0000000740c00000|100%| O|  |TAMS 0x0000000740c00000, 0x0000000740a00000| Untracked 
|   6|0x0000000740c00000, 0x0000000740e00000, 0x0000000740e00000|100%| O|  |TAMS 0x0000000740e00000, 0x0000000740c00000| Untracked 
|   7|0x0000000740e00000, 0x0000000741000000, 0x0000000741000000|100%| O|  |TAMS 0x0000000741000000, 0x0000000740e00000| Untracked 
|   8|0x0000000741000000, 0x0000000741200000, 0x0000000741200000|100%| O|  |TAMS 0x0000000741200000, 0x0000000741000000| Untracked 
|   9|0x0000000741200000, 0x0000000741400000, 0x0000000741400000|100%| O|  |TAMS 0x0000000741400000, 0x0000000741200000| Untracked 
|  10|0x0000000741400000, 0x0000000741600000, 0x0000000741600000|100%| O|  |TAMS 0x0000000741600000, 0x0000000741400000| Untracked 
|  11|0x0000000741600000, 0x0000000741800000, 0x0000000741800000|100%| O|  |TAMS 0x0000000741800000, 0x0000000741600000| Untracked 
|  12|0x0000000741800000, 0x0000000741a00000, 0x0000000741a00000|100%| O|  |TAMS 0x0000000741a00000, 0x0000000741800000| Untracked 
|  13|0x0000000741a00000, 0x0000000741c00000, 0x0000000741c00000|100%| O|  |TAMS 0x0000000741c00000, 0x0000000741a00000| Untracked 
|  14|0x0000000741c00000, 0x0000000741e00000, 0x0000000741e00000|100%| O|  |TAMS 0x0000000741e00000, 0x0000000741c00000| Untracked 
|  15|0x0000000741e00000, 0x0000000742000000, 0x0000000742000000|100%| O|  |TAMS 0x0000000742000000, 0x0000000741e00000| Untracked 
|  16|0x0000000742000000, 0x0000000742200000, 0x0000000742200000|100%| O|  |TAMS 0x0000000742200000, 0x0000000742000000| Untracked 
|  17|0x0000000742200000, 0x0000000742400000, 0x0000000742400000|100%| O|  |TAMS 0x0000000742400000, 0x0000000742200000| Untracked 
|  18|0x0000000742400000, 0x0000000742600000, 0x0000000742600000|100%| O|  |TAMS 0x0000000742600000, 0x0000000742400000| Untracked 
|  19|0x0000000742600000, 0x0000000742800000, 0x0000000742800000|100%| O|  |TAMS 0x0000000742800000, 0x0000000742600000| Untracked 
|  20|0x0000000742800000, 0x0000000742a00000, 0x0000000742a00000|100%| O|  |TAMS 0x0000000742a00000, 0x0000000742800000| Untracked 
|  21|0x0000000742a00000, 0x0000000742c00000, 0x0000000742c00000|100%|HS|  |TAMS 0x0000000742c00000, 0x0000000742a00000| Complete 
|  22|0x0000000742c00000, 0x0000000742e00000, 0x0000000742e00000|100%|HS|  |TAMS 0x0000000742e00000, 0x0000000742c00000| Complete 
|  23|0x0000000742e00000, 0x0000000743000000, 0x0000000743000000|100%|HS|  |TAMS 0x0000000743000000, 0x0000000742e00000| Complete 
|  24|0x0000000743000000, 0x0000000743200000, 0x0000000743200000|100%|HC|  |TAMS 0x0000000743200000, 0x0000000743000000| Complete 
|  25|0x0000000743200000, 0x0000000743400000, 0x0000000743400000|100%|HS|  |TAMS 0x0000000743400000, 0x0000000743200000| Complete 
|  26|0x0000000743400000, 0x0000000743600000, 0x0000000743600000|100%|HC|  |TAMS 0x0000000743600000, 0x0000000743400000| Complete 
|  27|0x0000000743600000, 0x0000000743800000, 0x0000000743800000|100%| O|  |TAMS 0x0000000743800000, 0x0000000743600000| Untracked 
|  28|0x0000000743800000, 0x0000000743a00000, 0x0000000743a00000|100%| O|  |TAMS 0x0000000743a00000, 0x0000000743800000| Untracked 
|  29|0x0000000743a00000, 0x0000000743c00000, 0x0000000743c00000|100%| O|  |TAMS 0x0000000743c00000, 0x0000000743a00000| Untracked 
|  30|0x0000000743c00000, 0x0000000743e00000, 0x0000000743e00000|100%| O|  |TAMS 0x0000000743e00000, 0x0000000743c00000| Untracked 
|  31|0x0000000743e00000, 0x0000000744000000, 0x0000000744000000|100%| O|  |TAMS 0x0000000744000000, 0x0000000743e00000| Untracked 
|  32|0x0000000744000000, 0x0000000744200000, 0x0000000744200000|100%| O|  |TAMS 0x0000000744200000, 0x0000000744000000| Untracked 
|  33|0x0000000744200000, 0x0000000744400000, 0x0000000744400000|100%| O|  |TAMS 0x0000000744400000, 0x0000000744200000| Untracked 
|  34|0x0000000744400000, 0x0000000744600000, 0x0000000744600000|100%| O|  |TAMS 0x0000000744600000, 0x0000000744400000| Untracked 
|  35|0x0000000744600000, 0x0000000744800000, 0x0000000744800000|100%| O|  |TAMS 0x0000000744800000, 0x0000000744600000| Untracked 
|  36|0x0000000744800000, 0x0000000744a00000, 0x0000000744a00000|100%| O|  |TAMS 0x0000000744a00000, 0x0000000744800000| Untracked 
|  37|0x0000000744a00000, 0x0000000744c00000, 0x0000000744c00000|100%| O|  |TAMS 0x0000000744c00000, 0x0000000744a00000| Untracked 
|  38|0x0000000744c00000, 0x0000000744e00000, 0x0000000744e00000|100%| O|  |TAMS 0x0000000744e00000, 0x0000000744c00000| Untracked 
|  39|0x0000000744e00000, 0x0000000745000000, 0x0000000745000000|100%| O|  |TAMS 0x0000000745000000, 0x0000000744e00000| Untracked 
|  40|0x0000000745000000, 0x0000000745200000, 0x0000000745200000|100%| O|  |TAMS 0x0000000745200000, 0x0000000745000000| Untracked 
|  41|0x0000000745200000, 0x0000000745400000, 0x0000000745400000|100%| O|  |TAMS 0x0000000745400000, 0x0000000745200000| Untracked 
|  42|0x0000000745400000, 0x0000000745600000, 0x0000000745600000|100%| O|  |TAMS 0x0000000745600000, 0x0000000745400000| Untracked 
|  43|0x0000000745600000, 0x0000000745800000, 0x0000000745800000|100%| O|  |TAMS 0x0000000745800000, 0x0000000745600000| Untracked 
|  44|0x0000000745800000, 0x0000000745a00000, 0x0000000745a00000|100%| O|  |TAMS 0x0000000745a00000, 0x0000000745800000| Untracked 
|  45|0x0000000745a00000, 0x0000000745c00000, 0x0000000745c00000|100%| O|  |TAMS 0x0000000745c00000, 0x0000000745a00000| Untracked 
|  46|0x0000000745c00000, 0x0000000745e00000, 0x0000000745e00000|100%| O|  |TAMS 0x0000000745e00000, 0x0000000745c00000| Untracked 
|  47|0x0000000745e00000, 0x0000000746000000, 0x0000000746000000|100%| O|  |TAMS 0x0000000746000000, 0x0000000745e00000| Untracked 
|  48|0x0000000746000000, 0x0000000746200000, 0x0000000746200000|100%| O|  |TAMS 0x0000000746000000, 0x0000000746000000| Untracked 
|  49|0x0000000746200000, 0x0000000746400000, 0x0000000746400000|100%| O|  |TAMS 0x0000000746400000, 0x0000000746200000| Untracked 
|  50|0x0000000746400000, 0x0000000746600000, 0x0000000746600000|100%| O|  |TAMS 0x0000000746600000, 0x0000000746400000| Untracked 
|  51|0x0000000746600000, 0x0000000746800000, 0x0000000746800000|100%| O|  |TAMS 0x0000000746800000, 0x0000000746600000| Untracked 
|  52|0x0000000746800000, 0x0000000746a00000, 0x0000000746a00000|100%| O|  |TAMS 0x0000000746a00000, 0x0000000746800000| Untracked 
|  53|0x0000000746a00000, 0x0000000746c00000, 0x0000000746c00000|100%| O|  |TAMS 0x0000000746c00000, 0x0000000746a00000| Untracked 
|  54|0x0000000746c00000, 0x0000000746e00000, 0x0000000746e00000|100%| O|  |TAMS 0x0000000746e00000, 0x0000000746c00000| Untracked 
|  55|0x0000000746e00000, 0x0000000747000000, 0x0000000747000000|100%| O|  |TAMS 0x0000000747000000, 0x0000000746e00000| Untracked 
|  56|0x0000000747000000, 0x0000000747200000, 0x0000000747200000|100%| O|  |TAMS 0x0000000747200000, 0x0000000747000000| Untracked 
|  57|0x0000000747200000, 0x0000000747400000, 0x0000000747400000|100%| O|  |TAMS 0x0000000747400000, 0x0000000747200000| Untracked 
|  58|0x0000000747400000, 0x0000000747600000, 0x0000000747600000|100%| O|  |TAMS 0x0000000747600000, 0x0000000747400000| Untracked 
|  59|0x0000000747600000, 0x0000000747800000, 0x0000000747800000|100%| O|  |TAMS 0x0000000747800000, 0x0000000747600000| Untracked 
|  60|0x0000000747800000, 0x0000000747a00000, 0x0000000747a00000|100%| O|  |TAMS 0x0000000747a00000, 0x0000000747800000| Untracked 
|  61|0x0000000747a00000, 0x0000000747c00000, 0x0000000747c00000|100%| O|  |TAMS 0x0000000747c00000, 0x0000000747a00000| Untracked 
|  62|0x0000000747c00000, 0x0000000747e00000, 0x0000000747e00000|100%|HS|  |TAMS 0x0000000747e00000, 0x0000000747c00000| Complete 
|  63|0x0000000747e00000, 0x0000000748000000, 0x0000000748000000|100%|HS|  |TAMS 0x0000000748000000, 0x0000000747e00000| Complete 
|  64|0x0000000748000000, 0x0000000748200000, 0x0000000748200000|100%| O|  |TAMS 0x0000000748200000, 0x0000000748000000| Untracked 
|  65|0x0000000748200000, 0x0000000748400000, 0x0000000748400000|100%| O|  |TAMS 0x0000000748400000, 0x0000000748200000| Untracked 
|  66|0x0000000748400000, 0x0000000748600000, 0x0000000748600000|100%| O|  |TAMS 0x0000000748600000, 0x0000000748400000| Untracked 
|  67|0x0000000748600000, 0x0000000748800000, 0x0000000748800000|100%| O|  |TAMS 0x0000000748800000, 0x0000000748600000| Untracked 
|  68|0x0000000748800000, 0x0000000748a00000, 0x0000000748a00000|100%| O|  |TAMS 0x0000000748a00000, 0x0000000748800000| Untracked 
|  69|0x0000000748a00000, 0x0000000748c00000, 0x0000000748c00000|100%| O|  |TAMS 0x0000000748c00000, 0x0000000748a00000| Untracked 
|  70|0x0000000748c00000, 0x0000000748e00000, 0x0000000748e00000|100%| O|  |TAMS 0x0000000748e00000, 0x0000000748c00000| Untracked 
|  71|0x0000000748e00000, 0x0000000749000000, 0x0000000749000000|100%| O|  |TAMS 0x0000000749000000, 0x0000000748e00000| Untracked 
|  72|0x0000000749000000, 0x0000000749200000, 0x0000000749200000|100%| O|  |TAMS 0x0000000749200000, 0x0000000749000000| Untracked 
|  73|0x0000000749200000, 0x0000000749400000, 0x0000000749400000|100%| O|  |TAMS 0x0000000749400000, 0x0000000749200000| Untracked 
|  74|0x0000000749400000, 0x0000000749600000, 0x0000000749600000|100%| O|  |TAMS 0x0000000749600000, 0x0000000749400000| Untracked 
|  75|0x0000000749600000, 0x0000000749800000, 0x0000000749800000|100%| O|  |TAMS 0x0000000749800000, 0x0000000749600000| Untracked 
|  76|0x0000000749800000, 0x0000000749a00000, 0x0000000749a00000|100%| O|  |TAMS 0x00000007499ec600, 0x0000000749800000| Complete 
|  77|0x0000000749a00000, 0x0000000749c00000, 0x0000000749c00000|100%| O|  |TAMS 0x0000000749a00000, 0x0000000749a00000| Untracked 
|  78|0x0000000749c00000, 0x0000000749e00000, 0x0000000749e00000|100%| O|  |TAMS 0x0000000749e00000, 0x0000000749c00000| Untracked 
|  79|0x0000000749e00000, 0x000000074a000000, 0x000000074a000000|100%| O|  |TAMS 0x000000074a000000, 0x0000000749e00000| Untracked 
|  80|0x000000074a000000, 0x000000074a200000, 0x000000074a200000|100%| O|  |TAMS 0x000000074a000000, 0x000000074a000000| Untracked 
|  81|0x000000074a200000, 0x000000074a400000, 0x000000074a400000|100%| O|  |TAMS 0x000000074a200000, 0x000000074a200000| Untracked 
|  82|0x000000074a400000, 0x000000074a600000, 0x000000074a600000|100%|HS|  |TAMS 0x000000074a400000, 0x000000074a400000| Complete 
|  83|0x000000074a600000, 0x000000074a800000, 0x000000074a800000|100%|HC|  |TAMS 0x000000074a600000, 0x000000074a600000| Complete 
|  84|0x000000074a800000, 0x000000074aa00000, 0x000000074aa00000|100%|HS|  |TAMS 0x000000074a800000, 0x000000074a800000| Complete 
|  85|0x000000074aa00000, 0x000000074ac00000, 0x000000074ac00000|100%|HC|  |TAMS 0x000000074aa00000, 0x000000074aa00000| Complete 
|  86|0x000000074ac00000, 0x000000074ae00000, 0x000000074ae00000|100%| O|  |TAMS 0x000000074ac00000, 0x000000074ac00000| Untracked 
|  87|0x000000074ae00000, 0x000000074b000000, 0x000000074b000000|100%| O|  |TAMS 0x000000074ae00000, 0x000000074ae00000| Untracked 
|  88|0x000000074b000000, 0x000000074b200000, 0x000000074b200000|100%| O|  |TAMS 0x000000074b000000, 0x000000074b000000| Untracked 
|  89|0x000000074b200000, 0x000000074b400000, 0x000000074b400000|100%| O|  |TAMS 0x000000074b200000, 0x000000074b200000| Untracked 
|  90|0x000000074b400000, 0x000000074b600000, 0x000000074b600000|100%| O|  |TAMS 0x000000074b400000, 0x000000074b400000| Untracked 
|  91|0x000000074b600000, 0x000000074b800000, 0x000000074b800000|100%| O|  |TAMS 0x000000074b600000, 0x000000074b600000| Untracked 
|  92|0x000000074b800000, 0x000000074ba00000, 0x000000074ba00000|100%| O|  |TAMS 0x000000074b800000, 0x000000074b800000| Untracked 
|  93|0x000000074ba00000, 0x000000074bc00000, 0x000000074bc00000|100%| O|  |TAMS 0x000000074ba00000, 0x000000074ba00000| Untracked 
|  94|0x000000074bc00000, 0x000000074be00000, 0x000000074be00000|100%|HS|  |TAMS 0x000000074bc00000, 0x000000074bc00000| Complete 
|  95|0x000000074be00000, 0x000000074c000000, 0x000000074c000000|100%|HS|  |TAMS 0x000000074be00000, 0x000000074be00000| Complete 
|  96|0x000000074c000000, 0x000000074c200000, 0x000000074c200000|100%|HS|  |TAMS 0x000000074c000000, 0x000000074c000000| Complete 
|  97|0x000000074c200000, 0x000000074c400000, 0x000000074c400000|100%| O|  |TAMS 0x000000074c200000, 0x000000074c200000| Untracked 
|  98|0x000000074c400000, 0x000000074c600000, 0x000000074c600000|100%| O|  |TAMS 0x000000074c400000, 0x000000074c400000| Untracked 
|  99|0x000000074c600000, 0x000000074c800000, 0x000000074c800000|100%| O|  |TAMS 0x000000074c600000, 0x000000074c600000| Untracked 
| 100|0x000000074c800000, 0x000000074ca00000, 0x000000074ca00000|100%| O|  |TAMS 0x000000074c800000, 0x000000074c800000| Untracked 
| 101|0x000000074ca00000, 0x000000074cc00000, 0x000000074cc00000|100%| O|  |TAMS 0x000000074ca00000, 0x000000074ca00000| Untracked 
| 102|0x000000074cc00000, 0x000000074ce00000, 0x000000074ce00000|100%| O|  |TAMS 0x000000074cc00000, 0x000000074cc00000| Untracked 
| 103|0x000000074ce00000, 0x000000074d000000, 0x000000074d000000|100%| O|  |TAMS 0x000000074ce00000, 0x000000074ce00000| Untracked 
| 104|0x000000074d000000, 0x000000074d032a00, 0x000000074d200000|  9%| O|  |TAMS 0x000000074d000000, 0x000000074d000000| Untracked 
| 105|0x000000074d200000, 0x000000074d200000, 0x000000074d400000|  0%| F|  |TAMS 0x000000074d200000, 0x000000074d200000| Untracked 
| 106|0x000000074d400000, 0x000000074d400000, 0x000000074d600000|  0%| F|  |TAMS 0x000000074d400000, 0x000000074d400000| Untracked 
| 107|0x000000074d600000, 0x000000074d600000, 0x000000074d800000|  0%| F|  |TAMS 0x000000074d600000, 0x000000074d600000| Untracked 
| 108|0x000000074d800000, 0x000000074d800000, 0x000000074da00000|  0%| F|  |TAMS 0x000000074d800000, 0x000000074d800000| Untracked 
| 109|0x000000074da00000, 0x000000074da00000, 0x000000074dc00000|  0%| F|  |TAMS 0x000000074da00000, 0x000000074da00000| Untracked 
| 110|0x000000074dc00000, 0x000000074dc00000, 0x000000074de00000|  0%| F|  |TAMS 0x000000074dc00000, 0x000000074dc00000| Untracked 
| 111|0x000000074de00000, 0x000000074de00000, 0x000000074e000000|  0%| F|  |TAMS 0x000000074de00000, 0x000000074de00000| Untracked 
| 112|0x000000074e000000, 0x000000074e000000, 0x000000074e200000|  0%| F|  |TAMS 0x000000074e000000, 0x000000074e000000| Untracked 
| 113|0x000000074e200000, 0x000000074e200000, 0x000000074e400000|  0%| F|  |TAMS 0x000000074e200000, 0x000000074e200000| Untracked 
| 114|0x000000074e400000, 0x000000074e400000, 0x000000074e600000|  0%| F|  |TAMS 0x000000074e400000, 0x000000074e400000| Untracked 
| 115|0x000000074e600000, 0x000000074e600000, 0x000000074e800000|  0%| F|  |TAMS 0x000000074e600000, 0x000000074e600000| Untracked 
| 116|0x000000074e800000, 0x000000074e800000, 0x000000074ea00000|  0%| F|  |TAMS 0x000000074e800000, 0x000000074e800000| Untracked 
| 117|0x000000074ea00000, 0x000000074ea00000, 0x000000074ec00000|  0%| F|  |TAMS 0x000000074ea00000, 0x000000074ea00000| Untracked 
| 118|0x000000074ec00000, 0x000000074ec00000, 0x000000074ee00000|  0%| F|  |TAMS 0x000000074ec00000, 0x000000074ec00000| Untracked 
| 119|0x000000074ee00000, 0x000000074ee00000, 0x000000074f000000|  0%| F|  |TAMS 0x000000074ee00000, 0x000000074ee00000| Untracked 
| 120|0x000000074f000000, 0x000000074f000000, 0x000000074f200000|  0%| F|  |TAMS 0x000000074f000000, 0x000000074f000000| Untracked 
| 121|0x000000074f200000, 0x000000074f200000, 0x000000074f400000|  0%| F|  |TAMS 0x000000074f200000, 0x000000074f200000| Untracked 
| 122|0x000000074f400000, 0x000000074f400000, 0x000000074f600000|  0%| F|  |TAMS 0x000000074f400000, 0x000000074f400000| Untracked 
| 123|0x000000074f600000, 0x000000074f600000, 0x000000074f800000|  0%| F|  |TAMS 0x000000074f600000, 0x000000074f600000| Untracked 
| 124|0x000000074f800000, 0x000000074f800000, 0x000000074fa00000|  0%| F|  |TAMS 0x000000074f800000, 0x000000074f800000| Untracked 
| 125|0x000000074fa00000, 0x000000074fa00000, 0x000000074fc00000|  0%| F|  |TAMS 0x000000074fa00000, 0x000000074fa00000| Untracked 
| 126|0x000000074fc00000, 0x000000074fc00000, 0x000000074fe00000|  0%| F|  |TAMS 0x000000074fc00000, 0x000000074fc00000| Untracked 
| 127|0x000000074fe00000, 0x000000074fe00000, 0x0000000750000000|  0%| F|  |TAMS 0x000000074fe00000, 0x000000074fe00000| Untracked 
| 128|0x0000000750000000, 0x0000000750000000, 0x0000000750200000|  0%| F|  |TAMS 0x0000000750000000, 0x0000000750000000| Untracked 
| 129|0x0000000750200000, 0x0000000750200000, 0x0000000750400000|  0%| F|  |TAMS 0x0000000750200000, 0x0000000750200000| Untracked 
| 130|0x0000000750400000, 0x0000000750400000, 0x0000000750600000|  0%| F|  |TAMS 0x0000000750400000, 0x0000000750400000| Untracked 
| 131|0x0000000750600000, 0x0000000750600000, 0x0000000750800000|  0%| F|  |TAMS 0x0000000750600000, 0x0000000750600000| Untracked 
| 132|0x0000000750800000, 0x0000000750800000, 0x0000000750a00000|  0%| F|  |TAMS 0x0000000750800000, 0x0000000750800000| Untracked 
| 133|0x0000000750a00000, 0x0000000750a00000, 0x0000000750c00000|  0%| F|  |TAMS 0x0000000750a00000, 0x0000000750a00000| Untracked 
| 134|0x0000000750c00000, 0x0000000750e00000, 0x0000000750e00000|100%| S|CS|TAMS 0x0000000750c00000, 0x0000000750c00000| Complete 
| 135|0x0000000750e00000, 0x0000000751000000, 0x0000000751000000|100%| S|CS|TAMS 0x0000000750e00000, 0x0000000750e00000| Complete 
| 136|0x0000000751000000, 0x0000000751200000, 0x0000000751200000|100%| S|CS|TAMS 0x0000000751000000, 0x0000000751000000| Complete 
| 137|0x0000000751200000, 0x0000000751400000, 0x0000000751400000|100%| S|CS|TAMS 0x0000000751200000, 0x0000000751200000| Complete 
| 138|0x0000000751400000, 0x0000000751400000, 0x0000000751600000|  0%| F|  |TAMS 0x0000000751400000, 0x0000000751400000| Untracked 
| 139|0x0000000751600000, 0x0000000751600000, 0x0000000751800000|  0%| F|  |TAMS 0x0000000751600000, 0x0000000751600000| Untracked 
| 140|0x0000000751800000, 0x0000000751800000, 0x0000000751a00000|  0%| F|  |TAMS 0x0000000751800000, 0x0000000751800000| Untracked 
| 141|0x0000000751a00000, 0x0000000751a00000, 0x0000000751c00000|  0%| F|  |TAMS 0x0000000751a00000, 0x0000000751a00000| Untracked 
| 142|0x0000000751c00000, 0x0000000751c00000, 0x0000000751e00000|  0%| F|  |TAMS 0x0000000751c00000, 0x0000000751c00000| Untracked 
| 143|0x0000000751e00000, 0x0000000751e00000, 0x0000000752000000|  0%| F|  |TAMS 0x0000000751e00000, 0x0000000751e00000| Untracked 
| 144|0x0000000752000000, 0x0000000752000000, 0x0000000752200000|  0%| F|  |TAMS 0x0000000752000000, 0x0000000752000000| Untracked 
| 145|0x0000000752200000, 0x0000000752200000, 0x0000000752400000|  0%| F|  |TAMS 0x0000000752200000, 0x0000000752200000| Untracked 
| 146|0x0000000752400000, 0x0000000752400000, 0x0000000752600000|  0%| F|  |TAMS 0x0000000752400000, 0x0000000752400000| Untracked 
| 147|0x0000000752600000, 0x0000000752600000, 0x0000000752800000|  0%| F|  |TAMS 0x0000000752600000, 0x0000000752600000| Untracked 
| 148|0x0000000752800000, 0x0000000752800000, 0x0000000752a00000|  0%| F|  |TAMS 0x0000000752800000, 0x0000000752800000| Untracked 
| 149|0x0000000752a00000, 0x0000000752a00000, 0x0000000752c00000|  0%| F|  |TAMS 0x0000000752a00000, 0x0000000752a00000| Untracked 
| 150|0x0000000752c00000, 0x0000000752c00000, 0x0000000752e00000|  0%| F|  |TAMS 0x0000000752c00000, 0x0000000752c00000| Untracked 
| 151|0x0000000752e00000, 0x0000000752e00000, 0x0000000753000000|  0%| F|  |TAMS 0x0000000752e00000, 0x0000000752e00000| Untracked 
| 152|0x0000000753000000, 0x0000000753000000, 0x0000000753200000|  0%| F|  |TAMS 0x0000000753000000, 0x0000000753000000| Untracked 
| 153|0x0000000753200000, 0x0000000753200000, 0x0000000753400000|  0%| F|  |TAMS 0x0000000753200000, 0x0000000753200000| Untracked 
| 154|0x0000000753400000, 0x0000000753400000, 0x0000000753600000|  0%| F|  |TAMS 0x0000000753400000, 0x0000000753400000| Untracked 
| 155|0x0000000753600000, 0x0000000753600000, 0x0000000753800000|  0%| F|  |TAMS 0x0000000753600000, 0x0000000753600000| Untracked 
| 156|0x0000000753800000, 0x0000000753800000, 0x0000000753a00000|  0%| F|  |TAMS 0x0000000753800000, 0x0000000753800000| Untracked 
| 157|0x0000000753a00000, 0x0000000753a00000, 0x0000000753c00000|  0%| F|  |TAMS 0x0000000753a00000, 0x0000000753a00000| Untracked 
| 158|0x0000000753c00000, 0x0000000753c00000, 0x0000000753e00000|  0%| F|  |TAMS 0x0000000753c00000, 0x0000000753c00000| Untracked 
| 159|0x0000000753e00000, 0x0000000753e00000, 0x0000000754000000|  0%| F|  |TAMS 0x0000000753e00000, 0x0000000753e00000| Untracked 
| 160|0x0000000754000000, 0x0000000754000000, 0x0000000754200000|  0%| F|  |TAMS 0x0000000754000000, 0x0000000754000000| Untracked 
| 161|0x0000000754200000, 0x0000000754200000, 0x0000000754400000|  0%| F|  |TAMS 0x0000000754200000, 0x0000000754200000| Untracked 
| 162|0x0000000754400000, 0x0000000754400000, 0x0000000754600000|  0%| F|  |TAMS 0x0000000754400000, 0x0000000754400000| Untracked 
| 163|0x0000000754600000, 0x0000000754600000, 0x0000000754800000|  0%| F|  |TAMS 0x0000000754600000, 0x0000000754600000| Untracked 
| 164|0x0000000754800000, 0x0000000754800000, 0x0000000754a00000|  0%| F|  |TAMS 0x0000000754800000, 0x0000000754800000| Untracked 
| 165|0x0000000754a00000, 0x0000000754a00000, 0x0000000754c00000|  0%| F|  |TAMS 0x0000000754a00000, 0x0000000754a00000| Untracked 
| 166|0x0000000754c00000, 0x0000000754c00000, 0x0000000754e00000|  0%| F|  |TAMS 0x0000000754c00000, 0x0000000754c00000| Untracked 
| 167|0x0000000754e00000, 0x0000000754e00000, 0x0000000755000000|  0%| F|  |TAMS 0x0000000754e00000, 0x0000000754e00000| Untracked 
| 168|0x0000000755000000, 0x0000000755000000, 0x0000000755200000|  0%| F|  |TAMS 0x0000000755000000, 0x0000000755000000| Untracked 

Card table byte_map: [0x000002777deb0000,0x000002777e4b0000] _byte_map_base: 0x000002777a4b0000

Marking Bits (Prev, Next): (CMBitMap*) 0x00000277794fc6e0, (CMBitMap*) 0x00000277794fc720
 Prev Bits: [0x000002770f000000, 0x0000027712000000)
 Next Bits: [0x0000027712000000, 0x0000027715000000)

Polling page: 0x00000277773e0000

Metaspace:

Usage:
  Non-class:     85.51 MB used.
      Class:     13.22 MB used.
       Both:     98.72 MB used.

Virtual space:
  Non-class space:      128.00 MB reserved,      86.00 MB ( 67%) committed,  2 nodes.
      Class space:        1.00 GB reserved,      13.62 MB (  1%) committed,  1 nodes.
             Both:        1.12 GB reserved,      99.62 MB (  9%) committed. 

Chunk freelists:
   Non-Class:  9.65 MB
       Class:  2.33 MB
        Both:  11.98 MB

MaxMetaspaceSize: unlimited
CompressedClassSpaceSize: 1.00 GB
Initial GC threshold: 21.00 MB
Current GC threshold: 165.94 MB
CDS: off
MetaspaceReclaimPolicy: balanced
 - commit_granule_bytes: 65536.
 - commit_granule_words: 8192.
 - virtual_space_node_default_size: 8388608.
 - enlarge_chunks_in_place: 1.
 - new_chunks_are_fully_committed: 0.
 - uncommit_free_chunks: 1.
 - use_allocation_guard: 0.
 - handle_deallocations: 1.


Internal statistics:

num_allocs_failed_limit: 9.
num_arena_births: 1338.
num_arena_deaths: 0.
num_vsnodes_births: 3.
num_vsnodes_deaths: 0.
num_space_committed: 1594.
num_space_uncommitted: 0.
num_chunks_returned_to_freelist: 9.
num_chunks_taken_from_freelist: 5224.
num_chunk_merges: 9.
num_chunk_splits: 3364.
num_chunks_enlarged: 2080.
num_inconsistent_stats: 0.

CodeHeap 'non-profiled nmethods': size=119168Kb used=8134Kb max_used=8427Kb free=111033Kb
 bounds [0x0000027707ba0000, 0x0000027708410000, 0x000002770f000000]
CodeHeap 'profiled nmethods': size=119104Kb used=26663Kb max_used=28394Kb free=92441Kb
 bounds [0x0000027700000000, 0x0000027701bc0000, 0x0000027707450000]
CodeHeap 'non-nmethods': size=7488Kb used=3624Kb max_used=4243Kb free=3863Kb
 bounds [0x0000027707450000, 0x0000027707890000, 0x0000027707ba0000]
 total_blobs=13538 nmethods=12567 adapters=879
 compilation: enabled
              stopped_count=0, restarted_count=0
 full_count=0

Compilation events (20 events):
Event: 23.197 Thread 0x000002771ffe85e0 nmethod 14873 0x0000027700e90b90 code [0x0000027700e90e00, 0x0000027700e91698]
Event: 23.197 Thread 0x000002771ffe75f0 nmethod 14874 0x0000027700042990 code [0x0000027700042c00, 0x0000027700043438]
Event: 23.202 Thread 0x000002777fc85830 14876       3       org.gradle.api.internal.tasks.compile.incremental.recomp.DefaultSourceFileClassNameConverter$$Lambda$1665/0x0000000800da5c50::apply (8 bytes)
Event: 23.202 Thread 0x000002771ffe85e0 14877       3       org.gradle.api.internal.tasks.compile.incremental.recomp.DefaultSourceFileClassNameConverter::lambda$constructReverseMapping$0 (8 bytes)
Event: 23.202 Thread 0x000002777fc810f0 nmethod 14867 0x0000027707fa4490 code [0x0000027707fa4700, 0x0000027707fa58d8]
Event: 23.202 Thread 0x000002771ffe85e0 nmethod 14877 0x000002770039c610 code [0x000002770039c7e0, 0x000002770039cc98]
Event: 23.202 Thread 0x000002777fc85830 nmethod 14876 0x00000277000f4390 code [0x00000277000f4580, 0x00000277000f4bb8]
Event: 23.202 Thread 0x000002777fc810f0 14875       4       java.util.HashSet::iterator (13 bytes)
Event: 23.209 Thread 0x000002777fc810f0 nmethod 14875 0x0000027707f9b590 code [0x0000027707f9b740, 0x0000027707f9bf58]
Event: 23.210 Thread 0x000002777fc810f0 14863   !   4       org.gradle.internal.serialize.kryo.KryoBackedDecoder::readInt (15 bytes)
Event: 23.210 Thread 0x000002777fc85830 14878       3       com.google.common.collect.HashBiMap::insert (188 bytes)
Event: 23.211 Thread 0x000002777fc85830 nmethod 14878 0x0000027701688910 code [0x0000027701688b20, 0x0000027701689658]
Event: 23.211 Thread 0x000002777fc85830 14879       3       org.gradle.api.internal.tasks.compile.incremental.serialization.HierarchicalNameSerializer::readName (51 bytes)
Event: 23.212 Thread 0x000002777fc85830 nmethod 14879 0x000002770014f110 code [0x000002770014f340, 0x000002770014fd78]
Event: 23.213 Thread 0x000002777fc810f0 nmethod 14863 0x0000027707d8e390 code [0x0000027707d8e540, 0x0000027707d8ea88]
Event: 23.213 Thread 0x000002777fc810f0 14880       4       org.gradle.api.internal.tasks.compile.incremental.compilerapi.deps.DependentSetSerializer::read (198 bytes)
Event: 23.220 Thread 0x000002777fc85830 14882   !   2       java.util.concurrent.ConcurrentHashMap::putVal (432 bytes)
Event: 23.221 Thread 0x000002777fc85830 nmethod 14882 0x0000027700019790 code [0x0000027700019a80, 0x000002770001acc8]
Event: 23.231 Thread 0x000002771ffe85e0 14884       3       com.esotericsoftware.kryo.io.Input::readUtf8 (90 bytes)
Event: 23.232 Thread 0x000002771ffe85e0 nmethod 14884 0x0000027700706610 code [0x00000277007067e0, 0x0000027700706c18]

GC Heap History (20 events):
Event: 12.418 GC heap after
{Heap after GC invocations=50 (full 0):
 garbage-first heap   total 188416K, used 104426K [0x0000000740000000, 0x0000000800000000)
  region size 2048K, 3 young (6144K), 3 survivors (6144K)
 Metaspace       used 96178K, committed 97024K, reserved 1179648K
  class space    used 12930K, committed 13312K, reserved 1048576K
}
Event: 13.181 GC heap before
{Heap before GC invocations=50 (full 0):
 garbage-first heap   total 188416K, used 149482K [0x0000000740000000, 0x0000000800000000)
  region size 2048K, 26 young (53248K), 3 survivors (6144K)
 Metaspace       used 96262K, committed 97088K, reserved 1179648K
  class space    used 12930K, committed 13312K, reserved 1048576K
}
Event: 13.184 GC heap after
{Heap after GC invocations=51 (full 0):
 garbage-first heap   total 227328K, used 105197K [0x0000000740000000, 0x0000000800000000)
  region size 2048K, 2 young (4096K), 2 survivors (4096K)
 Metaspace       used 96262K, committed 97088K, reserved 1179648K
  class space    used 12930K, committed 13312K, reserved 1048576K
}
Event: 14.466 GC heap before
{Heap before GC invocations=52 (full 0):
 garbage-first heap   total 227328K, used 185069K [0x0000000740000000, 0x0000000800000000)
  region size 2048K, 41 young (83968K), 2 survivors (4096K)
 Metaspace       used 97820K, committed 98688K, reserved 1179648K
  class space    used 13095K, committed 13504K, reserved 1048576K
}
Event: 14.468 GC heap after
{Heap after GC invocations=53 (full 0):
 garbage-first heap   total 227328K, used 107310K [0x0000000740000000, 0x0000000800000000)
  region size 2048K, 3 young (6144K), 3 survivors (6144K)
 Metaspace       used 97820K, committed 98688K, reserved 1179648K
  class space    used 13095K, committed 13504K, reserved 1048576K
}
Event: 21.335 GC heap before
{Heap before GC invocations=53 (full 0):
 garbage-first heap   total 227328K, used 189230K [0x0000000740000000, 0x0000000800000000)
  region size 2048K, 44 young (90112K), 3 survivors (6144K)
 Metaspace       used 100434K, committed 101312K, reserved 1179648K
  class space    used 13433K, committed 13824K, reserved 1048576K
}
Event: 21.338 GC heap after
{Heap after GC invocations=54 (full 0):
 garbage-first heap   total 227328K, used 108692K [0x0000000740000000, 0x0000000800000000)
  region size 2048K, 4 young (8192K), 4 survivors (8192K)
 Metaspace       used 100434K, committed 101312K, reserved 1179648K
  class space    used 13433K, committed 13824K, reserved 1048576K
}
Event: 22.249 GC heap before
{Heap before GC invocations=55 (full 0):
 garbage-first heap   total 227328K, used 190612K [0x0000000740000000, 0x0000000800000000)
  region size 2048K, 44 young (90112K), 4 survivors (8192K)
 Metaspace       used 100661K, committed 101568K, reserved 1179648K
  class space    used 13472K, committed 13888K, reserved 1048576K
}
Event: 22.253 GC heap after
{Heap after GC invocations=56 (full 0):
 garbage-first heap   total 227328K, used 112005K [0x0000000740000000, 0x0000000800000000)
  region size 2048K, 5 young (10240K), 5 survivors (10240K)
 Metaspace       used 100661K, committed 101568K, reserved 1179648K
  class space    used 13472K, committed 13888K, reserved 1048576K
}
Event: 22.428 GC heap before
{Heap before GC invocations=56 (full 0):
 garbage-first heap   total 227328K, used 177541K [0x0000000740000000, 0x0000000800000000)
  region size 2048K, 38 young (77824K), 5 survivors (10240K)
 Metaspace       used 101007K, committed 101952K, reserved 1179648K
  class space    used 13516K, committed 13952K, reserved 1048576K
}
Event: 22.442 GC heap after
{Heap after GC invocations=57 (full 0):
 garbage-first heap   total 227328K, used 137666K [0x0000000740000000, 0x0000000800000000)
  region size 2048K, 6 young (12288K), 6 survivors (12288K)
 Metaspace       used 101007K, committed 101952K, reserved 1179648K
  class space    used 13516K, committed 13952K, reserved 1048576K
}
Event: 22.554 GC heap before
{Heap before GC invocations=58 (full 0):
 garbage-first heap   total 274432K, used 180674K [0x0000000740000000, 0x0000000800000000)
  region size 2048K, 25 young (51200K), 6 survivors (12288K)
 Metaspace       used 101009K, committed 101952K, reserved 1179648K
  class space    used 13516K, committed 13952K, reserved 1048576K
}
Event: 22.567 GC heap after
{Heap after GC invocations=59 (full 0):
 garbage-first heap   total 274432K, used 158190K [0x0000000740000000, 0x0000000800000000)
  region size 2048K, 4 young (8192K), 4 survivors (8192K)
 Metaspace       used 101009K, committed 101952K, reserved 1179648K
  class space    used 13516K, committed 13952K, reserved 1048576K
}
Event: 22.577 GC heap before
{Heap before GC invocations=59 (full 0):
 garbage-first heap   total 274432K, used 162286K [0x0000000740000000, 0x0000000800000000)
  region size 2048K, 6 young (12288K), 4 survivors (8192K)
 Metaspace       used 101009K, committed 101952K, reserved 1179648K
  class space    used 13516K, committed 13952K, reserved 1048576K
}
Event: 22.583 GC heap after
{Heap after GC invocations=60 (full 0):
 garbage-first heap   total 274432K, used 161713K [0x0000000740000000, 0x0000000800000000)
  region size 2048K, 1 young (2048K), 1 survivors (2048K)
 Metaspace       used 101009K, committed 101952K, reserved 1179648K
  class space    used 13516K, committed 13952K, reserved 1048576K
}
Event: 22.630 GC heap before
{Heap before GC invocations=60 (full 0):
 garbage-first heap   total 274432K, used 182193K [0x0000000740000000, 0x0000000800000000)
  region size 2048K, 12 young (24576K), 1 survivors (2048K)
 Metaspace       used 101009K, committed 101952K, reserved 1179648K
  class space    used 13516K, committed 13952K, reserved 1048576K
}
Event: 22.637 GC heap after
{Heap after GC invocations=61 (full 0):
 garbage-first heap   total 274432K, used 172741K [0x0000000740000000, 0x0000000800000000)
  region size 2048K, 3 young (6144K), 3 survivors (6144K)
 Metaspace       used 101009K, committed 101952K, reserved 1179648K
  class space    used 13516K, committed 13952K, reserved 1048576K
}
Event: 22.757 GC heap before
{Heap before GC invocations=61 (full 0):
 garbage-first heap   total 346112K, used 217797K [0x0000000740000000, 0x0000000800000000)
  region size 2048K, 21 young (43008K), 3 survivors (6144K)
 Metaspace       used 101009K, committed 101952K, reserved 1179648K
  class space    used 13516K, committed 13952K, reserved 1048576K
}
Event: 22.768 GC heap after
{Heap after GC invocations=62 (full 0):
 garbage-first heap   total 346112K, used 196999K [0x0000000740000000, 0x0000000800000000)
  region size 2048K, 3 young (6144K), 3 survivors (6144K)
 Metaspace       used 101009K, committed 101952K, reserved 1179648K
  class space    used 13516K, committed 13952K, reserved 1048576K
}
Event: 23.238 GC heap before
{Heap before GC invocations=63 (full 0):
 garbage-first heap   total 346112K, used 260487K [0x0000000740000000, 0x0000000800000000)
  region size 2048K, 31 young (63488K), 3 survivors (6144K)
 Metaspace       used 101093K, committed 102016K, reserved 1179648K
  class space    used 13534K, committed 13952K, reserved 1048576K
}

Dll operation events (4 events):
Event: 0.007 Loaded shared library C:\Users\27439\.jdks\jbr-17.0.9\bin\java.dll
Event: 0.042 Loaded shared library C:\Users\27439\.jdks\jbr-17.0.9\bin\jsvml.dll
Event: 0.251 Loaded shared library C:\Users\27439\.jdks\jbr-17.0.9\bin\zip.dll
Event: 0.504 Loaded shared library C:\Users\27439\.jdks\jbr-17.0.9\bin\verify.dll

Deoptimization events (20 events):
Event: 23.210 Thread 0x0000027723328650 Uncommon trap: trap_request=0xffffff45 fr.pc=0x00000277083e1960 relative=0x0000000000006520
Event: 23.210 Thread 0x0000027723328650 Uncommon trap: reason=unstable_if action=reinterpret pc=0x00000277083e1960 method=com.google.common.collect.HashBiMap.insert(Lcom/google/common/collect/HashBiMap$BiEntry;Lcom/google/common/collect/HashBiMap$BiEntry;)V @ 78 c2
Event: 23.210 Thread 0x0000027723328650 DEOPT PACKING pc=0x00000277083e1960 sp=0x000000c5074fe510
Event: 23.210 Thread 0x0000027723328650 DEOPT UNPACKING pc=0x00000277074a69a3 sp=0x000000c5074fe2f8 mode 2
Event: 23.215 Thread 0x000002772332f0a0 Uncommon trap: trap_request=0xffffff45 fr.pc=0x0000027707f4cd80 relative=0x0000000000000140
Event: 23.215 Thread 0x000002772332f0a0 Uncommon trap: reason=unstable_if action=reinterpret pc=0x0000027707f4cd80 method=java.util.concurrent.ConcurrentHashMap.addCount(JI)V @ 110 c2
Event: 23.215 Thread 0x000002772332f0a0 DEOPT PACKING pc=0x0000027707f4cd80 sp=0x000000c5133fe2c0
Event: 23.215 Thread 0x000002772332f0a0 DEOPT UNPACKING pc=0x00000277074a69a3 sp=0x000000c5133fe248 mode 2
Event: 23.231 Thread 0x0000027723328650 Uncommon trap: trap_request=0xffffff45 fr.pc=0x0000027707c79f2c relative=0x00000000000004ec
Event: 23.231 Thread 0x0000027723328650 Uncommon trap: reason=unstable_if action=reinterpret pc=0x0000027707c79f2c method=com.esotericsoftware.kryo.io.Input.readUtf8(I)V @ 48 c2
Event: 23.231 Thread 0x0000027723328650 DEOPT PACKING pc=0x0000027707c79f2c sp=0x000000c5074fe510
Event: 23.231 Thread 0x0000027723328650 DEOPT UNPACKING pc=0x00000277074a69a3 sp=0x000000c5074fe4b0 mode 2
Event: 23.235 Thread 0x0000027723328650 Uncommon trap: trap_request=0xffffff45 fr.pc=0x00000277081b820c relative=0x0000000000004f8c
Event: 23.235 Thread 0x0000027723328650 Uncommon trap: reason=unstable_if action=reinterpret pc=0x00000277081b820c method=org.gradle.internal.io.StreamByteBuffer.allocateSpace()I @ 43 c2
Event: 23.235 Thread 0x0000027723328650 DEOPT PACKING pc=0x00000277081b820c sp=0x000000c5074fe7e0
Event: 23.235 Thread 0x0000027723328650 DEOPT UNPACKING pc=0x00000277074a69a3 sp=0x000000c5074fe530 mode 2
Event: 23.236 Thread 0x0000027723328650 Uncommon trap: trap_request=0xffffff45 fr.pc=0x0000027707fe6054 relative=0x00000000000006b4
Event: 23.236 Thread 0x0000027723328650 Uncommon trap: reason=unstable_if action=reinterpret pc=0x0000027707fe6054 method=org.gradle.internal.io.StreamByteBuffer.allocateSpace()I @ 43 c2
Event: 23.236 Thread 0x0000027723328650 DEOPT PACKING pc=0x0000027707fe6054 sp=0x000000c5074fe540
Event: 23.236 Thread 0x0000027723328650 DEOPT UNPACKING pc=0x00000277074a69a3 sp=0x000000c5074fe520 mode 2

Classes unloaded (0 events):
No events

Classes redefined (0 events):
No events

Internal exceptions (20 events):
Event: 14.640 Thread 0x000002771d948860 Exception <a 'sun/nio/fs/WindowsException'{0x000000074b798608}> (0x000000074b798608) 
thrown [s\src\hotspot\share\prims\jni.cpp, line 517]
Event: 14.642 Thread 0x000002771d948860 Exception <a 'sun/nio/fs/WindowsException'{0x000000074b7a6218}> (0x000000074b7a6218) 
thrown [s\src\hotspot\share\prims\jni.cpp, line 517]
Event: 14.646 Thread 0x0000027722a69f70 Exception <a 'java/lang/NoSuchMethodError'{0x000000074b40d1c8}: static Lorg/jetbrains/kotlin/daemon/common/LoopbackNetworkInterface$AbstractClientLoopbackSocketFactory;.<clinit>()V> (0x000000074b40d1c8) 
thrown [s\src\hotspot\share\prims\jni.cpp, line 1108]
Event: 14.647 Thread 0x0000027722a69f70 Exception <a 'java/lang/NoSuchMethodError'{0x000000074b418d08}: static Lorg/jetbrains/kotlin/daemon/common/LoopbackNetworkInterface$ClientLoopbackSocketFactory;.<clinit>()V> (0x000000074b418d08) 
thrown [s\src\hotspot\share\prims\jni.cpp, line 1108]
Event: 14.661 Thread 0x0000027722a69f70 Exception <a 'java/lang/NoSuchMethodError'{0x000000074b53ae08}: static [Ljava/rmi/server/ObjID;.<clinit>()V> (0x000000074b53ae08) 
thrown [s\src\hotspot\share\prims\jni.cpp, line 1108]
Event: 14.665 Thread 0x0000027722a69f70 Exception <a 'java/lang/NoSuchMethodError'{0x000000074b58f960}: static [B.<clinit>()V> (0x000000074b58f960) 
thrown [s\src\hotspot\share\prims\jni.cpp, line 1108]
Event: 14.668 Thread 0x0000027722a6a480 Exception <a 'java/lang/InterruptedException'{0x000000074b5c5c50}> (0x000000074b5c5c50) 
thrown [s\src\hotspot\share\runtime\objectMonitor.cpp, line 1658]
Event: 14.669 Thread 0x0000027722a6a480 Exception <a 'java/lang/NoSuchMethodError'{0x000000074b5ce390}: 'java.lang.Object java.lang.invoke.DirectMethodHandle$Holder.newInvokeSpecial(java.lang.Object, java.lang.Object, int, java.lang.Object, long)'> (0x000000074b5ce390) 
thrown [s\src\hotspot\share\interpreter\linkResolver.cpp, line 771]
Event: 14.676 Thread 0x000002771d94e380 Exception <a 'java/lang/NoSuchMethodError'{0x000000074b23e100}: 'java.lang.Object java.lang.invoke.DirectMethodHandle$Holder.invokeSpecial(java.lang.Object, java.lang.Object, java.lang.Object, java.lang.Object, int, java.lang.Object)'> (0x000000074b23e100) 
thrown [s\src\hotspot\share\interpreter\linkResolver.cpp, line 771]
Event: 14.678 Thread 0x000002771d94e380 Exception <a 'java/lang/NoSuchMethodError'{0x000000074b242140}: 'java.lang.Object java.lang.invoke.Invokers$Holder.invokeExact_MT(java.lang.Object, java.lang.Object, java.lang.Object, int, java.lang.Object, java.lang.Object)'> (0x000000074b242140) 
thrown [s\src\hotspot\share\interpreter\linkResolver.cpp, line 771]
Event: 14.681 Thread 0x0000027722a69f70 Exception <a 'java/lang/NoSuchMethodError'{0x000000074b239a48}: static Lorg/jetbrains/kotlin/daemon/common/CompileService$CallResult;.<clinit>()V> (0x000000074b239a48) 
thrown [s\src\hotspot\share\prims\jni.cpp, line 1108]
Event: 14.682 Thread 0x0000027722a69f70 Exception <a 'java/lang/NoSuchMethodError'{0x000000074b2705d8}: static Lorg/jetbrains/kotlin/daemon/common/CompileService$CallResult$Good;.<clinit>()V> (0x000000074b2705d8) 
thrown [s\src\hotspot\share\prims\jni.cpp, line 1108]
Event: 14.684 Thread 0x000002771d94e380 Exception <a 'sun/nio/fs/WindowsException'{0x000000074b299878}> (0x000000074b299878) 
thrown [s\src\hotspot\share\prims\jni.cpp, line 517]
Event: 14.684 Thread 0x0000027722a69f70 Exception <a 'java/lang/NoSuchMethodError'{0x000000074b27d860}: static Lorg/jetbrains/kotlin/daemon/common/DaemonJVMOptions;.<clinit>()V> (0x000000074b27d860) 
thrown [s\src\hotspot\share\prims\jni.cpp, line 1108]
Event: 14.689 Thread 0x000002771d94e380 Exception <a 'sun/nio/fs/WindowsException'{0x000000074b2daa60}> (0x000000074b2daa60) 
thrown [s\src\hotspot\share\prims\jni.cpp, line 517]
Event: 14.692 Thread 0x0000027722a69f70 Exception <a 'java/lang/NoSuchMethodError'{0x000000074b2ef778}: static Lorg/jetbrains/kotlin/daemon/common/CompileService$CallResult$Ok;.<clinit>()V> (0x000000074b2ef778) 
thrown [s\src\hotspot\share\prims\jni.cpp, line 1108]
Event: 14.716 Thread 0x0000027722a69f70 Exception <a 'java/lang/NoSuchMethodError'{0x000000074b0e2cb8}: static [Ljava/lang/Integer;.<clinit>()V> (0x000000074b0e2cb8) 
thrown [s\src\hotspot\share\prims\jni.cpp, line 1108]
Event: 21.341 Thread 0x0000027722a6a480 Implicit null exception at 0x0000027707bc28fe to 0x0000027707bc2b80
Event: 22.061 Thread 0x000002771f84a570 Exception <a 'java/lang/NoSuchMethodError'{0x000000074c9d79c8}: static Ljava/lang/Object;.<clinit>()V> (0x000000074c9d79c8) 
thrown [s\src\hotspot\share\prims\jni.cpp, line 1108]
Event: 22.176 Thread 0x000002771f84a570 Implicit null exception at 0x0000027707efba63 to 0x0000027707efbb1d

VM Operations (20 events):
Event: 22.253 Executing VM operation: G1CollectForAllocation done
Event: 22.428 Executing VM operation: G1TryInitiateConcMark
Event: 22.442 Executing VM operation: G1TryInitiateConcMark done
Event: 22.497 Executing VM operation: G1PauseRemark
Event: 22.503 Executing VM operation: G1PauseRemark done
Event: 22.525 Executing VM operation: G1PauseCleanup
Event: 22.525 Executing VM operation: G1PauseCleanup done
Event: 22.554 Executing VM operation: G1CollectForAllocation
Event: 22.567 Executing VM operation: G1CollectForAllocation done
Event: 22.577 Executing VM operation: G1CollectForAllocation
Event: 22.583 Executing VM operation: G1CollectForAllocation done
Event: 22.630 Executing VM operation: G1TryInitiateConcMark
Event: 22.637 Executing VM operation: G1TryInitiateConcMark done
Event: 22.720 Executing VM operation: G1PauseRemark
Event: 22.725 Executing VM operation: G1PauseRemark done
Event: 22.757 Executing VM operation: G1CollectForAllocation
Event: 22.768 Executing VM operation: G1CollectForAllocation done
Event: 22.770 Executing VM operation: G1PauseCleanup
Event: 22.770 Executing VM operation: G1PauseCleanup done
Event: 23.238 Executing VM operation: G1CollectForAllocation

Events (20 events):
Event: 22.281 Thread 0x0000027723328650 Thread added: 0x0000027723328650
Event: 22.307 loading class java/util/PrimitiveIterator$OfInt
Event: 22.308 loading class java/util/PrimitiveIterator
Event: 22.308 loading class java/util/PrimitiveIterator done
Event: 22.308 loading class java/util/PrimitiveIterator$OfInt done
Event: 23.203 Thread 0x000002772332eb90 Thread added: 0x000002772332eb90
Event: 23.203 Thread 0x0000027723329fa0 Thread added: 0x0000027723329fa0
Event: 23.203 Thread 0x000002772332d240 Thread added: 0x000002772332d240
Event: 23.203 Thread 0x000002772332b3e0 Thread added: 0x000002772332b3e0
Event: 23.204 Thread 0x0000027723329070 Thread added: 0x0000027723329070
Event: 23.204 Thread 0x000002772332aed0 Thread added: 0x000002772332aed0
Event: 23.204 Thread 0x0000027723329580 Thread added: 0x0000027723329580
Event: 23.204 Thread 0x000002772332d750 Thread added: 0x000002772332d750
Event: 23.204 Thread 0x000002772332e170 Thread added: 0x000002772332e170
Event: 23.204 Thread 0x000002772332e680 Thread added: 0x000002772332e680
Event: 23.204 Thread 0x000002772332a4b0 Thread added: 0x000002772332a4b0
Event: 23.204 Thread 0x000002772332f0a0 Thread added: 0x000002772332f0a0
Event: 23.204 Thread 0x0000027723327c30 Thread added: 0x0000027723327c30
Event: 23.204 Thread 0x000002772332a9c0 Thread added: 0x000002772332a9c0
Event: 23.204 Thread 0x000002772332f5b0 Thread added: 0x000002772332f5b0


Dynamic libraries:
0x00007ff6c3850000 - 0x00007ff6c385a000 	C:\Users\27439\.jdks\jbr-17.0.9\bin\java.exe
0x00007ffbc2670000 - 0x00007ffbc2887000 	C:\WINDOWS\SYSTEM32\ntdll.dll
0x00007ffbc0b00000 - 0x00007ffbc0bc4000 	C:\WINDOWS\System32\KERNEL32.DLL
0x00007ffbbfba0000 - 0x00007ffbbff4d000 	C:\WINDOWS\System32\KERNELBASE.dll
0x00007ffbc0280000 - 0x00007ffbc0391000 	C:\WINDOWS\System32\ucrtbase.dll
0x00007ffbb49d0000 - 0x00007ffbb49e7000 	C:\Users\27439\.jdks\jbr-17.0.9\bin\jli.dll
0x00007ffbb6c30000 - 0x00007ffbb6c4b000 	C:\Users\27439\.jdks\jbr-17.0.9\bin\VCRUNTIME140.dll
0x00007ffbc0950000 - 0x00007ffbc0afe000 	C:\WINDOWS\System32\USER32.dll
0x00007ffbbfb70000 - 0x00007ffbbfb96000 	C:\WINDOWS\System32\win32u.dll
0x00007ffba6a20000 - 0x00007ffba6cb3000 	C:\WINDOWS\WinSxS\amd64_microsoft.windows.common-controls_6595b64144ccf1df_6.0.22621.3672_none_2713b9d173822955\COMCTL32.dll
0x00007ffbc21f0000 - 0x00007ffbc2219000 	C:\WINDOWS\System32\GDI32.dll
0x00007ffbc0de0000 - 0x00007ffbc0e87000 	C:\WINDOWS\System32\msvcrt.dll
0x00007ffbc0160000 - 0x00007ffbc0279000 	C:\WINDOWS\System32\gdi32full.dll
0x00007ffbbff80000 - 0x00007ffbc001a000 	C:\WINDOWS\System32\msvcp_win.dll
0x00007ffbc1950000 - 0x00007ffbc1981000 	C:\WINDOWS\System32\IMM32.DLL
0x00007ffbb6c80000 - 0x00007ffbb6c8c000 	C:\Users\27439\.jdks\jbr-17.0.9\bin\vcruntime140_1.dll
0x00007ffb8f480000 - 0x00007ffb8f50d000 	C:\Users\27439\.jdks\jbr-17.0.9\bin\msvcp140.dll
0x00007ffb68b70000 - 0x00007ffb697f2000 	C:\Users\27439\.jdks\jbr-17.0.9\bin\server\jvm.dll
0x00007ffbc1fc0000 - 0x00007ffbc2072000 	C:\WINDOWS\System32\ADVAPI32.dll
0x00007ffbc2280000 - 0x00007ffbc2329000 	C:\WINDOWS\System32\sechost.dll
0x00007ffbbff50000 - 0x00007ffbbff78000 	C:\WINDOWS\System32\bcrypt.dll
0x00007ffbc0c50000 - 0x00007ffbc0d64000 	C:\WINDOWS\System32\RPCRT4.dll
0x00007ffbb7c30000 - 0x00007ffbb7c64000 	C:\WINDOWS\SYSTEM32\WINMM.dll
0x00007ffbbeb80000 - 0x00007ffbbebcd000 	C:\WINDOWS\SYSTEM32\POWRPROF.dll
0x00007ffb8ce50000 - 0x00007ffb8ce59000 	C:\WINDOWS\SYSTEM32\WSOCK32.dll
0x00007ffbb7b20000 - 0x00007ffbb7b2a000 	C:\WINDOWS\SYSTEM32\VERSION.dll
0x00007ffbc0bd0000 - 0x00007ffbc0c41000 	C:\WINDOWS\System32\WS2_32.dll
0x00007ffbbeb60000 - 0x00007ffbbeb73000 	C:\WINDOWS\SYSTEM32\UMPDC.dll
0x00007ffbbe9f0000 - 0x00007ffbbea08000 	C:\WINDOWS\SYSTEM32\kernel.appcore.dll
0x00007ffbb53a0000 - 0x00007ffbb53aa000 	C:\Users\27439\.jdks\jbr-17.0.9\bin\jimage.dll
0x00007ffbb2ea0000 - 0x00007ffbb30d2000 	C:\WINDOWS\SYSTEM32\DBGHELP.DLL
0x00007ffbc03a0000 - 0x00007ffbc072d000 	C:\WINDOWS\System32\combase.dll
0x00007ffbc1ee0000 - 0x00007ffbc1fb7000 	C:\WINDOWS\System32\OLEAUT32.dll
0x00007ffbb2e60000 - 0x00007ffbb2e92000 	C:\WINDOWS\SYSTEM32\dbgcore.DLL
0x00007ffbc00e0000 - 0x00007ffbc015b000 	C:\WINDOWS\System32\bcryptPrimitives.dll
0x00007ffb84cf0000 - 0x00007ffb84d2b000 	C:\Users\27439\.jdks\jbr-17.0.9\bin\jdwp.dll
0x00007ffbb38a0000 - 0x00007ffbb38ae000 	C:\Users\27439\.jdks\jbr-17.0.9\bin\instrument.dll
0x00007ffbb26f0000 - 0x00007ffbb2715000 	C:\Users\27439\.jdks\jbr-17.0.9\bin\java.dll
0x00007ffbb49b0000 - 0x00007ffbb49c8000 	C:\Users\27439\.jdks\jbr-17.0.9\bin\zip.dll
0x00007ffb77590000 - 0x00007ffb77667000 	C:\Users\27439\.jdks\jbr-17.0.9\bin\jsvml.dll
0x00007ffbc0e90000 - 0x00007ffbc16f8000 	C:\WINDOWS\System32\SHELL32.dll
0x00007ffbbd890000 - 0x00007ffbbe18e000 	C:\WINDOWS\SYSTEM32\windows.storage.dll
0x00007ffbbd750000 - 0x00007ffbbd88f000 	C:\WINDOWS\SYSTEM32\wintypes.dll
0x00007ffbc1850000 - 0x00007ffbc1949000 	C:\WINDOWS\System32\SHCORE.dll
0x00007ffbc2220000 - 0x00007ffbc227e000 	C:\WINDOWS\System32\shlwapi.dll
0x00007ffbbf8c0000 - 0x00007ffbbf8e1000 	C:\WINDOWS\SYSTEM32\profapi.dll
0x00007ffbb2990000 - 0x00007ffbb299c000 	C:\Users\27439\.jdks\jbr-17.0.9\bin\dt_socket.dll
0x00007ffbbe3e0000 - 0x00007ffbbe40d000 	C:\WINDOWS\SYSTEM32\IPHLPAPI.DLL
0x00007ffbbeee0000 - 0x00007ffbbef49000 	C:\WINDOWS\system32\mswsock.dll
0x00007ffbb2970000 - 0x00007ffbb2989000 	C:\Users\27439\.jdks\jbr-17.0.9\bin\net.dll
0x00007ffbba210000 - 0x00007ffbba346000 	C:\WINDOWS\SYSTEM32\WINHTTP.dll
0x00007ffbae300000 - 0x00007ffbae316000 	C:\Users\27439\.jdks\jbr-17.0.9\bin\nio.dll
0x00007ffbb3890000 - 0x00007ffbb38a0000 	C:\Users\27439\.jdks\jbr-17.0.9\bin\verify.dll
0x00007ffbb53b0000 - 0x00007ffbb53d7000 	C:\Users\27439\.gradle\native\68d5fa5c4cc2d200863cafc0d521ce42e7d3e7ee720ec0a83991735586a16f82\windows-amd64\native-platform.dll
0x00007ffb73290000 - 0x00007ffb733d4000 	C:\Users\27439\.gradle\native\e376f236ea51e6404a007f0833ffe2c6e607c4080706a723a18a27aeea778392\windows-amd64\native-platform-file-events.dll
0x00007ffbb3830000 - 0x00007ffbb3839000 	C:\Users\27439\.jdks\jbr-17.0.9\bin\management.dll
0x00007ffbb28f0000 - 0x00007ffbb28fb000 	C:\Users\27439\.jdks\jbr-17.0.9\bin\management_ext.dll
0x00007ffbc21e0000 - 0x00007ffbc21e8000 	C:\WINDOWS\System32\PSAPI.DLL
0x00007ffbbf170000 - 0x00007ffbbf18b000 	C:\WINDOWS\SYSTEM32\CRYPTSP.dll
0x00007ffbbe950000 - 0x00007ffbbe985000 	C:\WINDOWS\system32\rsaenh.dll
0x00007ffbbefc0000 - 0x00007ffbbefe8000 	C:\WINDOWS\SYSTEM32\USERENV.dll
0x00007ffbbf160000 - 0x00007ffbbf16c000 	C:\WINDOWS\SYSTEM32\CRYPTBASE.dll
0x00007ffbc0dd0000 - 0x00007ffbc0dd9000 	C:\WINDOWS\System32\NSI.dll
0x00007ffbba1e0000 - 0x00007ffbba1f9000 	C:\WINDOWS\SYSTEM32\dhcpcsvc6.DLL
0x00007ffbba1c0000 - 0x00007ffbba1df000 	C:\WINDOWS\SYSTEM32\dhcpcsvc.DLL
0x00007ffbbe410000 - 0x00007ffbbe508000 	C:\WINDOWS\SYSTEM32\DNSAPI.dll
0x00007ffbb5130000 - 0x00007ffbb513e000 	C:\Users\27439\.jdks\jbr-17.0.9\bin\sunmscapi.dll
0x00007ffbbfa00000 - 0x00007ffbbfb67000 	C:\WINDOWS\System32\CRYPT32.dll
0x00007ffbbf340000 - 0x00007ffbbf36e000 	C:\WINDOWS\SYSTEM32\ncrypt.dll
0x00007ffbbf300000 - 0x00007ffbbf337000 	C:\WINDOWS\SYSTEM32\NTASN1.dll
0x00007ffbb2670000 - 0x00007ffbb2678000 	C:\WINDOWS\system32\wshunix.dll
0x00007ffba0ae0000 - 0x00007ffba0af7000 	C:\WINDOWS\system32\napinsp.dll
0x00007ffba0ac0000 - 0x00007ffba0adb000 	C:\WINDOWS\system32\pnrpnsp.dll
0x00007ffb99680000 - 0x00007ffb99691000 	C:\WINDOWS\System32\winrnr.dll
0x00007ffb99660000 - 0x00007ffb99675000 	C:\WINDOWS\system32\wshbth.dll
0x00007ffb99630000 - 0x00007ffb99657000 	C:\WINDOWS\system32\nlansp_c.dll
0x00007ffbb9490000 - 0x00007ffbb949a000 	C:\Windows\System32\rasadhlp.dll
0x00007ffbb7e60000 - 0x00007ffbb7ee3000 	C:\WINDOWS\System32\fwpuclnt.dll
0x00007ffbae240000 - 0x00007ffbae247000 	C:\Users\27439\.jdks\jbr-17.0.9\bin\rmi.dll

dbghelp: loaded successfully - version: 4.0.5 - missing functions: none
symbol engine: initialized successfully - sym options: 0x614 - pdb path: .;C:\Users\27439\.jdks\jbr-17.0.9\bin;C:\WINDOWS\SYSTEM32;C:\WINDOWS\WinSxS\amd64_microsoft.windows.common-controls_6595b64144ccf1df_6.0.22621.3672_none_2713b9d173822955;C:\Users\27439\.jdks\jbr-17.0.9\bin\server;C:\Users\27439\.gradle\native\68d5fa5c4cc2d200863cafc0d521ce42e7d3e7ee720ec0a83991735586a16f82\windows-amd64;C:\Users\27439\.gradle\native\e376f236ea51e6404a007f0833ffe2c6e607c4080706a723a18a27aeea778392\windows-amd64

VM Arguments:
jvm_args: --add-opens=java.base/java.util.concurrent.atomic=ALL-UNNAMED -agentlib:jdwp=transport=dt_socket,server=n,suspend=y,address=127.0.0.1:65040 --add-opens=java.base/java.util=ALL-UNNAMED --add-opens=java.base/java.lang=ALL-UNNAMED --add-opens=java.base/java.lang.invoke=ALL-UNNAMED --add-opens=java.prefs/java.util.prefs=ALL-UNNAMED --add-opens=java.base/java.nio.charset=ALL-UNNAMED --add-opens=java.base/java.net=ALL-UNNAMED --add-opens=java.base/java.util.concurrent.atomic=ALL-UNNAMED -Xmx3g -Dfile.encoding=UTF-8 -Duser.country=CN -Duser.language=zh -Duser.variant -javaagent:C:\Users\27439\.gradle\wrapper\dists\gradle-8.2-all\2q3bs1ik8c4yxxdwn9pbenul9\gradle-8.2\lib\agents\gradle-instrumentation-agent-8.2.jar 
java_command: org.gradle.launcher.daemon.bootstrap.GradleDaemon 8.2
java_class_path (initial): C:\Users\27439\.gradle\wrapper\dists\gradle-8.2-all\2q3bs1ik8c4yxxdwn9pbenul9\gradle-8.2\lib\gradle-launcher-8.2.jar
Launcher Type: SUN_STANDARD

[Global flags]
     intx CICompilerCount                          = 12                                        {product} {ergonomic}
     uint ConcGCThreads                            = 3                                         {product} {ergonomic}
     uint G1ConcRefinementThreads                  = 13                                        {product} {ergonomic}
   size_t G1HeapRegionSize                         = 2097152                                   {product} {ergonomic}
    uintx GCDrainStackTargetSize                   = 64                                        {product} {ergonomic}
   size_t InitialHeapSize                          = 255852544                                 {product} {ergonomic}
   size_t MarkStackSize                            = 4194304                                   {product} {ergonomic}
   size_t MaxHeapSize                              = 3221225472                                {product} {command line}
   size_t MaxNewSize                               = 1931476992                                {product} {ergonomic}
   size_t MinHeapDeltaBytes                        = 2097152                                   {product} {ergonomic}
   size_t MinHeapSize                              = 8388608                                   {product} {ergonomic}
    uintx NonNMethodCodeHeapSize                   = 7602480                                {pd product} {ergonomic}
    uintx NonProfiledCodeHeapSize                  = 122027880                              {pd product} {ergonomic}
    uintx ProfiledCodeHeapSize                     = 122027880                              {pd product} {ergonomic}
    uintx ReservedCodeCacheSize                    = 251658240                              {pd product} {ergonomic}
     bool SegmentedCodeCache                       = true                                      {product} {ergonomic}
   size_t SoftMaxHeapSize                          = 3221225472                             {manageable} {ergonomic}
     bool UseCompressedClassPointers               = true                           {product lp64_product} {ergonomic}
     bool UseCompressedOops                        = true                           {product lp64_product} {ergonomic}
     bool UseG1GC                                  = true                                      {product} {ergonomic}
     bool UseLargePagesIndividualAllocation        = false                                  {pd product} {ergonomic}

Logging:
Log output configuration:
 #0: stdout all=warning uptime,level,tags
 #1: stderr all=off uptime,level,tags

Environment Variables:
JAVA_HOME=C:\Users\27439\.jdks\corretto-1.8.0_412
CLASSPATH=C:\Users\27439\.jdks\corretto-1.8.0_412\lib\dt.jar;C:\Users\27439\.jdks\corretto-1.8.0_412\lib\tools.jar
PATH=C:\Users\27439\AppData\Local\Programs\Python\Python312;C:\Program Files (x86)\VMware\VMware Workstation\bin\;C:\WINDOWS\system32;C:\WINDOWS;C:\WINDOWS\System32\Wbem;C:\WINDOWS\System32\WindowsPowerShell\v1.0\;C:\WINDOWS\System32\OpenSSH\;C:\Program Files\NVIDIA Corporation\NVIDIA NvDLISR;C:\Program Files (x86)\NVIDIA Corporation\PhysX\Common;C:\Program Files\Git\cmd;C:\ProgramData\chocolatey\bin;C:\Users\27439\AppData\Roaming\nvm;C:\Program Files\nodejs;C:\Program Files\dotnet\;C:\Program Files\CMake\bin;;C:\Program Files (x86)\Tencent\微信web开发者工具\dll;C:\Program Files\Git LFS;C:\Users\27439\.cargo\bin;C:\Program Files\MySQL\MySQL Shell 8.0\bin\;C:\Users\27439\AppData\Local\pnpm;C:\Users\27439\AppData\Local\Microsoft\WindowsApps;C:\Users\27439\AppData\Local\JetBrains\Toolbox\scripts;C:\Users\27439\AppData\Roaming\npm;C:\Users\27439\AppData\Local\Android\Sdk\platform-tools;C:\Users\27439\AppData\Local\Android\Sdk\emulator;C:\Users\27439\AppData\Local\Android\Sdktools;C:\Users\27439\AppData\Local\Android\Sdktools\bin;C:\Users\27439\AppData\Local\Programs\Microsoft VS Code\bin;C:\Program Files\adb;C:\Users\27439\AppData\Local\GitHubDesktop\bin;C:\Users\27439\AppData\Roaming\nvm;C:\Program Files\nodejs;C:\Program Files\ffmpeg\bin;C:\Users\27439\AppData\Roaming\Pub\Cache\bin;C:\Users\27439\.sdk\flutter\bin;C:\Users\27439\.dotnet\tools;C:\Users\27439\.sdk\golib\bin;C:\Users\27439\.sdk\go\bin;C:\Users\27439\.sdk\hover-master;C:\Users\27439\.sdk\mingw64\bin;C:\Users\27439\.sdk\cangjie0.53.4\bin;C:\Users\27439\.sdk\cangjie0.53.4\tools\bin;C:\Users\27439\.sdk\cangjie0.53.4\runtime\lib\windows_x86_64_llvm;C:\Users\27439\.dotnet\tools;C:\Users\27439\AppData\Local\Programs\Python\Python312\Scripts;D:\编程;C:\Users\27439\.sdk\flutter3\bin;C:\Users\27439\AppData\Local\Android\Sdk\platform-tools;C:\Users\27439\AppData\Local\Android\Sdk\emulator;C:\Users\27439\AppData\Local\Android\Sdk\tools;C:\Users\27439\AppData\Local\Android\Sdk\tools\bin;C:\Users\27439\.jdks\corretto-1.8.
USERNAME=27439
OS=Windows_NT
PROCESSOR_IDENTIFIER=AMD64 Family 25 Model 68 Stepping 1, AuthenticAMD
TMP=C:\Users\27439\AppData\Local\Temp
TEMP=C:\Users\27439\AppData\Local\Temp



Periodic native trim disabled

JNI global refs:
JNI global refs: 232, weak refs: 17148

JNI global refs memory usage: 2803, weak refs: 173617

OOME stack traces (most recent first):
Classloader memory used:
Loader org.gradle.internal.classloader.VisitableURLClassLoader                         : 5315K
Loader bootstrap                                                                       : 3236K
Loader org.gradle.internal.classloader.VisitableURLClassLoader$InstrumentingVisitableURLClassLoader: 2148K
Loader org.gradle.initialization.MixInLegacyTypesClassLoader                           : 1663K
Loader jdk.internal.reflect.DelegatingClassLoader                                      : 108K
Loader jdk.internal.loader.ClassLoaders$PlatformClassLoader                            : 95396B
Loader org.gradle.groovy.scripts.internal.DefaultScriptCompilationHandler$ScriptClassLoader: 33903B
Loader jdk.internal.loader.ClassLoaders$AppClassLoader                                 : 28587B
Loader org.codehaus.groovy.runtime.callsite.CallSiteClassLoader                        : 10699B
Loader sun.reflect.misc.MethodUtil                                                     : 376B

Classes loaded by more than one classloader:
Class Program                                                                         : loaded 4 times (x 70B)
Class org.gradle.internal.classpath.ClassPath                                         : loaded 2 times (x 68B)
Class org.gradle.api.internal.classpath.DefaultModuleRegistry                         : loaded 2 times (x 84B)
Class com.google.common.collect.ListMultimap                                          : loaded 2 times (x 68B)
Class com.google.common.collect.AbstractMultimap                                      : loaded 2 times (x 121B)
Class org.gradle.api.Action                                                           : loaded 2 times (x 68B)
Class com.google.common.collect.SetMultimap                                           : loaded 2 times (x 68B)
Class org.gradle.api.internal.DefaultClassPathProvider                                : loaded 2 times (x 74B)
Class org.gradle.internal.installation.GradleInstallation$1                           : loaded 2 times (x 73B)
Class org.jetbrains.kotlin.name.FqNameUnsafe                                          : loaded 2 times (x 70B)
Class com.google.common.collect.ImmutableMap                                          : loaded 2 times (x 118B)
Class org.jetbrains.kotlin.config.LanguageFeature                                     : loaded 2 times (x 78B)
Class org.jetbrains.kotlin.config.JvmDefaultMode                                      : loaded 2 times (x 77B)
Class [Lorg.jetbrains.kotlin.config.JvmDefaultMode;                                   : loaded 2 times (x 67B)
Class com.google.common.base.Predicate                                                : loaded 2 times (x 68B)
Class org.gradle.internal.classloader.FilteringClassLoader                            : loaded 2 times (x 103B)
Class com.google.common.collect.AbstractMapBasedMultimap$WrappedCollection            : loaded 2 times (x 122B)
Class org.gradle.internal.classpath.DefaultClassPath$ImmutableUniqueList$Builder      : loaded 2 times (x 73B)
Class com.google.common.collect.SortedSetMultimap                                     : loaded 2 times (x 68B)
Class com.google.common.collect.ImmutableMultimap$EntryCollection                     : loaded 2 times (x 125B)
Class org.apache.commons.io.output.ThresholdingOutputStream                           : loaded 2 times (x 92B)
Class org.gradle.internal.classloader.ClassLoaderVisitor                              : loaded 2 times (x 74B)
Class com.google.common.collect.ImmutableMultimap                                     : loaded 2 times (x 145B)
Class org.apache.commons.io.input.ClosedInputStream                                   : loaded 2 times (x 89B)
Class org.gradle.internal.service.DefaultServiceLocator                               : loaded 2 times (x 81B)
Class org.gradle.internal.service.UnknownServiceException                             : loaded 2 times (x 81B)
Class org.gradle.internal.classloader.DefaultClassLoaderFactory                       : loaded 2 times (x 80B)
Class com.google.common.collect.UnmodifiableIterator                                  : loaded 2 times (x 78B)
Class org.apache.commons.io.output.ByteArrayOutputStream                              : loaded 2 times (x 100B)
Class com.google.common.collect.Multimap                                              : loaded 2 times (x 68B)
Class org.jetbrains.kotlin.config.AnalysisFlag                                        : loaded 2 times (x 70B)
Class org.gradle.internal.classloader.VisitableURLClassLoader$Spec                    : loaded 2 times (x 72B)
Class org.gradle.api.GradleException                                                  : loaded 2 times (x 80B)
Class org.gradle.api.internal.classpath.ModuleRegistry                                : loaded 2 times (x 68B)
Class com.google.common.collect.ImmutableCollection                                   : loaded 2 times (x 123B)
Class org.jetbrains.kotlin.name.FqName                                                : loaded 2 times (x 70B)
Class org.gradle.api.internal.ClassPathProvider                                       : loaded 2 times (x 68B)
Class org.gradle.internal.classloader.ClasspathUtil$1                                 : loaded 2 times (x 74B)
Class [Lorg.jetbrains.kotlin.config.ExplicitApiMode;                                  : loaded 2 times (x 67B)
Class ijresolvers2_252dw6zxdsqad4fpnklr7vih9                                          : loaded 2 times (x 182B)
Class org.gradle.internal.classloader.ClassLoaderFactory                              : loaded 2 times (x 68B)
Class org.gradle.api.internal.classpath.ManifestUtil                                  : loaded 2 times (x 69B)
Class org.gradle.api.specs.Spec                                                       : loaded 2 times (x 68B)
Class com.google.common.collect.BaseImmutableMultimap                                 : loaded 2 times (x 121B)
Class com.google.common.base.Preconditions                                            : loaded 2 times (x 69B)
Class com.google.common.base.Function                                                 : loaded 2 times (x 68B)
Class org.gradle.internal.IoActions                                                   : loaded 2 times (x 69B)
Class org.jetbrains.kotlin.config.LanguageFeature$State                               : loaded 2 times (x 80B)
Class com.google.common.collect.Maps                                                  : loaded 2 times (x 69B)
Class com.google.common.collect.ImmutableMultimap$Builder                             : loaded 2 times (x 81B)
Class [Lorg.apache.commons.io.StandardLineSeparator;                                  : loaded 2 times (x 67B)
Class org.gradle.api.internal.classpath.EffectiveClassPath                            : loaded 2 times (x 88B)
Class org.apache.commons.io.StandardLineSeparator                                     : loaded 2 times (x 77B)
Class org.apache.commons.io.output.AppendableWriter                                   : loaded 2 times (x 98B)
Class org.gradle.internal.installation.CurrentGradleInstallation                      : loaded 2 times (x 71B)
Class org.gradle.internal.agents.InstrumentingClassLoader                             : loaded 2 times (x 68B)
Class org.gradle.internal.installation.CurrentGradleInstallationLocator               : loaded 2 times (x 69B)
Class org.gradle.api.internal.classpath.Module                                        : loaded 2 times (x 68B)
Class org.gradle.internal.service.CachingServiceLocator                               : loaded 2 times (x 80B)
Class org.gradle.internal.classpath.DefaultClassPath                                  : loaded 2 times (x 88B)
Class com.google.common.collect.ImmutableMultisetGwtSerializationDependencies         : loaded 2 times (x 123B)
Class com.google.common.collect.ImmutableListMultimap                                 : loaded 2 times (x 176B)
Class Build_gradle$1                                                                  : loaded 2 times (x 73B)
Class org.jetbrains.kotlin.config.ExplicitApiMode                                     : loaded 2 times (x 77B)
Class org.jetbrains.kotlin.config.ApiVersion                                          : loaded 2 times (x 84B)
Class org.gradle.internal.classloader.SystemClassLoaderSpec                           : loaded 2 times (x 69B)
Class com.google.common.collect.Multimaps$CustomListMultimap                          : loaded 2 times (x 172B)
Class org.jetbrains.kotlin.utils.DescriptionAware                                     : loaded 2 times (x 68B)
Class org.jetbrains.kotlin.config.LanguageVersion                                     : loaded 2 times (x 89B)
Class org.apache.commons.io.IOUtils                                                   : loaded 2 times (x 69B)
Class org.gradle.api.UncheckedIOException                                             : loaded 2 times (x 80B)
Class com.google.common.collect.AbstractListMultimap                                  : loaded 2 times (x 170B)
Class org.gradle.internal.installation.GradleInstallation                             : loaded 2 times (x 73B)
Class org.apache.commons.io.output.UnsynchronizedByteArrayOutputStream                : loaded 2 times (x 100B)
Class com.google.common.collect.AbstractMapBasedMultimap$RandomAccessWrappedList      : loaded 2 times (x 165B)
Class org.gradle.internal.classloader.ClasspathUtil                                   : loaded 2 times (x 69B)
Class org.gradle.api.internal.DefaultClassPathRegistry                                : loaded 2 times (x 74B)
Class org.jetbrains.kotlin.config.LanguageOrApiVersion                                : loaded 2 times (x 68B)
Class org.gradle.api.internal.classpath.DefaultModuleRegistry$DefaultModule           : loaded 2 times (x 84B)
Class org.jetbrains.kotlin.config.JvmDefaultMode$Companion                            : loaded 2 times (x 69B)
Class org.gradle.api.internal.classpath.UnknownModuleException                        : loaded 2 times (x 80B)
Class org.apache.commons.io.output.AbstractByteArrayOutputStream                      : loaded 2 times (x 100B)
Class com.google.common.collect.Maps$EntryTransformer                                 : loaded 2 times (x 68B)
Class org.gradle.internal.service.ServiceLookupException                              : loaded 2 times (x 80B)
Class org.gradle.cache.GlobalCache                                                    : loaded 2 times (x 68B)
Class ijresolvers2_252dw6zxdsqad4fpnklr7vih9$_run_closure1                            : loaded 2 times (x 134B)
Class [Lorg.gradle.api.internal.ClassPathProvider;                                    : loaded 2 times (x 67B)
Class com.google.common.collect.ImmutableMultimap$Values                              : loaded 2 times (x 124B)
Class org.gradle.util.internal.GUtil                                                  : loaded 2 times (x 69B)
Class org.gradle.internal.classloader.ClassLoaderSpec                                 : loaded 2 times (x 69B)
Class org.jetbrains.kotlin.config.ExplicitApiMode$Companion                           : loaded 2 times (x 69B)
Class org.apache.commons.io.output.StringBuilderWriter                                : loaded 2 times (x 98B)
Class org.gradle.internal.classloader.VisitableURLClassLoader                         : loaded 2 times (x 115B)
Class com.google.common.base.Supplier                                                 : loaded 2 times (x 68B)
Class com.google.common.collect.ImmutableMultimap$Keys                                : loaded 2 times (x 164B)
Class org.gradle.internal.Cast                                                        : loaded 2 times (x 69B)
Class Build_gradle                                                                    : loaded 2 times (x 129B)
Class org.gradle.api.internal.ClassPathRegistry                                       : loaded 2 times (x 68B)
Class com.google.common.collect.ImmutableSet                                          : loaded 2 times (x 145B)
Class org.gradle.internal.classloader.VisitableURLClassLoader$InstrumentingVisitableURLClassLoader: loaded 2 times (x 121B)
Class org.gradle.internal.classloader.ClassLoaderHierarchy                            : loaded 2 times (x 68B)
Class com.google.common.collect.AbstractMapBasedMultimap$WrappedList                  : loaded 2 times (x 165B)
Class org.jetbrains.kotlin.config.LanguageVersionSettings                             : loaded 2 times (x 68B)
Class org.gradle.internal.InternalTransformer                                         : loaded 2 times (x 68B)
Class org.apache.commons.io.output.NullOutputStream                                   : loaded 2 times (x 83B)
Class org.gradle.internal.service.ServiceLocator                                      : loaded 2 times (x 68B)
Class org.jetbrains.kotlin.name.Name                                                  : loaded 2 times (x 73B)
Class com.google.common.collect.ImmutableMultiset                                     : loaded 2 times (x 161B)
Class org.gradle.internal.classpath.DefaultClassPath$ImmutableUniqueList              : loaded 2 times (x 159B)
Class com.google.common.collect.ImmutableMultimap$1                                   : loaded 2 times (x 80B)
Class com.google.common.collect.ImmutableMultimap$2                                   : loaded 2 times (x 79B)
Class org.gradle.internal.classpath.TransformedClassPath                              : loaded 2 times (x 94B)
Class Settings_gradle                                                                 : loaded 2 times (x 126B)
Class com.google.common.collect.Multimaps                                             : loaded 2 times (x 69B)
Class org.jetbrains.kotlin.name.FqNameUnsafe$1                                        : loaded 2 times (x 72B)
Class com.google.common.collect.Multiset                                              : loaded 2 times (x 68B)
Class com.google.common.collect.AbstractMapBasedMultimap                              : loaded 2 times (x 137B)


---------------  S Y S T E M  ---------------

OS:
 Windows 11 , 64 bit Build 22621 (10.0.22621.3958)
OS uptime: 0 days 15:52 hours
Hyper-V role detected

CPU: total 16 (initial active 16) (16 cores per cpu, 2 threads per core) family 25 model 68 stepping 1 microcode 0x0, cx8, cmov, fxsr, ht, mmx, 3dnowpref, sse, sse2, sse3, ssse3, sse4a, sse4.1, sse4.2, popcnt, lzcnt, tsc, tscinvbit, avx, avx2, aes, clmul, bmi1, bmi2, adx, sha, fma, vzeroupper, clflush, clflushopt, hv
Processor Information for all 16 processors :
  Max Mhz: 3201, Current Mhz: 3201, Mhz Limit: 3201

Memory: 4k page, system-wide physical 15613M (448M free)
TotalPageFile size 26007M (AvailPageFile size 475M)
current process WorkingSet (physical memory assigned to process): 670M, peak: 670M
current process commit charge ("private bytes"): 738M, peak: 1175M

vm_info: OpenJDK 64-Bit Server VM (17.0.9+8-b1162.7) for windows-amd64 JRE (17.0.9+8-b1162.7), built on 2024-01-08 by "builduser" with MS VC++ 16.10 / 16.11 (VS2019)

END.
