#
# There is insufficient memory for the Java Runtime Environment to continue.
# Native memory allocation (mmap) failed to map 7307264 bytes for G1 virtual space
# Possible reasons:
#   The system is out of physical RAM or swap space
#   The process is running with CompressedOops enabled, and the Java Heap may be blocking the growth of the native heap
# Possible solutions:
#   Reduce memory load on the system
#   Increase physical memory or swap space
#   Check if swap backing store is full
#   Decrease Java heap size (-Xmx/-Xms)
#   Decrease number of Java threads
#   Decrease Java thread stack sizes (-Xss)
#   Set larger code cache with -XX:ReservedCodeCacheSize=
#   JVM is running with Zero Based Compressed Oops mode in which the Java heap is
#     placed in the first 32GB address space. The Java Heap base address is the
#     maximum limit for the native heap growth. Please use -XX:HeapBaseMinAddress
#     to set the Java Heap base and to place the Java Heap above 32GB virtual address.
# This output file may be truncated or incomplete.
#
#  Out of Memory Error (os_windows.cpp:3825), pid=25988, tid=20528
#
# JRE version: OpenJDK Runtime Environment JBR-17.0.9+8-1162.7-jcef (17.0.9+8) (build 17.0.9+8-b1162.7)
# Java VM: OpenJDK 64-Bit Server VM JBR-17.0.9+8-1162.7-jcef (17.0.9+8-b1162.7, mixed mode, tiered, compressed oops, compressed class ptrs, g1 gc, windows-amd64)
# No core dump will be written. Minidumps are not enabled by default on client versions of Windows
#

---------------  S U M M A R Y ------------

Command Line: --add-opens=java.base/java.util.concurrent.atomic=ALL-UNNAMED -agentlib:jdwp=transport=dt_socket,server=n,suspend=y,address=127.0.0.1:65079 --add-opens=java.base/java.util=ALL-UNNAMED --add-opens=java.base/java.lang=ALL-UNNAMED --add-opens=java.base/java.lang.invoke=ALL-UNNAMED --add-opens=java.prefs/java.util.prefs=ALL-UNNAMED --add-opens=java.base/java.nio.charset=ALL-UNNAMED --add-opens=java.base/java.net=ALL-UNNAMED --add-opens=java.base/java.util.concurrent.atomic=ALL-UNNAMED -Xmx3g -Dfile.encoding=UTF-8 -Duser.country=CN -Duser.language=zh -Duser.variant -javaagent:C:\Users\27439\.gradle\wrapper\dists\gradle-8.2-all\2q3bs1ik8c4yxxdwn9pbenul9\gradle-8.2\lib\agents\gradle-instrumentation-agent-8.2.jar org.gradle.launcher.daemon.bootstrap.GradleDaemon 8.2

Host: AMD Ryzen 7 6800H with Radeon Graphics         , 16 cores, 15G,  Windows 11 , 64 bit Build 22621 (10.0.22621.3958)
Time: Sun Aug 18 16:27:44 2024  Windows 11 , 64 bit Build 22621 (10.0.22621.3958) elapsed time: 13.335262 seconds (0d 0h 0m 13s)

---------------  T H R E A D  ---------------

Current thread (0x000002b226e9d540):  VMThread "VM Thread" [stack: 0x000000f0b5200000,0x000000f0b5300000] [id=20528]

Stack: [0x000000f0b5200000,0x000000f0b5300000]
Native frames: (J=compiled Java code, j=interpreted, Vv=VM code, C=native code)
V  [jvm.dll+0x688349]
V  [jvm.dll+0x841bfa]
V  [jvm.dll+0x84383e]
V  [jvm.dll+0x843ea3]
V  [jvm.dll+0x24bdef]
V  [jvm.dll+0x6850f9]
V  [jvm.dll+0x67988a]
V  [jvm.dll+0x30cbfb]
V  [jvm.dll+0x3140a6]
V  [jvm.dll+0x363f08]
V  [jvm.dll+0x36410f]  public: unsigned int __cdecl HeapRegionManager::expand_by(unsigned int,class WorkGang * __ptr64) __ptr64+0x7f
V  [jvm.dll+0x2e29c8]  public: bool __cdecl G1CollectedHeap::expand(unsigned __int64,class WorkGang * __ptr64,double * __ptr64) __ptr64+0xb8
V  [jvm.dll+0x2e0ba4]  private: void __cdecl G1CollectedHeap::do_collection_pause_at_safepoint_helper(double) __ptr64+0x9e4
V  [jvm.dll+0x2e01ac]  private: bool __cdecl G1CollectedHeap::do_collection_pause_at_safepoint(double) __ptr64+0x5c
V  [jvm.dll+0x32507b]  public: virtual void __cdecl VM_G1CollectForAllocation::doit(void) __ptr64+0x6b
V  [jvm.dll+0x84859b]  public: void __cdecl VM_Operation::evaluate(void) __ptr64+0xfb
V  [jvm.dll+0x8492e1]  private: void __cdecl VMThread::evaluate_operation(class VM_Operation * __ptr64) __ptr64+0xe1
V  [jvm.dll+0x8497fd]  private: void __cdecl VMThread::inner_execute(class VM_Operation * __ptr64) __ptr64+0x1ad
V  [jvm.dll+0x849bd4]  public: void __cdecl VMThread::loop(void) __ptr64+0x254
V  [jvm.dll+0x849ca0]  public: virtual void __cdecl VMThread::run(void) __ptr64+0x70
V  [jvm.dll+0x7f043a]  public: void __cdecl Thread::call_run(void) __ptr64+0x8a
V  [jvm.dll+0x6871c5]  public: static __int64 __cdecl os::thread_cpu_time(class Thread * __ptr64,bool)+0x105
C  [ucrtbase.dll+0x29333]
C  [KERNEL32.DLL+0x1257d]
C  [ntdll.dll+0x5af28]

VM_Operation (0x000000f0c15fdc90): G1CollectForAllocation, mode: safepoint, requested by thread 0x000002b238b9ef90


---------------  P R O C E S S  ---------------

Threads class SMR info:
_java_thread_list=0x000002b22fa81400, length=181, elements={
0x000002b207b249b0, 0x000002b2271d7280, 0x000002b2271d8100, 0x000002b2271f9d50,
0x000002b22721e060, 0x000002b22721e930, 0x000002b22721fb10, 0x000002b227221810,
0x000002b2272263f0, 0x000002b227230e10, 0x000002b227376420, 0x000002b2273f9c30,
0x000002b22751de50, 0x000002b2276ded40, 0x000002b2276bd8b0, 0x000002b227748290,
0x000002b22e243a00, 0x000002b2273c2e00, 0x000002b22cf13090, 0x000002b22d3ac830,
0x000002b22d3acd10, 0x000002b22dacaab0, 0x000002b22dac9b80, 0x000002b22dacc910,
0x000002b22dacafc0, 0x000002b22dacb4d0, 0x000002b22dacb9e0, 0x000002b22dacbef0,
0x000002b22daca090, 0x000002b22dacc400, 0x000002b22dacce20, 0x000002b22daca5a0,
0x000002b22dd28fe0, 0x000002b22dd2cca0, 0x000002b22dd29f10, 0x000002b22dd2bd70,
0x000002b22dd294f0, 0x000002b22dd2d1b0, 0x000002b22dd27ba0, 0x000002b22dd2dbd0,
0x000002b22dd2c280, 0x000002b22dd2ae40, 0x000002b22dd26760, 0x000002b22dd28ad0,
0x000002b22dd29a00, 0x000002b22dd2a420, 0x000002b22dd280b0, 0x000002b22dd285c0,
0x000002b22dd26c70, 0x000002b22dd27690, 0x000002b22dd2a930, 0x000002b22dd2b860,
0x000002b22dd2c790, 0x000002b22dd27180, 0x000002b22dacd330, 0x000002b231ba6f50,
0x000002b231ba7970, 0x000002b231ba7460, 0x000002b231ba2d80, 0x000002b231ba3290,
0x000002b231ba1e50, 0x000002b231ba5600, 0x000002b231ba3cb0, 0x000002b231ba7e80,
0x000002b231ba37a0, 0x000002b231ba41c0, 0x000002b231ba2360, 0x000002b231ba8390,
0x000002b231ba6a40, 0x000002b231ba50f0, 0x000002b231ba2870, 0x000002b231ba46d0,
0x000002b231ba0f20, 0x000002b231ba1430, 0x000002b231ba4be0, 0x000002b2338784d0,
0x000002b23387a330, 0x000002b233877090, 0x000002b233875c50, 0x000002b233876160,
0x000002b23387cbb0, 0x000002b23387a840, 0x000002b23387ad50, 0x000002b23387b260,
0x000002b23387c6a0, 0x000002b2338789e0, 0x000002b23387c190, 0x000002b233876670,
0x000002b233878ef0, 0x000002b233879400, 0x000002b2338775a0, 0x000002b23387b770,
0x000002b233877ab0, 0x000002b23387bc80, 0x000002b233879910, 0x000002b233875740,
0x000002b23387d0c0, 0x000002b233877fc0, 0x000002b2313aea30, 0x000002b2313b0da0,
0x000002b2313a9930, 0x000002b2313aad70, 0x000002b2313af450, 0x000002b2313afe70,
0x000002b2313ab280, 0x000002b2313ad5f0, 0x000002b2313adb00, 0x000002b2313af960,
0x000002b2313ac1b0, 0x000002b2313b0380, 0x000002b2313ac6c0, 0x000002b2313ab790,
0x000002b2313a9e40, 0x000002b2313aa350, 0x000002b2313ae010, 0x000002b2313ae520,
0x000002b2313aef40, 0x000002b2313b0890, 0x000002b2313aa860, 0x000002b2313abca0,
0x000002b2313acbd0, 0x000002b2313ad0e0, 0x000002b22e849bc0, 0x000002b22e84c440,
0x000002b22e84a5e0, 0x000002b22e84a0d0, 0x000002b22e84b510, 0x000002b22e84ba20,
0x000002b22e84bf30, 0x000002b22e8491a0, 0x000002b22e8496b0, 0x000002b2313b12b0,
0x000002b238554810, 0x000002b2385538e0, 0x000002b238556670, 0x000002b238555c50,
0x000002b238553df0, 0x000002b238556b80, 0x000002b238554300, 0x000002b238555230,
0x000002b238554d20, 0x000002b238556160, 0x000002b238555740, 0x000002b23897abd0,
0x000002b23897bb00, 0x000002b23897c010, 0x000002b23897e890, 0x000002b23897e380,
0x000002b23897d960, 0x000002b23897de70, 0x000002b23897eda0, 0x000002b23897f2b0,
0x000002b23897f7c0, 0x000002b23897fcd0, 0x000002b23897b0e0, 0x000002b238980c00,
0x000002b2389806f0, 0x000002b238979790, 0x000002b23897b5f0, 0x000002b23897cf40,
0x000002b23897c520, 0x000002b23897d450, 0x000002b238981110, 0x000002b23897a6c0,
0x000002b238ba03d0, 0x000002b22c8869f0, 0x000002b238b9e060, 0x000002b238ba1300,
0x000002b238b9fec0, 0x000002b238b9ef90, 0x000002b238ba1810, 0x000002b238ba08e0,
0x000002b238b9e570, 0x000002b238b9ea80, 0x000002b238b9f4a0, 0x000002b238b9f9b0,
0x000002b238ba0df0, 0x000002b2337e8600, 0x000002b2337ee120, 0x000002b2337ee630,
0x000002b2337ec7d0
}

Java Threads: ( => current thread )
  0x000002b207b249b0 JavaThread "main" [_thread_blocked, id=25292, stack(0x000000f0b4c00000,0x000000f0b4d00000)]
  0x000002b2271d7280 JavaThread "Reference Handler" daemon [_thread_blocked, id=29236, stack(0x000000f0b5300000,0x000000f0b5400000)]
  0x000002b2271d8100 JavaThread "Finalizer" daemon [_thread_blocked, id=19216, stack(0x000000f0b5400000,0x000000f0b5500000)]
  0x000002b2271f9d50 JavaThread "Signal Dispatcher" daemon [_thread_blocked, id=28016, stack(0x000000f0b5500000,0x000000f0b5600000)]
  0x000002b22721e060 JavaThread "Attach Listener" daemon [_thread_blocked, id=29152, stack(0x000000f0b5600000,0x000000f0b5700000)]
  0x000002b22721e930 JavaThread "Service Thread" daemon [_thread_blocked, id=21216, stack(0x000000f0b5700000,0x000000f0b5800000)]
  0x000002b22721fb10 JavaThread "Monitor Deflation Thread" daemon [_thread_blocked, id=18756, stack(0x000000f0b5800000,0x000000f0b5900000)]
  0x000002b227221810 JavaThread "C2 CompilerThread0" daemon [_thread_blocked, id=22844, stack(0x000000f0b5900000,0x000000f0b5a00000)]
  0x000002b2272263f0 JavaThread "C1 CompilerThread0" daemon [_thread_blocked, id=25080, stack(0x000000f0b5a00000,0x000000f0b5b00000)]
  0x000002b227230e10 JavaThread "Sweeper thread" daemon [_thread_blocked, id=27592, stack(0x000000f0b5b00000,0x000000f0b5c00000)]
  0x000002b227376420 JavaThread "Common-Cleaner" daemon [_thread_blocked, id=24856, stack(0x000000f0b5c00000,0x000000f0b5d00000)]
  0x000002b2273f9c30 JavaThread "C1 CompilerThread1" daemon [_thread_blocked, id=27420, stack(0x000000f0b5d00000,0x000000f0b5e00000)]
  0x000002b22751de50 JavaThread "JDWP Transport Listener: dt_socket" daemon [_thread_blocked, id=19356, stack(0x000000f0b6100000,0x000000f0b6200000)]
  0x000002b2276ded40 JavaThread "JDWP Event Helper Thread" daemon [_thread_blocked, id=11568, stack(0x000000f0b6200000,0x000000f0b6300000)]
  0x000002b2276bd8b0 JavaThread "JDWP Command Reader" daemon [_thread_in_native, id=10036, stack(0x000000f0b6300000,0x000000f0b6400000)]
  0x000002b227748290 JavaThread "Notification Thread" daemon [_thread_blocked, id=15316, stack(0x000000f0b6400000,0x000000f0b6500000)]
  0x000002b22e243a00 JavaThread "Daemon health stats" [_thread_blocked, id=20364, stack(0x000000f0b7000000,0x000000f0b7100000)]
  0x000002b2273c2e00 JavaThread "Incoming local TCP Connector on port 65082" [_thread_in_native, id=15596, stack(0x000000f0b6000000,0x000000f0b6100000)]
  0x000002b22cf13090 JavaThread "Daemon periodic checks" [_thread_blocked, id=4896, stack(0x000000f0b7100000,0x000000f0b7200000)]
  0x000002b22d3ac830 JavaThread "Daemon" [_thread_blocked, id=26608, stack(0x000000f0b7200000,0x000000f0b7300000)]
  0x000002b22d3acd10 JavaThread "Handler for socket connection from /127.0.0.1:65082 to /127.0.0.1:65084" [_thread_in_native, id=2796, stack(0x000000f0b7300000,0x000000f0b7400000)]
  0x000002b22dacaab0 JavaThread "Cancel handler" [_thread_blocked, id=16236, stack(0x000000f0b7400000,0x000000f0b7500000)]
  0x000002b22dac9b80 JavaThread "Daemon worker" [_thread_blocked, id=30268, stack(0x000000f0b7500000,0x000000f0b7600000)]
  0x000002b22dacc910 JavaThread "Asynchronous log dispatcher for DefaultDaemonConnection: socket connection from /127.0.0.1:65082 to /127.0.0.1:65084" [_thread_blocked, id=22292, stack(0x000000f0b7600000,0x000000f0b7700000)]
  0x000002b22dacafc0 JavaThread "Stdin handler" [_thread_blocked, id=27396, stack(0x000000f0b7700000,0x000000f0b7800000)]
  0x000002b22dacb4d0 JavaThread "Daemon client event forwarder" [_thread_blocked, id=29128, stack(0x000000f0b7800000,0x000000f0b7900000)]
  0x000002b22dacb9e0 JavaThread "Cache worker for journal cache (C:\Users\27439\.gradle\caches\journal-1)" [_thread_blocked, id=28108, stack(0x000000f0b7e00000,0x000000f0b7f00000)]
  0x000002b22dacbef0 JavaThread "File lock request listener" [_thread_in_native, id=17296, stack(0x000000f0b7f00000,0x000000f0b8000000)]
  0x000002b22daca090 JavaThread "Cache worker for file hash cache (C:\Users\27439\.gradle\caches\8.2\fileHashes)" [_thread_blocked, id=28216, stack(0x000000f0b8000000,0x000000f0b8100000)]
  0x000002b22dacc400 JavaThread "File watcher server" daemon [_thread_blocked, id=13588, stack(0x000000f0b8200000,0x000000f0b8300000)]
  0x000002b22dacce20 JavaThread "File watcher consumer" daemon [_thread_blocked, id=8156, stack(0x000000f0b8300000,0x000000f0b8400000)]
  0x000002b22daca5a0 JavaThread "Cache worker for checksums cache (D:\Code\intellij\intellij-cangjie\.gradle\8.2\checksums)" [_thread_blocked, id=28156, stack(0x000000f0b8400000,0x000000f0b8500000)]
  0x000002b22dd28fe0 JavaThread "Cache worker for cache directory md-rule (C:\Users\27439\.gradle\caches\8.2\md-rule)" [_thread_blocked, id=324, stack(0x000000f0b8500000,0x000000f0b8600000)]
  0x000002b22dd2cca0 JavaThread "Cache worker for file content cache (C:\Users\27439\.gradle\caches\8.2\fileContent)" [_thread_blocked, id=26852, stack(0x000000f0b8600000,0x000000f0b8700000)]
  0x000002b22dd29f10 JavaThread "Cache worker for file hash cache (D:\Code\intellij\intellij-cangjie\.gradle\8.2\fileHashes)" [_thread_blocked, id=23196, stack(0x000000f0b8700000,0x000000f0b8800000)]
  0x000002b22dd2bd70 JavaThread "Cache worker for cache directory md-supplier (C:\Users\27439\.gradle\caches\8.2\md-supplier)" [_thread_blocked, id=25856, stack(0x000000f0b8800000,0x000000f0b8900000)]
  0x000002b22dd294f0 JavaThread "Cache worker for execution history cache (C:\Users\27439\.gradle\caches\8.2\executionHistory)" [_thread_blocked, id=9020, stack(0x000000f0b8900000,0x000000f0b8a00000)]
  0x000002b22dd2d1b0 JavaThread "jar transforms" [_thread_blocked, id=17604, stack(0x000000f0b8b00000,0x000000f0b8c00000)]
  0x000002b22dd27ba0 JavaThread "jar transforms Thread 2" [_thread_blocked, id=10572, stack(0x000000f0b8c00000,0x000000f0b8d00000)]
  0x000002b22dd2dbd0 JavaThread "jar transforms Thread 3" [_thread_blocked, id=27252, stack(0x000000f0b8d00000,0x000000f0b8e00000)]
  0x000002b22dd2c280 JavaThread "jar transforms Thread 4" [_thread_blocked, id=3148, stack(0x000000f0b8e00000,0x000000f0b8f00000)]
  0x000002b22dd2ae40 JavaThread "jar transforms Thread 5" [_thread_blocked, id=26780, stack(0x000000f0b8f00000,0x000000f0b9000000)]
  0x000002b22dd26760 JavaThread "jar transforms Thread 6" [_thread_blocked, id=8500, stack(0x000000f0b9000000,0x000000f0b9100000)]
  0x000002b22dd28ad0 JavaThread "Cache worker for kotlin-dsl (C:\Users\27439\.gradle\caches\8.2\kotlin-dsl)" [_thread_blocked, id=10364, stack(0x000000f0b9100000,0x000000f0b9200000)]
  0x000002b22dd29a00 JavaThread "jar transforms Thread 7" [_thread_blocked, id=26224, stack(0x000000f0b9200000,0x000000f0b9300000)]
  0x000002b22dd2a420 JavaThread "jar transforms Thread 8" [_thread_blocked, id=9436, stack(0x000000f0b9300000,0x000000f0b9400000)]
  0x000002b22dd280b0 JavaThread "Unconstrained build operations" [_thread_blocked, id=14192, stack(0x000000f0b9400000,0x000000f0b9500000)]
  0x000002b22dd285c0 JavaThread "Unconstrained build operations Thread 2" [_thread_blocked, id=30656, stack(0x000000f0b9500000,0x000000f0b9600000)]
  0x000002b22dd26c70 JavaThread "jar transforms Thread 9" [_thread_blocked, id=25788, stack(0x000000f0b9600000,0x000000f0b9700000)]
  0x000002b22dd27690 JavaThread "jar transforms Thread 10" [_thread_blocked, id=27724, stack(0x000000f0b9700000,0x000000f0b9800000)]
  0x000002b22dd2a930 JavaThread "jar transforms Thread 11" [_thread_blocked, id=30688, stack(0x000000f0b9800000,0x000000f0b9900000)]
  0x000002b22dd2b860 JavaThread "jar transforms Thread 12" [_thread_blocked, id=29712, stack(0x000000f0b9900000,0x000000f0b9a00000)]
  0x000002b22dd2c790 JavaThread "jar transforms Thread 13" [_thread_blocked, id=2288, stack(0x000000f0b9a00000,0x000000f0b9b00000)]
  0x000002b22dd27180 JavaThread "jar transforms Thread 14" [_thread_blocked, id=2996, stack(0x000000f0b9b00000,0x000000f0b9c00000)]
  0x000002b22dacd330 JavaThread "Cache worker for dependencies-accessors (D:\Code\intellij\intellij-cangjie\.gradle\8.2\dependencies-accessors)" [_thread_blocked, id=15268, stack(0x000000f0b9c00000,0x000000f0b9d00000)]
  0x000002b231ba6f50 JavaThread "Cache worker for Build Output Cleanup Cache (D:\Code\intellij\intellij-cangjie\.gradle\buildOutputCleanup)" [_thread_blocked, id=18308, stack(0x000000f0b9d00000,0x000000f0b9e00000)]
  0x000002b231ba7970 JavaThread "jar transforms Thread 15" [_thread_blocked, id=29576, stack(0x000000f0b9e00000,0x000000f0b9f00000)]
  0x000002b231ba7460 JavaThread "jar transforms Thread 16" [_thread_blocked, id=7560, stack(0x000000f0b9f00000,0x000000f0ba000000)]
  0x000002b231ba2d80 JavaThread "Unconstrained build operations Thread 3" [_thread_blocked, id=9316, stack(0x000000f0ba000000,0x000000f0ba100000)]
  0x000002b231ba3290 JavaThread "Unconstrained build operations Thread 4" [_thread_blocked, id=26564, stack(0x000000f0ba100000,0x000000f0ba200000)]
  0x000002b231ba1e50 JavaThread "Unconstrained build operations Thread 5" [_thread_blocked, id=22060, stack(0x000000f0ba200000,0x000000f0ba300000)]
  0x000002b231ba5600 JavaThread "Unconstrained build operations Thread 6" [_thread_blocked, id=30088, stack(0x000000f0ba300000,0x000000f0ba400000)]
  0x000002b231ba3cb0 JavaThread "Unconstrained build operations Thread 7" [_thread_blocked, id=27628, stack(0x000000f0ba400000,0x000000f0ba500000)]
  0x000002b231ba7e80 JavaThread "Unconstrained build operations Thread 8" [_thread_blocked, id=29056, stack(0x000000f0ba500000,0x000000f0ba600000)]
  0x000002b231ba37a0 JavaThread "Unconstrained build operations Thread 9" [_thread_blocked, id=18876, stack(0x000000f0ba600000,0x000000f0ba700000)]
  0x000002b231ba41c0 JavaThread "Unconstrained build operations Thread 10" [_thread_blocked, id=28776, stack(0x000000f0ba700000,0x000000f0ba800000)]
  0x000002b231ba2360 JavaThread "Unconstrained build operations Thread 11" [_thread_blocked, id=100, stack(0x000000f0ba800000,0x000000f0ba900000)]
  0x000002b231ba8390 JavaThread "Unconstrained build operations Thread 12" [_thread_blocked, id=22268, stack(0x000000f0ba900000,0x000000f0baa00000)]
  0x000002b231ba6a40 JavaThread "Unconstrained build operations Thread 13" [_thread_blocked, id=26116, stack(0x000000f0baa00000,0x000000f0bab00000)]
  0x000002b231ba50f0 JavaThread "Unconstrained build operations Thread 14" [_thread_blocked, id=25332, stack(0x000000f0bab00000,0x000000f0bac00000)]
  0x000002b231ba2870 JavaThread "Unconstrained build operations Thread 15" [_thread_blocked, id=19672, stack(0x000000f0bac00000,0x000000f0bad00000)]
  0x000002b231ba46d0 JavaThread "Unconstrained build operations Thread 16" [_thread_blocked, id=18864, stack(0x000000f0bad00000,0x000000f0bae00000)]
  0x000002b231ba0f20 JavaThread "Unconstrained build operations Thread 17" [_thread_blocked, id=11516, stack(0x000000f0bae00000,0x000000f0baf00000)]
  0x000002b231ba1430 JavaThread "build event listener" [_thread_blocked, id=13060, stack(0x000000f0baf00000,0x000000f0bb000000)]
  0x000002b231ba4be0 JavaThread "Memory manager" [_thread_blocked, id=26576, stack(0x000000f0bb000000,0x000000f0bb100000)]
  0x000002b2338784d0 JavaThread "Unconstrained build operations Thread 18" [_thread_blocked, id=26008, stack(0x000000f0b8a00000,0x000000f0b8b00000)]
  0x000002b23387a330 JavaThread "Unconstrained build operations Thread 19" [_thread_blocked, id=27668, stack(0x000000f0bb100000,0x000000f0bb200000)]
  0x000002b233877090 JavaThread "Unconstrained build operations Thread 20" [_thread_blocked, id=28124, stack(0x000000f0bb200000,0x000000f0bb300000)]
  0x000002b233875c50 JavaThread "Unconstrained build operations Thread 21" [_thread_blocked, id=15656, stack(0x000000f0bb300000,0x000000f0bb400000)]
  0x000002b233876160 JavaThread "Unconstrained build operations Thread 22" [_thread_blocked, id=16600, stack(0x000000f0bb400000,0x000000f0bb500000)]
  0x000002b23387cbb0 JavaThread "Unconstrained build operations Thread 23" [_thread_blocked, id=8292, stack(0x000000f0bb500000,0x000000f0bb600000)]
  0x000002b23387a840 JavaThread "Unconstrained build operations Thread 24" [_thread_blocked, id=23448, stack(0x000000f0bb600000,0x000000f0bb700000)]
  0x000002b23387ad50 JavaThread "Unconstrained build operations Thread 25" [_thread_blocked, id=30420, stack(0x000000f0bb700000,0x000000f0bb800000)]
  0x000002b23387b260 JavaThread "Unconstrained build operations Thread 26" [_thread_blocked, id=18464, stack(0x000000f0bb800000,0x000000f0bb900000)]
  0x000002b23387c6a0 JavaThread "Unconstrained build operations Thread 27" [_thread_blocked, id=19136, stack(0x000000f0bb900000,0x000000f0bba00000)]
  0x000002b2338789e0 JavaThread "Unconstrained build operations Thread 28" [_thread_blocked, id=11284, stack(0x000000f0bba00000,0x000000f0bbb00000)]
  0x000002b23387c190 JavaThread "Unconstrained build operations Thread 29" [_thread_blocked, id=19840, stack(0x000000f0bbb00000,0x000000f0bbc00000)]
  0x000002b233876670 JavaThread "Unconstrained build operations Thread 30" [_thread_blocked, id=28836, stack(0x000000f0bbc00000,0x000000f0bbd00000)]
  0x000002b233878ef0 JavaThread "Unconstrained build operations Thread 31" [_thread_blocked, id=26024, stack(0x000000f0bbd00000,0x000000f0bbe00000)]
  0x000002b233879400 JavaThread "Unconstrained build operations Thread 32" [_thread_blocked, id=6640, stack(0x000000f0bbe00000,0x000000f0bbf00000)]
  0x000002b2338775a0 JavaThread "Unconstrained build operations Thread 33" [_thread_blocked, id=27136, stack(0x000000f0bbf00000,0x000000f0bc000000)]
  0x000002b23387b770 JavaThread "Unconstrained build operations Thread 34" [_thread_blocked, id=29104, stack(0x000000f0bc000000,0x000000f0bc100000)]
  0x000002b233877ab0 JavaThread "Unconstrained build operations Thread 35" [_thread_blocked, id=29816, stack(0x000000f0bc100000,0x000000f0bc200000)]
  0x000002b23387bc80 JavaThread "Exec process" [_thread_blocked, id=27908, stack(0x000000f0bc200000,0x000000f0bc300000)]
  0x000002b233879910 JavaThread "Exec process Thread 2" [_thread_blocked, id=17264, stack(0x000000f0bc300000,0x000000f0bc400000)]
  0x000002b233875740 JavaThread "Exec process Thread 3" [_thread_blocked, id=25308, stack(0x000000f0bc400000,0x000000f0bc500000)]
  0x000002b23387d0c0 JavaThread "Unconstrained build operations Thread 36" [_thread_blocked, id=10888, stack(0x000000f0bc500000,0x000000f0bc600000)]
  0x000002b233877fc0 JavaThread "Unconstrained build operations Thread 37" [_thread_blocked, id=1356, stack(0x000000f0bc600000,0x000000f0bc700000)]
  0x000002b2313aea30 JavaThread "Unconstrained build operations Thread 38" [_thread_blocked, id=9504, stack(0x000000f0bc700000,0x000000f0bc800000)]
  0x000002b2313b0da0 JavaThread "Unconstrained build operations Thread 39" [_thread_blocked, id=28864, stack(0x000000f0bc800000,0x000000f0bc900000)]
  0x000002b2313a9930 JavaThread "Unconstrained build operations Thread 40" [_thread_blocked, id=26572, stack(0x000000f0bc900000,0x000000f0bca00000)]
  0x000002b2313aad70 JavaThread "Unconstrained build operations Thread 41" [_thread_blocked, id=7204, stack(0x000000f0bca00000,0x000000f0bcb00000)]
  0x000002b2313af450 JavaThread "Unconstrained build operations Thread 42" [_thread_blocked, id=28808, stack(0x000000f0bcb00000,0x000000f0bcc00000)]
  0x000002b2313afe70 JavaThread "Unconstrained build operations Thread 43" [_thread_blocked, id=17332, stack(0x000000f0bcc00000,0x000000f0bcd00000)]
  0x000002b2313ab280 JavaThread "Unconstrained build operations Thread 44" [_thread_blocked, id=26516, stack(0x000000f0bcd00000,0x000000f0bce00000)]
  0x000002b2313ad5f0 JavaThread "Unconstrained build operations Thread 45" [_thread_blocked, id=14984, stack(0x000000f0bce00000,0x000000f0bcf00000)]
  0x000002b2313adb00 JavaThread "Unconstrained build operations Thread 46" [_thread_blocked, id=26636, stack(0x000000f0bcf00000,0x000000f0bd000000)]
  0x000002b2313af960 JavaThread "Unconstrained build operations Thread 47" [_thread_blocked, id=24752, stack(0x000000f0bd000000,0x000000f0bd100000)]
  0x000002b2313ac1b0 JavaThread "Unconstrained build operations Thread 48" [_thread_blocked, id=11008, stack(0x000000f0bd100000,0x000000f0bd200000)]
  0x000002b2313b0380 JavaThread "Unconstrained build operations Thread 49" [_thread_blocked, id=24120, stack(0x000000f0bd200000,0x000000f0bd300000)]
  0x000002b2313ac6c0 JavaThread "Unconstrained build operations Thread 50" [_thread_blocked, id=20340, stack(0x000000f0bd300000,0x000000f0bd400000)]
  0x000002b2313ab790 JavaThread "Unconstrained build operations Thread 51" [_thread_blocked, id=8232, stack(0x000000f0bd400000,0x000000f0bd500000)]
  0x000002b2313a9e40 JavaThread "Unconstrained build operations Thread 52" [_thread_blocked, id=18992, stack(0x000000f0bd500000,0x000000f0bd600000)]
  0x000002b2313aa350 JavaThread "Unconstrained build operations Thread 53" [_thread_blocked, id=1308, stack(0x000000f0bd600000,0x000000f0bd700000)]
  0x000002b2313ae010 JavaThread "Unconstrained build operations Thread 54" [_thread_blocked, id=14068, stack(0x000000f0bd700000,0x000000f0bd800000)]
  0x000002b2313ae520 JavaThread "Unconstrained build operations Thread 55" [_thread_blocked, id=6244, stack(0x000000f0bd800000,0x000000f0bd900000)]
  0x000002b2313aef40 JavaThread "Unconstrained build operations Thread 56" [_thread_blocked, id=25388, stack(0x000000f0bd900000,0x000000f0bda00000)]
  0x000002b2313b0890 JavaThread "Unconstrained build operations Thread 57" [_thread_blocked, id=28896, stack(0x000000f0bda00000,0x000000f0bdb00000)]
  0x000002b2313aa860 JavaThread "Unconstrained build operations Thread 58" [_thread_blocked, id=26016, stack(0x000000f0bdb00000,0x000000f0bdc00000)]
  0x000002b2313abca0 JavaThread "Unconstrained build operations Thread 59" [_thread_blocked, id=16212, stack(0x000000f0bdc00000,0x000000f0bdd00000)]
  0x000002b2313acbd0 JavaThread "Unconstrained build operations Thread 60" [_thread_blocked, id=16524, stack(0x000000f0bdd00000,0x000000f0bde00000)]
  0x000002b2313ad0e0 JavaThread "Unconstrained build operations Thread 61" [_thread_blocked, id=11120, stack(0x000000f0bde00000,0x000000f0bdf00000)]
  0x000002b22e849bc0 JavaThread "Unconstrained build operations Thread 62" [_thread_blocked, id=29808, stack(0x000000f0bdf00000,0x000000f0be000000)]
  0x000002b22e84c440 JavaThread "Unconstrained build operations Thread 63" [_thread_blocked, id=25116, stack(0x000000f0be000000,0x000000f0be100000)]
  0x000002b22e84a5e0 JavaThread "Unconstrained build operations Thread 64" [_thread_blocked, id=5484, stack(0x000000f0be100000,0x000000f0be200000)]
  0x000002b22e84a0d0 JavaThread "Unconstrained build operations Thread 65" [_thread_blocked, id=8620, stack(0x000000f0be200000,0x000000f0be300000)]
  0x000002b22e84b510 JavaThread "Unconstrained build operations Thread 66" [_thread_blocked, id=19928, stack(0x000000f0be300000,0x000000f0be400000)]
  0x000002b22e84ba20 JavaThread "Unconstrained build operations Thread 67" [_thread_blocked, id=27804, stack(0x000000f0be400000,0x000000f0be500000)]
  0x000002b22e84bf30 JavaThread "Unconstrained build operations Thread 68" [_thread_blocked, id=12996, stack(0x000000f0be500000,0x000000f0be600000)]
  0x000002b22e8491a0 JavaThread "Unconstrained build operations Thread 69" [_thread_blocked, id=1612, stack(0x000000f0be600000,0x000000f0be700000)]
  0x000002b22e8496b0 JavaThread "Unconstrained build operations Thread 70" [_thread_blocked, id=27836, stack(0x000000f0be700000,0x000000f0be800000)]
  0x000002b2313b12b0 JavaThread "Unconstrained build operations Thread 71" [_thread_blocked, id=25544, stack(0x000000f0be800000,0x000000f0be900000)]
  0x000002b238554810 JavaThread "Unconstrained build operations Thread 72" [_thread_blocked, id=27912, stack(0x000000f0be900000,0x000000f0bea00000)]
  0x000002b2385538e0 JavaThread "Unconstrained build operations Thread 73" [_thread_blocked, id=30092, stack(0x000000f0bea00000,0x000000f0beb00000)]
  0x000002b238556670 JavaThread "Unconstrained build operations Thread 74" [_thread_blocked, id=30308, stack(0x000000f0beb00000,0x000000f0bec00000)]
  0x000002b238555c50 JavaThread "Unconstrained build operations Thread 75" [_thread_blocked, id=22908, stack(0x000000f0bec00000,0x000000f0bed00000)]
  0x000002b238553df0 JavaThread "included builds" [_thread_blocked, id=9616, stack(0x000000f0bed00000,0x000000f0bee00000)]
  0x000002b238556b80 JavaThread "Execution worker" [_thread_blocked, id=27284, stack(0x000000f0bee00000,0x000000f0bef00000)]
  0x000002b238554300 JavaThread "Execution worker Thread 2" [_thread_blocked, id=28904, stack(0x000000f0bef00000,0x000000f0bf000000)]
  0x000002b238555230 JavaThread "Execution worker Thread 3" [_thread_blocked, id=16088, stack(0x000000f0bf000000,0x000000f0bf100000)]
  0x000002b238554d20 JavaThread "Execution worker Thread 4" [_thread_blocked, id=30300, stack(0x000000f0bf100000,0x000000f0bf200000)]
  0x000002b238556160 JavaThread "Execution worker Thread 5" [_thread_blocked, id=27660, stack(0x000000f0bf200000,0x000000f0bf300000)]
  0x000002b238555740 JavaThread "Execution worker Thread 6" [_thread_blocked, id=29332, stack(0x000000f0bf300000,0x000000f0bf400000)]
  0x000002b23897abd0 JavaThread "Execution worker Thread 7" [_thread_blocked, id=29260, stack(0x000000f0bf400000,0x000000f0bf500000)]
  0x000002b23897bb00 JavaThread "Execution worker Thread 8" [_thread_blocked, id=29300, stack(0x000000f0bf500000,0x000000f0bf600000)]
  0x000002b23897c010 JavaThread "Execution worker Thread 9" [_thread_blocked, id=29312, stack(0x000000f0bf600000,0x000000f0bf700000)]
  0x000002b23897e890 JavaThread "Execution worker Thread 10" [_thread_blocked, id=29304, stack(0x000000f0bf700000,0x000000f0bf800000)]
  0x000002b23897e380 JavaThread "Execution worker Thread 11" [_thread_blocked, id=29256, stack(0x000000f0bf800000,0x000000f0bf900000)]
  0x000002b23897d960 JavaThread "Execution worker Thread 12" [_thread_blocked, id=27500, stack(0x000000f0bf900000,0x000000f0bfa00000)]
  0x000002b23897de70 JavaThread "Execution worker Thread 13" [_thread_blocked, id=18820, stack(0x000000f0bfa00000,0x000000f0bfb00000)]
  0x000002b23897eda0 JavaThread "Execution worker Thread 14" [_thread_blocked, id=26456, stack(0x000000f0bfb00000,0x000000f0bfc00000)]
  0x000002b23897f2b0 JavaThread "Execution worker Thread 15" [_thread_blocked, id=27824, stack(0x000000f0bfc00000,0x000000f0bfd00000)]
  0x000002b23897f7c0 JavaThread "Cache worker for execution history cache (D:\Code\intellij\intellij-cangjie\.gradle\8.2\executionHistory)" [_thread_blocked, id=5540, stack(0x000000f0bfd00000,0x000000f0bfe00000)]
  0x000002b23897fcd0 JavaThread "Unconstrained build operations Thread 76" [_thread_blocked, id=3572, stack(0x000000f0bfe00000,0x000000f0bff00000)]
  0x000002b23897b0e0 JavaThread "Unconstrained build operations Thread 77" [_thread_blocked, id=30068, stack(0x000000f0bff00000,0x000000f0c0000000)]
  0x000002b238980c00 JavaThread "Unconstrained build operations Thread 78" [_thread_blocked, id=9328, stack(0x000000f0c0000000,0x000000f0c0100000)]
  0x000002b2389806f0 JavaThread "Unconstrained build operations Thread 79" [_thread_blocked, id=2700, stack(0x000000f0c0100000,0x000000f0c0200000)]
  0x000002b238979790 JavaThread "Unconstrained build operations Thread 80" [_thread_blocked, id=29156, stack(0x000000f0c0200000,0x000000f0c0300000)]
  0x000002b23897b5f0 JavaThread "Unconstrained build operations Thread 81" [_thread_blocked, id=21420, stack(0x000000f0c0300000,0x000000f0c0400000)]
  0x000002b23897cf40 JavaThread "Unconstrained build operations Thread 82" [_thread_blocked, id=29472, stack(0x000000f0c0400000,0x000000f0c0500000)]
  0x000002b23897c520 JavaThread "Unconstrained build operations Thread 83" [_thread_blocked, id=26132, stack(0x000000f0c0500000,0x000000f0c0600000)]
  0x000002b23897d450 JavaThread "Unconstrained build operations Thread 84" [_thread_blocked, id=21496, stack(0x000000f0c0600000,0x000000f0c0700000)]
  0x000002b238981110 JavaThread "Unconstrained build operations Thread 85" [_thread_blocked, id=15308, stack(0x000000f0c0700000,0x000000f0c0800000)]
  0x000002b23897a6c0 JavaThread "Unconstrained build operations Thread 86" [_thread_blocked, id=23872, stack(0x000000f0c0800000,0x000000f0c0900000)]
  0x000002b238ba03d0 JavaThread "Cache worker for Java compile cache (C:\Users\27439\.gradle\caches\8.2\javaCompile)" [_thread_blocked, id=18524, stack(0x000000f0c0900000,0x000000f0c0a00000)]
  0x000002b22c8869f0 JavaThread "C2 CompilerThread1" daemon [_thread_blocked, id=29244, stack(0x000000f0b5f00000,0x000000f0b6000000)]
  0x000002b238b9e060 JavaThread "Build operations" [_thread_blocked, id=25720, stack(0x000000f0b8100000,0x000000f0b8200000)]
  0x000002b238ba1300 JavaThread "Build operations Thread 2" [_thread_blocked, id=6832, stack(0x000000f0c1300000,0x000000f0c1400000)]
  0x000002b238b9fec0 JavaThread "Build operations Thread 3" [_thread_blocked, id=25700, stack(0x000000f0c1400000,0x000000f0c1500000)]
  0x000002b238b9ef90 JavaThread "Build operations Thread 4" [_thread_blocked, id=16144, stack(0x000000f0c1500000,0x000000f0c1600000)]
  0x000002b238ba1810 JavaThread "Build operations Thread 5" [_thread_blocked, id=2156, stack(0x000000f0c1600000,0x000000f0c1700000)]
  0x000002b238ba08e0 JavaThread "Build operations Thread 6" [_thread_blocked, id=28136, stack(0x000000f0c1700000,0x000000f0c1800000)]
  0x000002b238b9e570 JavaThread "Build operations Thread 7" [_thread_blocked, id=19368, stack(0x000000f0c1800000,0x000000f0c1900000)]
  0x000002b238b9ea80 JavaThread "Build operations Thread 8" [_thread_blocked, id=26532, stack(0x000000f0c1900000,0x000000f0c1a00000)]
  0x000002b238b9f4a0 JavaThread "Build operations Thread 9" [_thread_blocked, id=14016, stack(0x000000f0c1a00000,0x000000f0c1b00000)]
  0x000002b238b9f9b0 JavaThread "Build operations Thread 10" [_thread_blocked, id=7228, stack(0x000000f0c1b00000,0x000000f0c1c00000)]
  0x000002b238ba0df0 JavaThread "Build operations Thread 11" [_thread_blocked, id=25016, stack(0x000000f0c1c00000,0x000000f0c1d00000)]
  0x000002b2337e8600 JavaThread "Build operations Thread 12" [_thread_blocked, id=25040, stack(0x000000f0c1d00000,0x000000f0c1e00000)]
  0x000002b2337ee120 JavaThread "Build operations Thread 13" [_thread_blocked, id=30500, stack(0x000000f0c1e00000,0x000000f0c1f00000)]
  0x000002b2337ee630 JavaThread "Build operations Thread 14" [_thread_blocked, id=10676, stack(0x000000f0c1f00000,0x000000f0c2000000)]
  0x000002b2337ec7d0 JavaThread "Build operations Thread 15" [_thread_blocked, id=7960, stack(0x000000f0c2000000,0x000000f0c2100000)]

Other Threads:
=>0x000002b226e9d540 VMThread "VM Thread" [stack: 0x000000f0b5200000,0x000000f0b5300000] [id=20528]
  0x000002b22775e030 WatcherThread [stack: 0x000000f0b6500000,0x000000f0b6600000] [id=29124]
  0x000002b207b7d7e0 GCTaskThread "GC Thread#0" [stack: 0x000000f0b4d00000,0x000000f0b4e00000] [id=2044]
  0x000002b227ddf240 GCTaskThread "GC Thread#1" [stack: 0x000000f0b6600000,0x000000f0b6700000] [id=24828]
  0x000002b22ce20a00 GCTaskThread "GC Thread#2" [stack: 0x000000f0b6700000,0x000000f0b6800000] [id=12840]
  0x000002b22ce20cc0 GCTaskThread "GC Thread#3" [stack: 0x000000f0b6800000,0x000000f0b6900000] [id=28708]
  0x000002b22ca3d2c0 GCTaskThread "GC Thread#4" [stack: 0x000000f0b6900000,0x000000f0b6a00000] [id=26940]
  0x000002b227ea8c30 GCTaskThread "GC Thread#5" [stack: 0x000000f0b6a00000,0x000000f0b6b00000] [id=22316]
  0x000002b227c63b10 GCTaskThread "GC Thread#6" [stack: 0x000000f0b6b00000,0x000000f0b6c00000] [id=25912]
  0x000002b227c3e9e0 GCTaskThread "GC Thread#7" [stack: 0x000000f0b6c00000,0x000000f0b6d00000] [id=30460]
  0x000002b227c3eca0 GCTaskThread "GC Thread#8" [stack: 0x000000f0b6d00000,0x000000f0b6e00000] [id=7976]
  0x000002b22c65c130 GCTaskThread "GC Thread#9" [stack: 0x000000f0b6f00000,0x000000f0b7000000] [id=4860]
  0x000002b22e08f340 GCTaskThread "GC Thread#10" [stack: 0x000000f0b7900000,0x000000f0b7a00000] [id=25784]
  0x000002b22d5495c0 GCTaskThread "GC Thread#11" [stack: 0x000000f0b7a00000,0x000000f0b7b00000] [id=26736]
  0x000002b22d01fa80 GCTaskThread "GC Thread#12" [stack: 0x000000f0b7b00000,0x000000f0b7c00000] [id=12776]
  0x000002b207b8a730 ConcurrentGCThread "G1 Main Marker" [stack: 0x000000f0b4e00000,0x000000f0b4f00000] [id=8676]
  0x000002b207b8b8f0 ConcurrentGCThread "G1 Conc#0" [stack: 0x000000f0b4f00000,0x000000f0b5000000] [id=6744]
  0x000002b22d01ecc0 ConcurrentGCThread "G1 Conc#1" [stack: 0x000000f0b7c00000,0x000000f0b7d00000] [id=3616]
  0x000002b22d01f500 ConcurrentGCThread "G1 Conc#2" [stack: 0x000000f0b7d00000,0x000000f0b7e00000] [id=28892]
  0x000002b207bcd7c0 ConcurrentGCThread "G1 Refine#0" [stack: 0x000000f0b5000000,0x000000f0b5100000] [id=10292]
  0x000002b2383266a0 ConcurrentGCThread "G1 Refine#1" [stack: 0x000000f0c0a00000,0x000000f0c0b00000] [id=25204]
  0x000002b238323a90 ConcurrentGCThread "G1 Refine#2" [stack: 0x000000f0c0b00000,0x000000f0c0c00000] [id=21064]
  0x000002b238326990 ConcurrentGCThread "G1 Refine#3" [stack: 0x000000f0c0c00000,0x000000f0c0d00000] [id=18264]
  0x000002b238325500 ConcurrentGCThread "G1 Refine#4" [stack: 0x000000f0c0d00000,0x000000f0c0e00000] [id=28456]
  0x000002b238327260 ConcurrentGCThread "G1 Refine#5" [stack: 0x000000f0c0e00000,0x000000f0c0f00000] [id=28480]
  0x000002b2383260c0 ConcurrentGCThread "G1 Refine#6" [stack: 0x000000f0c0f00000,0x000000f0c1000000] [id=27492]
  0x000002b238325210 ConcurrentGCThread "G1 Refine#7" [stack: 0x000000f0c1000000,0x000000f0c1100000] [id=3772]
  0x000002b238325ae0 ConcurrentGCThread "G1 Refine#8" [stack: 0x000000f0c1100000,0x000000f0c1200000] [id=30436]
  0x000002b238323d80 ConcurrentGCThread "G1 Refine#9" [stack: 0x000000f0c1200000,0x000000f0c1300000] [id=6156]
  0x000002b2383257f0 ConcurrentGCThread "G1 Refine#10" [stack: 0x000000f0c2100000,0x000000f0c2200000] [id=30256]
  0x000002b238325dd0 ConcurrentGCThread "G1 Refine#11" [stack: 0x000000f0c2200000,0x000000f0c2300000] [id=26460]
  0x000002b238326c80 ConcurrentGCThread "G1 Refine#12" [stack: 0x000000f0c2300000,0x000000f0c2400000] [id=25044]
  0x000002b207bce1f0 ConcurrentGCThread "G1 Service" [stack: 0x000000f0b5100000,0x000000f0b5200000] [id=14916]

Threads with active compile tasks:
C2 CompilerThread0    13468 13339       4       sun.nio.fs.WindowsPath::compareTo (118 bytes)

VM state: at safepoint (normal execution)

VM Mutex/Monitor currently owned by a thread:  ([mutex/lock_event])
[0x000002b207b20650] Threads_lock - owner thread: 0x000002b226e9d540
[0x000002b207b216a0] Heap_lock - owner thread: 0x000002b238b9ef90

Heap address: 0x0000000740000000, size: 3072 MB, Compressed Oops mode: Zero based, Oop shift amount: 3

CDS archive(s) not mapped
Compressed class space mapped at: 0x0000000800000000-0x0000000840000000, reserved size: 1073741824
Narrow klass base: 0x0000000800000000, Narrow klass shift: 0, Narrow klass range: 0x40000000

GC Precious Log:
 CPUs: 16 total, 16 available
 Memory: 15613M
 Large Page Support: Disabled
 NUMA Support: Disabled
 Compressed Oops: Enabled (Zero based)
 Heap Region Size: 2M
 Heap Min Capacity: 8M
 Heap Initial Capacity: 244M
 Heap Max Capacity: 3G
 Pre-touch: Disabled
 Parallel Workers: 13
 Concurrent Workers: 3
 Concurrent Refinement Workers: 13
 Periodic GC: Disabled

Heap:
 garbage-first heap   total 401408K, used 269041K [0x0000000740000000, 0x0000000800000000)
  region size 2048K, 3 young (6144K), 3 survivors (6144K)
 Metaspace       used 96686K, committed 97536K, reserved 1179648K
  class space    used 12973K, committed 13376K, reserved 1048576K

Heap Regions: E=young(eden), S=young(survivor), O=old, HS=humongous(starts), HC=humongous(continues), CS=collection set, F=free, OA=open archive, CA=closed archive, TAMS=top-at-mark-start (previous, next)
|   0|0x0000000740000000, 0x0000000740200000, 0x0000000740200000|100%|HS|  |TAMS 0x0000000740200000, 0x0000000740200000| Complete 
|   1|0x0000000740200000, 0x0000000740400000, 0x0000000740400000|100%|HC|  |TAMS 0x0000000740400000, 0x0000000740400000| Complete 
|   2|0x0000000740400000, 0x0000000740600000, 0x0000000740600000|100%| O|  |TAMS 0x0000000740600000, 0x0000000740600000| Untracked 
|   3|0x0000000740600000, 0x0000000740800000, 0x0000000740800000|100%| O|  |TAMS 0x0000000740800000, 0x0000000740800000| Untracked 
|   4|0x0000000740800000, 0x0000000740a00000, 0x0000000740a00000|100%| O|  |TAMS 0x0000000740a00000, 0x0000000740a00000| Untracked 
|   5|0x0000000740a00000, 0x0000000740c00000, 0x0000000740c00000|100%| O|  |TAMS 0x0000000740c00000, 0x0000000740c00000| Untracked 
|   6|0x0000000740c00000, 0x0000000740e00000, 0x0000000740e00000|100%| O|  |TAMS 0x0000000740e00000, 0x0000000740e00000| Untracked 
|   7|0x0000000740e00000, 0x0000000741000000, 0x0000000741000000|100%| O|  |TAMS 0x0000000741000000, 0x0000000741000000| Untracked 
|   8|0x0000000741000000, 0x0000000741200000, 0x0000000741200000|100%| O|  |TAMS 0x0000000741200000, 0x0000000741200000| Untracked 
|   9|0x0000000741200000, 0x0000000741400000, 0x0000000741400000|100%| O|  |TAMS 0x0000000741400000, 0x0000000741400000| Untracked 
|  10|0x0000000741400000, 0x00000007415eba00, 0x0000000741600000| 96%| O|  |TAMS 0x00000007415eba00, 0x00000007415eba00| Untracked 
|  11|0x0000000741600000, 0x0000000741800000, 0x0000000741800000|100%| O|  |TAMS 0x0000000741800000, 0x0000000741800000| Untracked 
|  12|0x0000000741800000, 0x0000000741a00000, 0x0000000741a00000|100%| O|  |TAMS 0x0000000741a00000, 0x0000000741a00000| Untracked 
|  13|0x0000000741a00000, 0x0000000741c00000, 0x0000000741c00000|100%| O|  |TAMS 0x0000000741c00000, 0x0000000741c00000| Untracked 
|  14|0x0000000741c00000, 0x0000000741e00000, 0x0000000741e00000|100%| O|  |TAMS 0x0000000741e00000, 0x0000000741e00000| Untracked 
|  15|0x0000000741e00000, 0x0000000742000000, 0x0000000742000000|100%|HS|  |TAMS 0x0000000742000000, 0x0000000742000000| Complete 
|  16|0x0000000742000000, 0x0000000742200000, 0x0000000742200000|100%|HS|  |TAMS 0x0000000742200000, 0x0000000742200000| Complete 
|  17|0x0000000742200000, 0x0000000742400000, 0x0000000742400000|100%|HS|  |TAMS 0x0000000742400000, 0x0000000742400000| Complete 
|  18|0x0000000742400000, 0x0000000742600000, 0x0000000742600000|100%|HC|  |TAMS 0x0000000742600000, 0x0000000742600000| Complete 
|  19|0x0000000742600000, 0x0000000742800000, 0x0000000742800000|100%|HS|  |TAMS 0x0000000742800000, 0x0000000742800000| Complete 
|  20|0x0000000742800000, 0x0000000742a00000, 0x0000000742a00000|100%|HC|  |TAMS 0x0000000742a00000, 0x0000000742a00000| Complete 
|  21|0x0000000742a00000, 0x0000000742c00000, 0x0000000742c00000|100%| O|  |TAMS 0x0000000742c00000, 0x0000000742c00000| Untracked 
|  22|0x0000000742c00000, 0x0000000742e00000, 0x0000000742e00000|100%| O|  |TAMS 0x0000000742e00000, 0x0000000742e00000| Untracked 
|  23|0x0000000742e00000, 0x0000000743000000, 0x0000000743000000|100%| O|  |TAMS 0x0000000743000000, 0x0000000743000000| Untracked 
|  24|0x0000000743000000, 0x0000000743200000, 0x0000000743200000|100%| O|  |TAMS 0x0000000743200000, 0x0000000743200000| Untracked 
|  25|0x0000000743200000, 0x0000000743400000, 0x0000000743400000|100%| O|  |TAMS 0x0000000743400000, 0x0000000743400000| Untracked 
|  26|0x0000000743400000, 0x0000000743600000, 0x0000000743600000|100%| O|  |TAMS 0x0000000743600000, 0x0000000743600000| Untracked 
|  27|0x0000000743600000, 0x0000000743800000, 0x0000000743800000|100%| O|  |TAMS 0x0000000743800000, 0x0000000743800000| Untracked 
|  28|0x0000000743800000, 0x0000000743a00000, 0x0000000743a00000|100%| O|  |TAMS 0x0000000743a00000, 0x0000000743a00000| Untracked 
|  29|0x0000000743a00000, 0x0000000743c00000, 0x0000000743c00000|100%| O|  |TAMS 0x0000000743c00000, 0x0000000743c00000| Untracked 
|  30|0x0000000743c00000, 0x0000000743e00000, 0x0000000743e00000|100%| O|  |TAMS 0x0000000743e00000, 0x0000000743e00000| Untracked 
|  31|0x0000000743e00000, 0x0000000744000000, 0x0000000744000000|100%| O|  |TAMS 0x0000000744000000, 0x0000000744000000| Untracked 
|  32|0x0000000744000000, 0x0000000744200000, 0x0000000744200000|100%| O|  |TAMS 0x0000000744200000, 0x0000000744200000| Untracked 
|  33|0x0000000744200000, 0x0000000744400000, 0x0000000744400000|100%| O|  |TAMS 0x0000000744400000, 0x0000000744400000| Untracked 
|  34|0x0000000744400000, 0x0000000744600000, 0x0000000744600000|100%| O|  |TAMS 0x0000000744600000, 0x0000000744600000| Untracked 
|  35|0x0000000744600000, 0x0000000744800000, 0x0000000744800000|100%| O|  |TAMS 0x0000000744800000, 0x0000000744800000| Untracked 
|  36|0x0000000744800000, 0x0000000744a00000, 0x0000000744a00000|100%| O|  |TAMS 0x0000000744a00000, 0x0000000744a00000| Untracked 
|  37|0x0000000744a00000, 0x0000000744c00000, 0x0000000744c00000|100%| O|  |TAMS 0x0000000744c00000, 0x0000000744c00000| Untracked 
|  38|0x0000000744c00000, 0x0000000744e00000, 0x0000000744e00000|100%| O|  |TAMS 0x0000000744e00000, 0x0000000744e00000| Untracked 
|  39|0x0000000744e00000, 0x0000000745000000, 0x0000000745000000|100%| O|  |TAMS 0x0000000744e00000, 0x0000000745000000| Untracked 
|  40|0x0000000745000000, 0x0000000745200000, 0x0000000745200000|100%| O|  |TAMS 0x0000000745200000, 0x0000000745200000| Untracked 
|  41|0x0000000745200000, 0x0000000745400000, 0x0000000745400000|100%| O|  |TAMS 0x0000000745400000, 0x0000000745400000| Untracked 
|  42|0x0000000745400000, 0x0000000745600000, 0x0000000745600000|100%| O|  |TAMS 0x0000000745600000, 0x0000000745600000| Untracked 
|  43|0x0000000745600000, 0x0000000745800000, 0x0000000745800000|100%| O|  |TAMS 0x0000000745800000, 0x0000000745800000| Untracked 
|  44|0x0000000745800000, 0x0000000745a00000, 0x0000000745a00000|100%| O|  |TAMS 0x0000000745a00000, 0x0000000745a00000| Untracked 
|  45|0x0000000745a00000, 0x0000000745c00000, 0x0000000745c00000|100%| O|  |TAMS 0x0000000745c00000, 0x0000000745c00000| Untracked 
|  46|0x0000000745c00000, 0x0000000745e00000, 0x0000000745e00000|100%| O|  |TAMS 0x0000000745e00000, 0x0000000745e00000| Untracked 
|  47|0x0000000745e00000, 0x0000000746000000, 0x0000000746000000|100%| O|  |TAMS 0x0000000746000000, 0x0000000746000000| Untracked 
|  48|0x0000000746000000, 0x0000000746200000, 0x0000000746200000|100%| O|  |TAMS 0x0000000746200000, 0x0000000746200000| Untracked 
|  49|0x0000000746200000, 0x0000000746400000, 0x0000000746400000|100%| O|  |TAMS 0x0000000746400000, 0x0000000746400000| Untracked 
|  50|0x0000000746400000, 0x0000000746600000, 0x0000000746600000|100%| O|  |TAMS 0x0000000746600000, 0x0000000746600000| Untracked 
|  51|0x0000000746600000, 0x0000000746800000, 0x0000000746800000|100%| O|  |TAMS 0x0000000746800000, 0x0000000746800000| Untracked 
|  52|0x0000000746800000, 0x0000000746a00000, 0x0000000746a00000|100%|HS|  |TAMS 0x0000000746a00000, 0x0000000746a00000| Complete 
|  53|0x0000000746a00000, 0x0000000746c00000, 0x0000000746c00000|100%|HS|  |TAMS 0x0000000746c00000, 0x0000000746c00000| Complete 
|  54|0x0000000746c00000, 0x0000000746e00000, 0x0000000746e00000|100%| O|  |TAMS 0x0000000746e00000, 0x0000000746e00000| Untracked 
|  55|0x0000000746e00000, 0x0000000747000000, 0x0000000747000000|100%| O|  |TAMS 0x0000000747000000, 0x0000000747000000| Untracked 
|  56|0x0000000747000000, 0x0000000747200000, 0x0000000747200000|100%| O|  |TAMS 0x0000000747200000, 0x0000000747200000| Untracked 
|  57|0x0000000747200000, 0x0000000747400000, 0x0000000747400000|100%| O|  |TAMS 0x0000000747400000, 0x0000000747400000| Untracked 
|  58|0x0000000747400000, 0x0000000747600000, 0x0000000747600000|100%| O|  |TAMS 0x0000000747600000, 0x0000000747600000| Untracked 
|  59|0x0000000747600000, 0x0000000747800000, 0x0000000747800000|100%| O|  |TAMS 0x0000000747800000, 0x0000000747800000| Untracked 
|  60|0x0000000747800000, 0x0000000747a00000, 0x0000000747a00000|100%| O|  |TAMS 0x0000000747a00000, 0x0000000747a00000| Untracked 
|  61|0x0000000747a00000, 0x0000000747c00000, 0x0000000747c00000|100%| O|  |TAMS 0x0000000747a00000, 0x0000000747c00000| Untracked 
|  62|0x0000000747c00000, 0x0000000747e00000, 0x0000000747e00000|100%| O|  |TAMS 0x0000000747c00000, 0x0000000747e00000| Untracked 
|  63|0x0000000747e00000, 0x0000000748000000, 0x0000000748000000|100%| O|  |TAMS 0x0000000747e00000, 0x0000000748000000| Untracked 
|  64|0x0000000748000000, 0x0000000748200000, 0x0000000748200000|100%| O|  |TAMS 0x0000000748200000, 0x0000000748200000| Untracked 
|  65|0x0000000748200000, 0x0000000748400000, 0x0000000748400000|100%| O|  |TAMS 0x0000000748400000, 0x0000000748400000| Untracked 
|  66|0x0000000748400000, 0x0000000748600000, 0x0000000748600000|100%| O|  |TAMS 0x0000000748464600, 0x0000000748600000| Untracked 
|  67|0x0000000748600000, 0x0000000748800000, 0x0000000748800000|100%| O|  |TAMS 0x0000000748600000, 0x0000000748800000| Untracked 
|  68|0x0000000748800000, 0x0000000748a00000, 0x0000000748a00000|100%| O|  |TAMS 0x0000000748800000, 0x0000000748a00000| Untracked 
|  69|0x0000000748a00000, 0x0000000748c00000, 0x0000000748c00000|100%| O|  |TAMS 0x0000000748a00000, 0x0000000748c00000| Untracked 
|  70|0x0000000748c00000, 0x0000000748e00000, 0x0000000748e00000|100%| O|  |TAMS 0x0000000748c00000, 0x0000000748e00000| Untracked 
|  71|0x0000000748e00000, 0x0000000749000000, 0x0000000749000000|100%| O|  |TAMS 0x0000000748e00000, 0x0000000749000000| Untracked 
|  72|0x0000000749000000, 0x0000000749200000, 0x0000000749200000|100%| O|  |TAMS 0x0000000749000000, 0x0000000749200000| Untracked 
|  73|0x0000000749200000, 0x0000000749400000, 0x0000000749400000|100%| O|  |TAMS 0x0000000749200000, 0x0000000749400000| Untracked 
|  74|0x0000000749400000, 0x0000000749600000, 0x0000000749600000|100%| O|  |TAMS 0x0000000749400000, 0x0000000749600000| Untracked 
|  75|0x0000000749600000, 0x0000000749800000, 0x0000000749800000|100%| O|  |TAMS 0x0000000749600000, 0x0000000749800000| Untracked 
|  76|0x0000000749800000, 0x0000000749a00000, 0x0000000749a00000|100%| O|  |TAMS 0x0000000749800000, 0x0000000749a00000| Untracked 
|  77|0x0000000749a00000, 0x0000000749c00000, 0x0000000749c00000|100%| O|  |TAMS 0x0000000749a00000, 0x0000000749c00000| Untracked 
|  78|0x0000000749c00000, 0x0000000749e00000, 0x0000000749e00000|100%|HS|  |TAMS 0x0000000749c00000, 0x0000000749e00000| Complete 
|  79|0x0000000749e00000, 0x000000074a000000, 0x000000074a000000|100%|HC|  |TAMS 0x0000000749e00000, 0x000000074a000000| Complete 
|  80|0x000000074a000000, 0x000000074a200000, 0x000000074a200000|100%|HS|  |TAMS 0x000000074a000000, 0x000000074a200000| Complete 
|  81|0x000000074a200000, 0x000000074a400000, 0x000000074a400000|100%|HC|  |TAMS 0x000000074a200000, 0x000000074a400000| Complete 
|  82|0x000000074a400000, 0x000000074a600000, 0x000000074a600000|100%|HS|  |TAMS 0x000000074a400000, 0x000000074a600000| Complete 
|  83|0x000000074a600000, 0x000000074a800000, 0x000000074a800000|100%|HS|  |TAMS 0x000000074a600000, 0x000000074a800000| Complete 
|  84|0x000000074a800000, 0x000000074aa00000, 0x000000074aa00000|100%|HS|  |TAMS 0x000000074a800000, 0x000000074aa00000| Complete 
|  85|0x000000074aa00000, 0x000000074ac00000, 0x000000074ac00000|100%| O|  |TAMS 0x000000074aa00000, 0x000000074ac00000| Untracked 
|  86|0x000000074ac00000, 0x000000074ae00000, 0x000000074ae00000|100%| O|  |TAMS 0x000000074ac00000, 0x000000074ae00000| Untracked 
|  87|0x000000074ae00000, 0x000000074b000000, 0x000000074b000000|100%| O|  |TAMS 0x000000074ae00000, 0x000000074b000000| Untracked 
|  88|0x000000074b000000, 0x000000074b200000, 0x000000074b200000|100%| O|  |TAMS 0x000000074b000000, 0x000000074b200000| Untracked 
|  89|0x000000074b200000, 0x000000074b400000, 0x000000074b400000|100%| O|  |TAMS 0x000000074b200000, 0x000000074b400000| Untracked 
|  90|0x000000074b400000, 0x000000074b600000, 0x000000074b600000|100%| O|  |TAMS 0x000000074b400000, 0x000000074b600000| Untracked 
|  91|0x000000074b600000, 0x000000074b800000, 0x000000074b800000|100%| O|  |TAMS 0x000000074b600000, 0x000000074b800000| Untracked 
|  92|0x000000074b800000, 0x000000074ba00000, 0x000000074ba00000|100%| O|  |TAMS 0x000000074b800000, 0x000000074ba00000| Untracked 
|  93|0x000000074ba00000, 0x000000074bc00000, 0x000000074bc00000|100%| O|  |TAMS 0x000000074ba00000, 0x000000074bc00000| Untracked 
|  94|0x000000074bc00000, 0x000000074be00000, 0x000000074be00000|100%| O|  |TAMS 0x000000074bc00000, 0x000000074be00000| Untracked 
|  95|0x000000074be00000, 0x000000074c000000, 0x000000074c000000|100%| O|  |TAMS 0x000000074be00000, 0x000000074c000000| Untracked 
|  96|0x000000074c000000, 0x000000074c200000, 0x000000074c200000|100%| O|  |TAMS 0x000000074c000000, 0x000000074c200000| Untracked 
|  97|0x000000074c200000, 0x000000074c400000, 0x000000074c400000|100%| O|  |TAMS 0x000000074c200000, 0x000000074c400000| Untracked 
|  98|0x000000074c400000, 0x000000074c600000, 0x000000074c600000|100%| O|  |TAMS 0x000000074c400000, 0x000000074c600000| Untracked 
|  99|0x000000074c600000, 0x000000074c800000, 0x000000074c800000|100%| O|  |TAMS 0x000000074c600000, 0x000000074c800000| Untracked 
| 100|0x000000074c800000, 0x000000074ca00000, 0x000000074ca00000|100%| O|  |TAMS 0x000000074c800000, 0x000000074ca00000| Untracked 
| 101|0x000000074ca00000, 0x000000074cc00000, 0x000000074cc00000|100%| O|  |TAMS 0x000000074ca00000, 0x000000074cc00000| Untracked 
| 102|0x000000074cc00000, 0x000000074ce00000, 0x000000074ce00000|100%| O|  |TAMS 0x000000074cc00000, 0x000000074ce00000| Untracked 
| 103|0x000000074ce00000, 0x000000074d000000, 0x000000074d000000|100%| O|  |TAMS 0x000000074ce00000, 0x000000074d000000| Untracked 
| 104|0x000000074d000000, 0x000000074d200000, 0x000000074d200000|100%| O|  |TAMS 0x000000074d000000, 0x000000074d200000| Untracked 
| 105|0x000000074d200000, 0x000000074d400000, 0x000000074d400000|100%| O|  |TAMS 0x000000074d200000, 0x000000074d400000| Untracked 
| 106|0x000000074d400000, 0x000000074d600000, 0x000000074d600000|100%| O|  |TAMS 0x000000074d400000, 0x000000074d600000| Untracked 
| 107|0x000000074d600000, 0x000000074d800000, 0x000000074d800000|100%| O|  |TAMS 0x000000074d600000, 0x000000074d800000| Untracked 
| 108|0x000000074d800000, 0x000000074da00000, 0x000000074da00000|100%| O|  |TAMS 0x000000074d800000, 0x000000074da00000| Untracked 
| 109|0x000000074da00000, 0x000000074dc00000, 0x000000074dc00000|100%| O|  |TAMS 0x000000074da00000, 0x000000074dc00000| Untracked 
| 110|0x000000074dc00000, 0x000000074de00000, 0x000000074de00000|100%| O|  |TAMS 0x000000074dc00000, 0x000000074de00000| Untracked 
| 111|0x000000074de00000, 0x000000074e000000, 0x000000074e000000|100%| O|  |TAMS 0x000000074de00000, 0x000000074e000000| Untracked 
| 112|0x000000074e000000, 0x000000074e200000, 0x000000074e200000|100%| O|  |TAMS 0x000000074e000000, 0x000000074e200000| Untracked 
| 113|0x000000074e200000, 0x000000074e400000, 0x000000074e400000|100%| O|  |TAMS 0x000000074e200000, 0x000000074e400000| Untracked 
| 114|0x000000074e400000, 0x000000074e600000, 0x000000074e600000|100%| O|  |TAMS 0x000000074e400000, 0x000000074e600000| Untracked 
| 115|0x000000074e600000, 0x000000074e800000, 0x000000074e800000|100%| O|  |TAMS 0x000000074e600000, 0x000000074e800000| Untracked 
| 116|0x000000074e800000, 0x000000074ea00000, 0x000000074ea00000|100%| O|  |TAMS 0x000000074e800000, 0x000000074ea00000| Untracked 
| 117|0x000000074ea00000, 0x000000074ec00000, 0x000000074ec00000|100%| O|  |TAMS 0x000000074ea00000, 0x000000074ec00000| Untracked 
| 118|0x000000074ec00000, 0x000000074ee00000, 0x000000074ee00000|100%| O|  |TAMS 0x000000074ec00000, 0x000000074ee00000| Untracked 
| 119|0x000000074ee00000, 0x000000074f000000, 0x000000074f000000|100%| O|  |TAMS 0x000000074ee00000, 0x000000074f000000| Untracked 
| 120|0x000000074f000000, 0x000000074f200000, 0x000000074f200000|100%| O|  |TAMS 0x000000074f000000, 0x000000074f200000| Untracked 
| 121|0x000000074f200000, 0x000000074f400000, 0x000000074f400000|100%| O|  |TAMS 0x000000074f200000, 0x000000074f400000| Untracked 
| 122|0x000000074f400000, 0x000000074f600000, 0x000000074f600000|100%| O|  |TAMS 0x000000074f400000, 0x000000074f600000| Untracked 
| 123|0x000000074f600000, 0x000000074f800000, 0x000000074f800000|100%| O|  |TAMS 0x000000074f600000, 0x000000074f800000| Untracked 
| 124|0x000000074f800000, 0x000000074fa00000, 0x000000074fa00000|100%| O|  |TAMS 0x000000074f800000, 0x000000074fa00000| Untracked 
| 125|0x000000074fa00000, 0x000000074fc00000, 0x000000074fc00000|100%| O|  |TAMS 0x000000074fa00000, 0x000000074fa5be00| Untracked 
| 126|0x000000074fc00000, 0x000000074fe00000, 0x000000074fe00000|100%| O|  |TAMS 0x000000074fc00000, 0x000000074fc00000| Untracked 
| 127|0x000000074fe00000, 0x0000000750000000, 0x0000000750000000|100%| O|  |TAMS 0x000000074fe00000, 0x000000074fe00000| Untracked 
| 128|0x0000000750000000, 0x0000000750200000, 0x0000000750200000|100%| O|  |TAMS 0x0000000750000000, 0x0000000750000000| Untracked 
| 129|0x0000000750200000, 0x0000000750294a00, 0x0000000750400000| 29%| O|  |TAMS 0x0000000750200000, 0x0000000750200000| Untracked 
| 130|0x0000000750400000, 0x0000000750400000, 0x0000000750600000|  0%| F|  |TAMS 0x0000000750400000, 0x0000000750400000| Untracked 
| 131|0x0000000750600000, 0x0000000750600000, 0x0000000750800000|  0%| F|  |TAMS 0x0000000750600000, 0x0000000750600000| Untracked 
| 132|0x0000000750800000, 0x0000000750800000, 0x0000000750a00000|  0%| F|  |TAMS 0x0000000750800000, 0x0000000750800000| Untracked 
| 133|0x0000000750a00000, 0x0000000750a00000, 0x0000000750c00000|  0%| F|  |TAMS 0x0000000750a00000, 0x0000000750a00000| Untracked 
| 134|0x0000000750c00000, 0x0000000750c00000, 0x0000000750e00000|  0%| F|  |TAMS 0x0000000750c00000, 0x0000000750c00000| Untracked 
| 135|0x0000000750e00000, 0x0000000750e00000, 0x0000000751000000|  0%| F|  |TAMS 0x0000000750e00000, 0x0000000750e00000| Untracked 
| 136|0x0000000751000000, 0x0000000751000000, 0x0000000751200000|  0%| F|  |TAMS 0x0000000751000000, 0x0000000751000000| Untracked 
| 137|0x0000000751200000, 0x0000000751200000, 0x0000000751400000|  0%| F|  |TAMS 0x0000000751200000, 0x0000000751200000| Untracked 
| 138|0x0000000751400000, 0x0000000751400000, 0x0000000751600000|  0%| F|  |TAMS 0x0000000751400000, 0x0000000751400000| Untracked 
| 139|0x0000000751600000, 0x0000000751600000, 0x0000000751800000|  0%| F|  |TAMS 0x0000000751600000, 0x0000000751600000| Untracked 
| 140|0x0000000751800000, 0x0000000751800000, 0x0000000751a00000|  0%| F|  |TAMS 0x0000000751800000, 0x0000000751800000| Untracked 
| 141|0x0000000751a00000, 0x0000000751a00000, 0x0000000751c00000|  0%| F|  |TAMS 0x0000000751a00000, 0x0000000751a00000| Untracked 
| 142|0x0000000751c00000, 0x0000000751c00000, 0x0000000751e00000|  0%| F|  |TAMS 0x0000000751c00000, 0x0000000751c00000| Untracked 
| 143|0x0000000751e00000, 0x0000000751e00000, 0x0000000752000000|  0%| F|  |TAMS 0x0000000751e00000, 0x0000000751e00000| Untracked 
| 144|0x0000000752000000, 0x0000000752000000, 0x0000000752200000|  0%| F|  |TAMS 0x0000000752000000, 0x0000000752000000| Untracked 
| 145|0x0000000752200000, 0x0000000752200000, 0x0000000752400000|  0%| F|  |TAMS 0x0000000752200000, 0x0000000752200000| Untracked 
| 146|0x0000000752400000, 0x0000000752400000, 0x0000000752600000|  0%| F|  |TAMS 0x0000000752400000, 0x0000000752400000| Untracked 
| 147|0x0000000752600000, 0x0000000752600000, 0x0000000752800000|  0%| F|  |TAMS 0x0000000752600000, 0x0000000752600000| Untracked 
| 148|0x0000000752800000, 0x0000000752800000, 0x0000000752a00000|  0%| F|  |TAMS 0x0000000752800000, 0x0000000752800000| Untracked 
| 149|0x0000000752a00000, 0x0000000752a00000, 0x0000000752c00000|  0%| F|  |TAMS 0x0000000752a00000, 0x0000000752a00000| Untracked 
| 150|0x0000000752c00000, 0x0000000752c00000, 0x0000000752e00000|  0%| F|  |TAMS 0x0000000752c00000, 0x0000000752c00000| Untracked 
| 151|0x0000000752e00000, 0x0000000752e00000, 0x0000000753000000|  0%| F|  |TAMS 0x0000000752e00000, 0x0000000752e00000| Untracked 
| 152|0x0000000753000000, 0x0000000753000000, 0x0000000753200000|  0%| F|  |TAMS 0x0000000753000000, 0x0000000753000000| Untracked 
| 153|0x0000000753200000, 0x0000000753200000, 0x0000000753400000|  0%| F|  |TAMS 0x0000000753200000, 0x0000000753200000| Untracked 
| 154|0x0000000753400000, 0x0000000753400000, 0x0000000753600000|  0%| F|  |TAMS 0x0000000753400000, 0x0000000753400000| Untracked 
| 155|0x0000000753600000, 0x0000000753600000, 0x0000000753800000|  0%| F|  |TAMS 0x0000000753600000, 0x0000000753600000| Untracked 
| 156|0x0000000753800000, 0x0000000753800000, 0x0000000753a00000|  0%| F|  |TAMS 0x0000000753800000, 0x0000000753800000| Untracked 
| 157|0x0000000753a00000, 0x0000000753a00000, 0x0000000753c00000|  0%| F|  |TAMS 0x0000000753a00000, 0x0000000753a00000| Untracked 
| 158|0x0000000753c00000, 0x0000000753c00000, 0x0000000753e00000|  0%| F|  |TAMS 0x0000000753c00000, 0x0000000753c00000| Untracked 
| 159|0x0000000753e00000, 0x0000000753e00000, 0x0000000754000000|  0%| F|  |TAMS 0x0000000753e00000, 0x0000000753e00000| Untracked 
| 160|0x0000000754000000, 0x0000000754000000, 0x0000000754200000|  0%| F|  |TAMS 0x0000000754000000, 0x0000000754000000| Untracked 
| 161|0x0000000754200000, 0x0000000754200000, 0x0000000754400000|  0%| F|  |TAMS 0x0000000754200000, 0x0000000754200000| Untracked 
| 162|0x0000000754400000, 0x0000000754400000, 0x0000000754600000|  0%| F|  |TAMS 0x0000000754400000, 0x0000000754400000| Untracked 
| 163|0x0000000754600000, 0x0000000754600000, 0x0000000754800000|  0%| F|  |TAMS 0x0000000754600000, 0x0000000754600000| Untracked 
| 164|0x0000000754800000, 0x000000075483c0e0, 0x0000000754a00000| 11%| S|CS|TAMS 0x0000000754800000, 0x0000000754800000| Complete 
| 165|0x0000000754a00000, 0x0000000754a00000, 0x0000000754c00000|  0%| F|  |TAMS 0x0000000754a00000, 0x0000000754a00000| Untracked 
| 166|0x0000000754c00000, 0x0000000754c00000, 0x0000000754e00000|  0%| F|  |TAMS 0x0000000754c00000, 0x0000000754c00000| Untracked 
| 167|0x0000000754e00000, 0x0000000754e00000, 0x0000000755000000|  0%| F|  |TAMS 0x0000000754e00000, 0x0000000754e00000| Untracked 
| 168|0x0000000755000000, 0x0000000755000000, 0x0000000755200000|  0%| F|  |TAMS 0x0000000755000000, 0x0000000755000000| Untracked 
| 169|0x0000000755200000, 0x0000000755400000, 0x0000000755400000|100%| S|CS|TAMS 0x0000000755200000, 0x0000000755200000| Complete 
| 170|0x0000000755400000, 0x0000000755600000, 0x0000000755600000|100%| S|CS|TAMS 0x0000000755400000, 0x0000000755400000| Complete 
| 171|0x0000000755600000, 0x0000000755600000, 0x0000000755800000|  0%| F|  |TAMS 0x0000000755600000, 0x0000000755600000| Untracked 
| 172|0x0000000755800000, 0x0000000755800000, 0x0000000755a00000|  0%| F|  |TAMS 0x0000000755800000, 0x0000000755800000| Untracked 
| 173|0x0000000755a00000, 0x0000000755a00000, 0x0000000755c00000|  0%| F|  |TAMS 0x0000000755a00000, 0x0000000755a00000| Untracked 
| 174|0x0000000755c00000, 0x0000000755c00000, 0x0000000755e00000|  0%| F|  |TAMS 0x0000000755c00000, 0x0000000755c00000| Untracked 
| 175|0x0000000755e00000, 0x0000000755e00000, 0x0000000756000000|  0%| F|  |TAMS 0x0000000755e00000, 0x0000000755e00000| Untracked 
| 176|0x0000000756000000, 0x0000000756000000, 0x0000000756200000|  0%| F|  |TAMS 0x0000000756000000, 0x0000000756000000| Untracked 
| 177|0x0000000756200000, 0x0000000756200000, 0x0000000756400000|  0%| F|  |TAMS 0x0000000756200000, 0x0000000756200000| Untracked 
| 178|0x0000000756400000, 0x0000000756400000, 0x0000000756600000|  0%| F|  |TAMS 0x0000000756400000, 0x0000000756400000| Untracked 
| 179|0x0000000756600000, 0x0000000756600000, 0x0000000756800000|  0%| F|  |TAMS 0x0000000756600000, 0x0000000756600000| Untracked 
| 180|0x0000000756800000, 0x0000000756800000, 0x0000000756a00000|  0%| F|  |TAMS 0x0000000756800000, 0x0000000756800000| Untracked 
| 181|0x0000000756a00000, 0x0000000756a00000, 0x0000000756c00000|  0%| F|  |TAMS 0x0000000756a00000, 0x0000000756a00000| Untracked 
| 182|0x0000000756c00000, 0x0000000756c00000, 0x0000000756e00000|  0%| F|  |TAMS 0x0000000756c00000, 0x0000000756c00000| Untracked 
| 183|0x0000000756e00000, 0x0000000756e00000, 0x0000000757000000|  0%| F|  |TAMS 0x0000000756e00000, 0x0000000756e00000| Untracked 
| 184|0x0000000757000000, 0x0000000757000000, 0x0000000757200000|  0%| F|  |TAMS 0x0000000757000000, 0x0000000757000000| Untracked 
| 185|0x0000000757200000, 0x0000000757200000, 0x0000000757400000|  0%| F|  |TAMS 0x0000000757200000, 0x0000000757200000| Untracked 
| 186|0x0000000757400000, 0x0000000757400000, 0x0000000757600000|  0%| F|  |TAMS 0x0000000757400000, 0x0000000757400000| Untracked 
| 187|0x0000000757600000, 0x0000000757600000, 0x0000000757800000|  0%| F|  |TAMS 0x0000000757600000, 0x0000000757600000| Untracked 
| 188|0x0000000757800000, 0x0000000757800000, 0x0000000757a00000|  0%| F|  |TAMS 0x0000000757800000, 0x0000000757800000| Untracked 
| 189|0x0000000757a00000, 0x0000000757a00000, 0x0000000757c00000|  0%| F|  |TAMS 0x0000000757a00000, 0x0000000757a00000| Untracked 
| 190|0x0000000757c00000, 0x0000000757c00000, 0x0000000757e00000|  0%| F|  |TAMS 0x0000000757c00000, 0x0000000757c00000| Untracked 
| 191|0x0000000757e00000, 0x0000000757e00000, 0x0000000758000000|  0%| F|  |TAMS 0x0000000757e00000, 0x0000000757e00000| Untracked 
| 192|0x0000000758000000, 0x0000000758000000, 0x0000000758200000|  0%| F|  |TAMS 0x0000000758000000, 0x0000000758000000| Untracked 
| 193|0x0000000758200000, 0x0000000758200000, 0x0000000758400000|  0%| F|  |TAMS 0x0000000758200000, 0x0000000758200000| Untracked 
| 194|0x0000000758400000, 0x0000000758400000, 0x0000000758600000|  0%| F|  |TAMS 0x0000000758400000, 0x0000000758400000| Untracked 
| 195|0x0000000758600000, 0x0000000758600000, 0x0000000758800000|  0%| F|  |TAMS 0x0000000758600000, 0x0000000758600000| Untracked 

Card table byte_map: [0x000002b21d480000,0x000002b21da80000] _byte_map_base: 0x000002b219a80000

Marking Bits (Prev, Next): (CMBitMap*) 0x000002b207b7de00, (CMBitMap*) 0x000002b207b7de40
 Prev Bits: [0x000002b21e080000, 0x000002b221080000)
 Next Bits: [0x000002b221080000, 0x000002b224080000)

Polling page: 0x000002b207bd0000

Metaspace:

Usage:
  Non-class:     81.75 MB used.
      Class:     12.67 MB used.
       Both:     94.42 MB used.

Virtual space:
  Non-class space:      128.00 MB reserved,      82.19 MB ( 64%) committed,  2 nodes.
      Class space:        1.00 GB reserved,      13.06 MB (  1%) committed,  1 nodes.
             Both:        1.12 GB reserved,      95.25 MB (  8%) committed. 

Chunk freelists:
   Non-Class:  12.98 MB
       Class:  2.79 MB
        Both:  15.77 MB

MaxMetaspaceSize: unlimited
CompressedClassSpaceSize: 1.00 GB
Initial GC threshold: 21.00 MB
Current GC threshold: 158.25 MB
CDS: off
MetaspaceReclaimPolicy: balanced
 - commit_granule_bytes: 65536.
 - commit_granule_words: 8192.
 - virtual_space_node_default_size: 8388608.
 - enlarge_chunks_in_place: 1.
 - new_chunks_are_fully_committed: 0.
 - uncommit_free_chunks: 1.
 - use_allocation_guard: 0.
 - handle_deallocations: 1.


Internal statistics:

num_allocs_failed_limit: 9.
num_arena_births: 1146.
num_arena_deaths: 0.
num_vsnodes_births: 3.
num_vsnodes_deaths: 0.
num_space_committed: 1524.
num_space_uncommitted: 0.
num_chunks_returned_to_freelist: 9.
num_chunks_taken_from_freelist: 4797.
num_chunk_merges: 9.
num_chunk_splits: 3135.
num_chunks_enlarged: 2006.
num_inconsistent_stats: 0.

CodeHeap 'non-profiled nmethods': size=119168Kb used=8068Kb max_used=8068Kb free=111099Kb
 bounds [0x000002b214a60000, 0x000002b215250000, 0x000002b21bec0000]
CodeHeap 'profiled nmethods': size=119104Kb used=25094Kb max_used=25094Kb free=94009Kb
 bounds [0x000002b20cec0000, 0x000002b20e750000, 0x000002b214310000]
CodeHeap 'non-nmethods': size=7488Kb used=3034Kb max_used=4236Kb free=4453Kb
 bounds [0x000002b214310000, 0x000002b214740000, 0x000002b214a60000]
 total_blobs=12771 nmethods=11836 adapters=844
 compilation: enabled
              stopped_count=0, restarted_count=0
 full_count=0

Compilation events (20 events):
Event: 13.274 Thread 0x000002b227221810 13335       4       com.google.common.collect.Maps::capacity (34 bytes)
Event: 13.274 Thread 0x000002b227221810 nmethod 13335 0x000002b215239f10 code [0x000002b21523a0c0, 0x000002b21523a198]
Event: 13.274 Thread 0x000002b227221810 13315       4       org.gradle.internal.hash.HashCode$HashCode128::hashCode (6 bytes)
Event: 13.274 Thread 0x000002b227221810 nmethod 13315 0x000002b21523a290 code [0x000002b21523a400, 0x000002b21523a478]
Event: 13.274 Thread 0x000002b227221810 13240       4       com.google.common.cache.LocalCache$1::notifyNewValue (1 bytes)
Event: 13.274 Thread 0x000002b227221810 nmethod 13240 0x000002b21523a590 code [0x000002b21523a700, 0x000002b21523a778]
Event: 13.274 Thread 0x000002b227221810 13328       4       com.google.common.cache.CacheBuilder$1::recordEviction (1 bytes)
Event: 13.274 Thread 0x000002b227221810 nmethod 13328 0x000002b21523a890 code [0x000002b21523aa00, 0x000002b21523aa78]
Event: 13.276 Thread 0x000002b22c8869f0 nmethod 13329 0x000002b21523ab90 code [0x000002b21523ad60, 0x000002b21523b4e8]
Event: 13.283 Thread 0x000002b22c8869f0 13336 %     4       sun.nio.fs.WindowsPath::compareTo @ 49 (118 bytes)
Event: 13.289 Thread 0x000002b227221810 13337       4       org.gradle.api.internal.tasks.compile.incremental.deps.ClassDependentsAccumulator::rememberClass (34 bytes)
Event: 13.298 Thread 0x000002b22c8869f0 nmethod 13336% 0x000002b21523bc10 code [0x000002b21523bdc0, 0x000002b21523cd38]
Event: 13.300 Thread 0x000002b22c8869f0 13338       4       org.gradle.api.internal.file.pattern.HasPrefixAndSuffixPatternStep::matches (28 bytes)
Event: 13.301 Thread 0x000002b22c8869f0 nmethod 13338 0x000002b21523d390 code [0x000002b21523d520, 0x000002b21523d668]
Event: 13.311 Thread 0x000002b227221810 nmethod 13337 0x000002b21523d810 code [0x000002b21523da60, 0x000002b21523f5d0]
Event: 13.318 Thread 0x000002b227221810 13339       4       sun.nio.fs.WindowsPath::compareTo (118 bytes)
Event: 13.321 Thread 0x000002b22c8869f0 13340       4       jdk.internal.misc.Unsafe::checkSize (32 bytes)
Event: 13.322 Thread 0x000002b22c8869f0 nmethod 13340 0x000002b215240310 code [0x000002b215240480, 0x000002b215240538]
Event: 13.323 Thread 0x000002b22c8869f0 13341       4       java.util.HashSet::toArray (18 bytes)
Event: 13.329 Thread 0x000002b22c8869f0 nmethod 13341 0x000002b215240610 code [0x000002b2152407a0, 0x000002b215240dd8]

GC Heap History (20 events):
Event: 11.494 GC heap after
{Heap after GC invocations=36 (full 0):
 garbage-first heap   total 165888K, used 106949K [0x0000000740000000, 0x0000000800000000)
  region size 2048K, 2 young (4096K), 2 survivors (4096K)
 Metaspace       used 95946K, committed 96768K, reserved 1179648K
  class space    used 12859K, committed 13248K, reserved 1048576K
}
Event: 11.616 GC heap before
{Heap before GC invocations=36 (full 0):
 garbage-first heap   total 165888K, used 135621K [0x0000000740000000, 0x0000000800000000)
  region size 2048K, 17 young (34816K), 2 survivors (4096K)
 Metaspace       used 96404K, committed 97216K, reserved 1179648K
  class space    used 12927K, committed 13312K, reserved 1048576K
}
Event: 11.620 GC heap after
{Heap after GC invocations=37 (full 0):
 garbage-first heap   total 200704K, used 111593K [0x0000000740000000, 0x0000000800000000)
  region size 2048K, 3 young (6144K), 3 survivors (6144K)
 Metaspace       used 96404K, committed 97216K, reserved 1179648K
  class space    used 12927K, committed 13312K, reserved 1048576K
}
Event: 11.761 GC heap before
{Heap before GC invocations=37 (full 0):
 garbage-first heap   total 200704K, used 166889K [0x0000000740000000, 0x0000000800000000)
  region size 2048K, 29 young (59392K), 3 survivors (6144K)
 Metaspace       used 96404K, committed 97216K, reserved 1179648K
  class space    used 12927K, committed 13312K, reserved 1048576K
}
Event: 11.772 GC heap after
{Heap after GC invocations=38 (full 0):
 garbage-first heap   total 200704K, used 137536K [0x0000000740000000, 0x0000000800000000)
  region size 2048K, 4 young (8192K), 4 survivors (8192K)
 Metaspace       used 96404K, committed 97216K, reserved 1179648K
  class space    used 12927K, committed 13312K, reserved 1048576K
}
Event: 11.813 GC heap before
{Heap before GC invocations=38 (full 0):
 garbage-first heap   total 200704K, used 160064K [0x0000000740000000, 0x0000000800000000)
  region size 2048K, 15 young (30720K), 4 survivors (8192K)
 Metaspace       used 96404K, committed 97216K, reserved 1179648K
  class space    used 12927K, committed 13312K, reserved 1048576K
}
Event: 11.821 GC heap after
{Heap after GC invocations=39 (full 0):
 garbage-first heap   total 200704K, used 148652K [0x0000000740000000, 0x0000000800000000)
  region size 2048K, 2 young (4096K), 2 survivors (4096K)
 Metaspace       used 96404K, committed 97216K, reserved 1179648K
  class space    used 12927K, committed 13312K, reserved 1048576K
}
Event: 11.852 GC heap before
{Heap before GC invocations=39 (full 0):
 garbage-first heap   total 200704K, used 162988K [0x0000000740000000, 0x0000000800000000)
  region size 2048K, 9 young (18432K), 2 survivors (4096K)
 Metaspace       used 96408K, committed 97216K, reserved 1179648K
  class space    used 12927K, committed 13312K, reserved 1048576K
}
Event: 11.858 GC heap after
{Heap after GC invocations=40 (full 0):
 garbage-first heap   total 200704K, used 155566K [0x0000000740000000, 0x0000000800000000)
  region size 2048K, 2 young (4096K), 2 survivors (4096K)
 Metaspace       used 96408K, committed 97216K, reserved 1179648K
  class space    used 12927K, committed 13312K, reserved 1048576K
}
Event: 11.881 GC heap before
{Heap before GC invocations=40 (full 0):
 garbage-first heap   total 200704K, used 165806K [0x0000000740000000, 0x0000000800000000)
  region size 2048K, 7 young (14336K), 2 survivors (4096K)
 Metaspace       used 96408K, committed 97216K, reserved 1179648K
  class space    used 12927K, committed 13312K, reserved 1048576K
}
Event: 11.886 GC heap after
{Heap after GC invocations=41 (full 0):
 garbage-first heap   total 401408K, used 160628K [0x0000000740000000, 0x0000000800000000)
  region size 2048K, 1 young (2048K), 1 survivors (2048K)
 Metaspace       used 96408K, committed 97216K, reserved 1179648K
  class space    used 12927K, committed 13312K, reserved 1048576K
}
Event: 12.489 GC heap before
{Heap before GC invocations=42 (full 0):
 garbage-first heap   total 401408K, used 285556K [0x0000000740000000, 0x0000000800000000)
  region size 2048K, 56 young (114688K), 1 survivors (2048K)
 Metaspace       used 96477K, committed 97280K, reserved 1179648K
  class space    used 12945K, committed 13312K, reserved 1048576K
}
Event: 12.515 GC heap after
{Heap after GC invocations=43 (full 0):
 garbage-first heap   total 401408K, used 231752K [0x0000000740000000, 0x0000000800000000)
  region size 2048K, 7 young (14336K), 7 survivors (14336K)
 Metaspace       used 96477K, committed 97280K, reserved 1179648K
  class space    used 12945K, committed 13312K, reserved 1048576K
}
Event: 12.527 GC heap before
{Heap before GC invocations=43 (full 0):
 garbage-first heap   total 401408K, used 235848K [0x0000000740000000, 0x0000000800000000)
  region size 2048K, 9 young (18432K), 7 survivors (14336K)
 Metaspace       used 96477K, committed 97280K, reserved 1179648K
  class space    used 12945K, committed 13312K, reserved 1048576K
}
Event: 12.541 GC heap after
{Heap after GC invocations=44 (full 0):
 garbage-first heap   total 401408K, used 237158K [0x0000000740000000, 0x0000000800000000)
  region size 2048K, 2 young (4096K), 2 survivors (4096K)
 Metaspace       used 96477K, committed 97280K, reserved 1179648K
  class space    used 12945K, committed 13312K, reserved 1048576K
}
Event: 12.793 GC heap before
{Heap before GC invocations=44 (full 0):
 garbage-first heap   total 401408K, used 296550K [0x0000000740000000, 0x0000000800000000)
  region size 2048K, 32 young (65536K), 2 survivors (4096K)
 Metaspace       used 96477K, committed 97280K, reserved 1179648K
  class space    used 12945K, committed 13312K, reserved 1048576K
}
Event: 12.800 GC heap after
{Heap after GC invocations=45 (full 0):
 garbage-first heap   total 401408K, used 254257K [0x0000000740000000, 0x0000000800000000)
  region size 2048K, 4 young (8192K), 4 survivors (8192K)
 Metaspace       used 96477K, committed 97280K, reserved 1179648K
  class space    used 12945K, committed 13312K, reserved 1048576K
}
Event: 12.958 GC heap before
{Heap before GC invocations=45 (full 0):
 garbage-first heap   total 401408K, used 309553K [0x0000000740000000, 0x0000000800000000)
  region size 2048K, 31 young (63488K), 4 survivors (8192K)
 Metaspace       used 96669K, committed 97536K, reserved 1179648K
  class space    used 12973K, committed 13376K, reserved 1048576K
}
Event: 12.964 GC heap after
{Heap after GC invocations=46 (full 0):
 garbage-first heap   total 401408K, used 264478K [0x0000000740000000, 0x0000000800000000)
  region size 2048K, 4 young (8192K), 4 survivors (8192K)
 Metaspace       used 96669K, committed 97536K, reserved 1179648K
  class space    used 12973K, committed 13376K, reserved 1048576K
}
Event: 13.329 GC heap before
{Heap before GC invocations=46 (full 0):
 garbage-first heap   total 401408K, used 315678K [0x0000000740000000, 0x0000000800000000)
  region size 2048K, 29 young (59392K), 4 survivors (8192K)
 Metaspace       used 96686K, committed 97536K, reserved 1179648K
  class space    used 12973K, committed 13376K, reserved 1048576K
}

Dll operation events (4 events):
Event: 0.007 Loaded shared library C:\Users\27439\.jdks\jbr-17.0.9\bin\java.dll
Event: 0.060 Loaded shared library C:\Users\27439\.jdks\jbr-17.0.9\bin\jsvml.dll
Event: 0.178 Loaded shared library C:\Users\27439\.jdks\jbr-17.0.9\bin\zip.dll
Event: 0.378 Loaded shared library C:\Users\27439\.jdks\jbr-17.0.9\bin\verify.dll

Deoptimization events (20 events):
Event: 12.941 Thread 0x000002b238b9ef90 DEOPT PACKING pc=0x000002b2150f8524 sp=0x000000f0c15fe210
Event: 12.941 Thread 0x000002b238b9ef90 DEOPT UNPACKING pc=0x000002b2143669a3 sp=0x000000f0c15fe1e0 mode 2
Event: 12.941 Thread 0x000002b238b9ef90 Uncommon trap: trap_request=0xffffffc6 fr.pc=0x000002b2151148f8 relative=0x0000000000000d98
Event: 12.941 Thread 0x000002b238b9ef90 Uncommon trap: reason=bimorphic_or_optimized_type_check action=maybe_recompile pc=0x000002b2151148f8 method=org.gradle.api.tasks.util.internal.CachingPatternSpecFactory$CachingSpec.isSatisfiedBy(Lorg/gradle/api/file/FileTreeElement;)Z @ 5 c2
Event: 12.941 Thread 0x000002b238b9ef90 DEOPT PACKING pc=0x000002b2151148f8 sp=0x000000f0c15fe150
Event: 12.941 Thread 0x000002b238b9ef90 DEOPT UNPACKING pc=0x000002b2143669a3 sp=0x000000f0c15fe0f8 mode 2
Event: 12.941 Thread 0x000002b238b9ef90 Uncommon trap: trap_request=0xffffffc6 fr.pc=0x000002b2151148f8 relative=0x0000000000000d98
Event: 12.941 Thread 0x000002b238b9ef90 Uncommon trap: reason=bimorphic_or_optimized_type_check action=maybe_recompile pc=0x000002b2151148f8 method=org.gradle.api.tasks.util.internal.CachingPatternSpecFactory$CachingSpec.isSatisfiedBy(Lorg/gradle/api/file/FileTreeElement;)Z @ 5 c2
Event: 12.941 Thread 0x000002b238b9ef90 DEOPT PACKING pc=0x000002b2151148f8 sp=0x000000f0c15fe150
Event: 12.941 Thread 0x000002b238b9ef90 DEOPT UNPACKING pc=0x000002b2143669a3 sp=0x000000f0c15fe0f8 mode 2
Event: 12.942 Thread 0x000002b238b9ef90 Uncommon trap: trap_request=0xffffffc6 fr.pc=0x000002b2151148f8 relative=0x0000000000000d98
Event: 12.942 Thread 0x000002b238b9ef90 Uncommon trap: reason=bimorphic_or_optimized_type_check action=maybe_recompile pc=0x000002b2151148f8 method=org.gradle.api.tasks.util.internal.CachingPatternSpecFactory$CachingSpec.isSatisfiedBy(Lorg/gradle/api/file/FileTreeElement;)Z @ 5 c2
Event: 12.942 Thread 0x000002b238b9ef90 DEOPT PACKING pc=0x000002b2151148f8 sp=0x000000f0c15fe150
Event: 12.942 Thread 0x000002b238b9ef90 DEOPT UNPACKING pc=0x000002b2143669a3 sp=0x000000f0c15fe0f8 mode 2
Event: 12.943 Thread 0x000002b238b9ef90 Uncommon trap: trap_request=0xffffffc6 fr.pc=0x000002b215119dd4 relative=0x0000000000000cf4
Event: 12.943 Thread 0x000002b238b9ef90 Uncommon trap: reason=bimorphic_or_optimized_type_check action=maybe_recompile pc=0x000002b215119dd4 method=org.gradle.api.tasks.util.internal.CachingPatternSpecFactory$CachingSpec.isSatisfiedBy(Lorg/gradle/api/file/FileTreeElement;)Z @ 5 c2
Event: 12.943 Thread 0x000002b238b9ef90 DEOPT PACKING pc=0x000002b215119dd4 sp=0x000000f0c15fe0d0
Event: 12.943 Thread 0x000002b238b9ef90 DEOPT UNPACKING pc=0x000002b2143669a3 sp=0x000000f0c15fe0e0 mode 2
Event: 13.318 Thread 0x000002b238b9ef90 DEOPT PACKING pc=0x000002b20d7adcf2 sp=0x000000f0c15fde50
Event: 13.318 Thread 0x000002b238b9ef90 DEOPT UNPACKING pc=0x000002b214367143 sp=0x000000f0c15fd378 mode 0

Classes unloaded (0 events):
No events

Classes redefined (0 events):
No events

Internal exceptions (20 events):
Event: 10.558 Thread 0x000002b238554300 Exception <a 'sun/nio/fs/WindowsException'{0x0000000747a7fd10}> (0x0000000747a7fd10) 
thrown [s\src\hotspot\share\prims\jni.cpp, line 517]
Event: 10.559 Thread 0x000002b238554300 Exception <a 'sun/nio/fs/WindowsException'{0x0000000747a84bf8}> (0x0000000747a84bf8) 
thrown [s\src\hotspot\share\prims\jni.cpp, line 517]
Event: 10.563 Thread 0x000002b238554300 Exception <a 'sun/nio/fs/WindowsException'{0x0000000747aa7ac8}> (0x0000000747aa7ac8) 
thrown [s\src\hotspot\share\prims\jni.cpp, line 517]
Event: 10.563 Thread 0x000002b238554300 Exception <a 'sun/nio/fs/WindowsException'{0x0000000747aa7dc8}> (0x0000000747aa7dc8) 
thrown [s\src\hotspot\share\prims\jni.cpp, line 517]
Event: 10.564 Thread 0x000002b238554300 Exception <a 'sun/nio/fs/WindowsException'{0x0000000747aae438}> (0x0000000747aae438) 
thrown [s\src\hotspot\share\prims\jni.cpp, line 517]
Event: 10.565 Thread 0x000002b238554300 Exception <a 'sun/nio/fs/WindowsException'{0x0000000747ab8670}> (0x0000000747ab8670) 
thrown [s\src\hotspot\share\prims\jni.cpp, line 517]
Event: 10.565 Thread 0x000002b238554300 Exception <a 'sun/nio/fs/WindowsException'{0x0000000747ab8970}> (0x0000000747ab8970) 
thrown [s\src\hotspot\share\prims\jni.cpp, line 517]
Event: 10.568 Thread 0x000002b238554300 Exception <a 'sun/nio/fs/WindowsException'{0x0000000747ad69e8}> (0x0000000747ad69e8) 
thrown [s\src\hotspot\share\prims\jni.cpp, line 517]
Event: 10.568 Thread 0x000002b238554300 Exception <a 'sun/nio/fs/WindowsException'{0x0000000747adb8d0}> (0x0000000747adb8d0) 
thrown [s\src\hotspot\share\prims\jni.cpp, line 517]
Event: 10.587 Thread 0x000002b238554300 Exception <a 'java/lang/NoSuchMethodError'{0x0000000747b96de0}: 'int java.lang.invoke.DirectMethodHandle$Holder.invokeSpecial(java.lang.Object, java.lang.Object, java.lang.Object, java.lang.Object, java.lang.Object)'> (0x0000000747b96de0) 
thrown [s\src\hotspot\share\interpreter\linkResolver.cpp, line 771]
Event: 10.669 Thread 0x000002b238554300 Exception <a 'sun/nio/fs/WindowsException'{0x00000007472061b0}> (0x00000007472061b0) 
thrown [s\src\hotspot\share\prims\jni.cpp, line 517]
Event: 10.670 Thread 0x000002b238554300 Exception <a 'sun/nio/fs/WindowsException'{0x00000007472082f0}> (0x00000007472082f0) 
thrown [s\src\hotspot\share\prims\jni.cpp, line 517]
Event: 10.670 Thread 0x000002b238554300 Exception <a 'sun/nio/fs/WindowsException'{0x000000074720a1b0}> (0x000000074720a1b0) 
thrown [s\src\hotspot\share\prims\jni.cpp, line 517]
Event: 10.671 Thread 0x000002b238554300 Exception <a 'sun/nio/fs/WindowsException'{0x000000074720bd48}> (0x000000074720bd48) 
thrown [s\src\hotspot\share\prims\jni.cpp, line 517]
Event: 10.673 Thread 0x000002b238554300 Exception <a 'sun/nio/fs/WindowsException'{0x0000000747227b98}> (0x0000000747227b98) 
thrown [s\src\hotspot\share\prims\jni.cpp, line 517]
Event: 10.765 Thread 0x000002b23897e890 Exception <a 'sun/nio/fs/WindowsException'{0x0000000748700fa8}> (0x0000000748700fa8) 
thrown [s\src\hotspot\share\prims\jni.cpp, line 517]
Event: 10.766 Thread 0x000002b23897e890 Exception <a 'sun/nio/fs/WindowsException'{0x0000000748706a88}> (0x0000000748706a88) 
thrown [s\src\hotspot\share\prims\jni.cpp, line 517]
Event: 10.766 Thread 0x000002b23897e890 Exception <a 'sun/nio/fs/WindowsException'{0x0000000748708940}> (0x0000000748708940) 
thrown [s\src\hotspot\share\prims\jni.cpp, line 517]
Event: 10.766 Thread 0x000002b23897e890 Exception <a 'sun/nio/fs/WindowsException'{0x000000074870a590}> (0x000000074870a590) 
thrown [s\src\hotspot\share\prims\jni.cpp, line 517]
Event: 11.362 Thread 0x000002b23897e890 Exception <a 'java/lang/NoSuchMethodError'{0x00000007489c9e40}: static Ljava/lang/Object;.<clinit>()V> (0x00000007489c9e40) 
thrown [s\src\hotspot\share\prims\jni.cpp, line 1108]

VM Operations (20 events):
Event: 11.858 Executing VM operation: G1CollectForAllocation done
Event: 11.881 Executing VM operation: G1CollectForAllocation
Event: 11.886 Executing VM operation: G1CollectForAllocation done
Event: 11.892 Executing VM operation: G1PauseRemark
Event: 11.897 Executing VM operation: G1PauseRemark done
Event: 11.924 Executing VM operation: G1PauseCleanup
Event: 11.924 Executing VM operation: G1PauseCleanup done
Event: 12.488 Executing VM operation: G1CollectForAllocation
Event: 12.515 Executing VM operation: G1CollectForAllocation done
Event: 12.527 Executing VM operation: G1CollectForAllocation
Event: 12.541 Executing VM operation: G1CollectForAllocation done
Event: 12.793 Executing VM operation: G1CollectForAllocation
Event: 12.800 Executing VM operation: G1CollectForAllocation done
Event: 12.924 Executing VM operation: HandshakeAllThreads
Event: 12.924 Executing VM operation: HandshakeAllThreads done
Event: 12.935 Executing VM operation: HandshakeAllThreads
Event: 12.935 Executing VM operation: HandshakeAllThreads done
Event: 12.958 Executing VM operation: G1CollectForAllocation
Event: 12.964 Executing VM operation: G1CollectForAllocation done
Event: 13.329 Executing VM operation: G1CollectForAllocation

Events (20 events):
Event: 12.409 Thread 0x000002b238b9ef90 Thread added: 0x000002b238b9ef90
Event: 12.409 Thread 0x000002b238ba1810 Thread added: 0x000002b238ba1810
Event: 12.409 Thread 0x000002b238ba08e0 Thread added: 0x000002b238ba08e0
Event: 12.409 Thread 0x000002b238b9e570 Thread added: 0x000002b238b9e570
Event: 12.410 Thread 0x000002b238b9ea80 Thread added: 0x000002b238b9ea80
Event: 12.410 Thread 0x000002b238b9f4a0 Thread added: 0x000002b238b9f4a0
Event: 12.410 Thread 0x000002b238b9f9b0 Thread added: 0x000002b238b9f9b0
Event: 12.410 Thread 0x000002b238ba0df0 Thread added: 0x000002b238ba0df0
Event: 12.410 Thread 0x000002b2337e8600 Thread added: 0x000002b2337e8600
Event: 12.410 Thread 0x000002b2337ee120 Thread added: 0x000002b2337ee120
Event: 12.410 Thread 0x000002b2337ee630 Thread added: 0x000002b2337ee630
Event: 12.410 Thread 0x000002b2337ec7d0 Thread added: 0x000002b2337ec7d0
Event: 12.919 Thread 0x000002b227be9270 Thread exited: 0x000002b227be9270
Event: 12.926 loading class java/nio/file/FileTreeWalker$1
Event: 12.926 loading class java/nio/file/FileTreeWalker$1 done
Event: 12.938 loading class java/util/concurrent/ForkJoinTask
Event: 12.938 loading class java/util/concurrent/ForkJoinTask done
Event: 12.938 loading class java/util/concurrent/RecursiveAction
Event: 12.938 loading class java/util/concurrent/RecursiveAction done
Event: 12.942 Thread 0x000002b2273fa7f0 Thread exited: 0x000002b2273fa7f0


Dynamic libraries:
0x00007ff6c3850000 - 0x00007ff6c385a000 	C:\Users\27439\.jdks\jbr-17.0.9\bin\java.exe
0x00007ffbc2670000 - 0x00007ffbc2887000 	C:\WINDOWS\SYSTEM32\ntdll.dll
0x00007ffbc0b00000 - 0x00007ffbc0bc4000 	C:\WINDOWS\System32\KERNEL32.DLL
0x00007ffbbfba0000 - 0x00007ffbbff4d000 	C:\WINDOWS\System32\KERNELBASE.dll
0x00007ffbc0280000 - 0x00007ffbc0391000 	C:\WINDOWS\System32\ucrtbase.dll
0x00007ffbb49d0000 - 0x00007ffbb49e7000 	C:\Users\27439\.jdks\jbr-17.0.9\bin\jli.dll
0x00007ffbb6c30000 - 0x00007ffbb6c4b000 	C:\Users\27439\.jdks\jbr-17.0.9\bin\VCRUNTIME140.dll
0x00007ffbc0950000 - 0x00007ffbc0afe000 	C:\WINDOWS\System32\USER32.dll
0x00007ffbbfb70000 - 0x00007ffbbfb96000 	C:\WINDOWS\System32\win32u.dll
0x00007ffba6a20000 - 0x00007ffba6cb3000 	C:\WINDOWS\WinSxS\amd64_microsoft.windows.common-controls_6595b64144ccf1df_6.0.22621.3672_none_2713b9d173822955\COMCTL32.dll
0x00007ffbc21f0000 - 0x00007ffbc2219000 	C:\WINDOWS\System32\GDI32.dll
0x00007ffbc0de0000 - 0x00007ffbc0e87000 	C:\WINDOWS\System32\msvcrt.dll
0x00007ffbc0160000 - 0x00007ffbc0279000 	C:\WINDOWS\System32\gdi32full.dll
0x00007ffbbff80000 - 0x00007ffbc001a000 	C:\WINDOWS\System32\msvcp_win.dll
0x00007ffbc1950000 - 0x00007ffbc1981000 	C:\WINDOWS\System32\IMM32.DLL
0x00007ffbb6c80000 - 0x00007ffbb6c8c000 	C:\Users\27439\.jdks\jbr-17.0.9\bin\vcruntime140_1.dll
0x00007ffb8f480000 - 0x00007ffb8f50d000 	C:\Users\27439\.jdks\jbr-17.0.9\bin\msvcp140.dll
0x00007ffb68b70000 - 0x00007ffb697f2000 	C:\Users\27439\.jdks\jbr-17.0.9\bin\server\jvm.dll
0x00007ffbc1fc0000 - 0x00007ffbc2072000 	C:\WINDOWS\System32\ADVAPI32.dll
0x00007ffbc2280000 - 0x00007ffbc2329000 	C:\WINDOWS\System32\sechost.dll
0x00007ffbbff50000 - 0x00007ffbbff78000 	C:\WINDOWS\System32\bcrypt.dll
0x00007ffbc0c50000 - 0x00007ffbc0d64000 	C:\WINDOWS\System32\RPCRT4.dll
0x00007ffb8ce50000 - 0x00007ffb8ce59000 	C:\WINDOWS\SYSTEM32\WSOCK32.dll
0x00007ffbc0bd0000 - 0x00007ffbc0c41000 	C:\WINDOWS\System32\WS2_32.dll
0x00007ffbbeb80000 - 0x00007ffbbebcd000 	C:\WINDOWS\SYSTEM32\POWRPROF.dll
0x00007ffbb7c30000 - 0x00007ffbb7c64000 	C:\WINDOWS\SYSTEM32\WINMM.dll
0x00007ffbb7b20000 - 0x00007ffbb7b2a000 	C:\WINDOWS\SYSTEM32\VERSION.dll
0x00007ffbbeb60000 - 0x00007ffbbeb73000 	C:\WINDOWS\SYSTEM32\UMPDC.dll
0x00007ffbbe9f0000 - 0x00007ffbbea08000 	C:\WINDOWS\SYSTEM32\kernel.appcore.dll
0x00007ffbb53a0000 - 0x00007ffbb53aa000 	C:\Users\27439\.jdks\jbr-17.0.9\bin\jimage.dll
0x00007ffbb2ea0000 - 0x00007ffbb30d2000 	C:\WINDOWS\SYSTEM32\DBGHELP.DLL
0x00007ffbc03a0000 - 0x00007ffbc072d000 	C:\WINDOWS\System32\combase.dll
0x00007ffbc1ee0000 - 0x00007ffbc1fb7000 	C:\WINDOWS\System32\OLEAUT32.dll
0x00007ffbb2e60000 - 0x00007ffbb2e92000 	C:\WINDOWS\SYSTEM32\dbgcore.DLL
0x00007ffbc00e0000 - 0x00007ffbc015b000 	C:\WINDOWS\System32\bcryptPrimitives.dll
0x00007ffbb2990000 - 0x00007ffbb29cb000 	C:\Users\27439\.jdks\jbr-17.0.9\bin\jdwp.dll
0x00007ffbb5130000 - 0x00007ffbb513e000 	C:\Users\27439\.jdks\jbr-17.0.9\bin\instrument.dll
0x00007ffbb26f0000 - 0x00007ffbb2715000 	C:\Users\27439\.jdks\jbr-17.0.9\bin\java.dll
0x00007ffbb49b0000 - 0x00007ffbb49c8000 	C:\Users\27439\.jdks\jbr-17.0.9\bin\zip.dll
0x00007ffb77590000 - 0x00007ffb77667000 	C:\Users\27439\.jdks\jbr-17.0.9\bin\jsvml.dll
0x00007ffbc0e90000 - 0x00007ffbc16f8000 	C:\WINDOWS\System32\SHELL32.dll
0x00007ffbbd890000 - 0x00007ffbbe18e000 	C:\WINDOWS\SYSTEM32\windows.storage.dll
0x00007ffbbd750000 - 0x00007ffbbd88f000 	C:\WINDOWS\SYSTEM32\wintypes.dll
0x00007ffbc1850000 - 0x00007ffbc1949000 	C:\WINDOWS\System32\SHCORE.dll
0x00007ffbc2220000 - 0x00007ffbc227e000 	C:\WINDOWS\System32\shlwapi.dll
0x00007ffbbf8c0000 - 0x00007ffbbf8e1000 	C:\WINDOWS\SYSTEM32\profapi.dll
0x00007ffbb38a0000 - 0x00007ffbb38ac000 	C:\Users\27439\.jdks\jbr-17.0.9\bin\dt_socket.dll
0x00007ffbbe3e0000 - 0x00007ffbbe40d000 	C:\WINDOWS\SYSTEM32\IPHLPAPI.DLL
0x00007ffbbeee0000 - 0x00007ffbbef49000 	C:\WINDOWS\system32\mswsock.dll
0x00007ffbb2970000 - 0x00007ffbb2989000 	C:\Users\27439\.jdks\jbr-17.0.9\bin\net.dll
0x00007ffbba210000 - 0x00007ffbba346000 	C:\WINDOWS\SYSTEM32\WINHTTP.dll
0x00007ffbae300000 - 0x00007ffbae316000 	C:\Users\27439\.jdks\jbr-17.0.9\bin\nio.dll
0x00007ffbb3890000 - 0x00007ffbb38a0000 	C:\Users\27439\.jdks\jbr-17.0.9\bin\verify.dll
0x00007ffbb53b0000 - 0x00007ffbb53d7000 	C:\Users\27439\.gradle\native\68d5fa5c4cc2d200863cafc0d521ce42e7d3e7ee720ec0a83991735586a16f82\windows-amd64\native-platform.dll
0x00007ffb73290000 - 0x00007ffb733d4000 	C:\Users\27439\.gradle\native\e376f236ea51e6404a007f0833ffe2c6e607c4080706a723a18a27aeea778392\windows-amd64\native-platform-file-events.dll
0x00007ffbb3830000 - 0x00007ffbb3839000 	C:\Users\27439\.jdks\jbr-17.0.9\bin\management.dll
0x00007ffbb28f0000 - 0x00007ffbb28fb000 	C:\Users\27439\.jdks\jbr-17.0.9\bin\management_ext.dll
0x00007ffbc21e0000 - 0x00007ffbc21e8000 	C:\WINDOWS\System32\PSAPI.DLL
0x00007ffbbf170000 - 0x00007ffbbf18b000 	C:\WINDOWS\SYSTEM32\CRYPTSP.dll
0x00007ffbbe950000 - 0x00007ffbbe985000 	C:\WINDOWS\system32\rsaenh.dll
0x00007ffbbefc0000 - 0x00007ffbbefe8000 	C:\WINDOWS\SYSTEM32\USERENV.dll
0x00007ffbbf160000 - 0x00007ffbbf16c000 	C:\WINDOWS\SYSTEM32\CRYPTBASE.dll
0x00007ffbc0dd0000 - 0x00007ffbc0dd9000 	C:\WINDOWS\System32\NSI.dll
0x00007ffbba1e0000 - 0x00007ffbba1f9000 	C:\WINDOWS\SYSTEM32\dhcpcsvc6.DLL
0x00007ffbba1c0000 - 0x00007ffbba1df000 	C:\WINDOWS\SYSTEM32\dhcpcsvc.DLL
0x00007ffbbe410000 - 0x00007ffbbe508000 	C:\WINDOWS\SYSTEM32\DNSAPI.dll
0x00007ffbae2f0000 - 0x00007ffbae2fe000 	C:\Users\27439\.jdks\jbr-17.0.9\bin\sunmscapi.dll
0x00007ffbbfa00000 - 0x00007ffbbfb67000 	C:\WINDOWS\System32\CRYPT32.dll
0x00007ffbbf340000 - 0x00007ffbbf36e000 	C:\WINDOWS\SYSTEM32\ncrypt.dll
0x00007ffbbf300000 - 0x00007ffbbf337000 	C:\WINDOWS\SYSTEM32\NTASN1.dll
0x00007ffbb2670000 - 0x00007ffbb2678000 	C:\WINDOWS\system32\wshunix.dll
0x00007ffba0ae0000 - 0x00007ffba0af7000 	C:\WINDOWS\system32\napinsp.dll
0x00007ffba0ac0000 - 0x00007ffba0adb000 	C:\WINDOWS\system32\pnrpnsp.dll
0x00007ffb99680000 - 0x00007ffb99691000 	C:\WINDOWS\System32\winrnr.dll
0x00007ffb99660000 - 0x00007ffb99675000 	C:\WINDOWS\system32\wshbth.dll
0x00007ffb99630000 - 0x00007ffb99657000 	C:\WINDOWS\system32\nlansp_c.dll
0x00007ffbb9490000 - 0x00007ffbb949a000 	C:\Windows\System32\rasadhlp.dll
0x00007ffbb7e60000 - 0x00007ffbb7ee3000 	C:\WINDOWS\System32\fwpuclnt.dll

dbghelp: loaded successfully - version: 4.0.5 - missing functions: none
symbol engine: initialized successfully - sym options: 0x614 - pdb path: .;C:\Users\27439\.jdks\jbr-17.0.9\bin;C:\WINDOWS\SYSTEM32;C:\WINDOWS\WinSxS\amd64_microsoft.windows.common-controls_6595b64144ccf1df_6.0.22621.3672_none_2713b9d173822955;C:\Users\27439\.jdks\jbr-17.0.9\bin\server;C:\Users\27439\.gradle\native\68d5fa5c4cc2d200863cafc0d521ce42e7d3e7ee720ec0a83991735586a16f82\windows-amd64;C:\Users\27439\.gradle\native\e376f236ea51e6404a007f0833ffe2c6e607c4080706a723a18a27aeea778392\windows-amd64

VM Arguments:
jvm_args: --add-opens=java.base/java.util.concurrent.atomic=ALL-UNNAMED -agentlib:jdwp=transport=dt_socket,server=n,suspend=y,address=127.0.0.1:65079 --add-opens=java.base/java.util=ALL-UNNAMED --add-opens=java.base/java.lang=ALL-UNNAMED --add-opens=java.base/java.lang.invoke=ALL-UNNAMED --add-opens=java.prefs/java.util.prefs=ALL-UNNAMED --add-opens=java.base/java.nio.charset=ALL-UNNAMED --add-opens=java.base/java.net=ALL-UNNAMED --add-opens=java.base/java.util.concurrent.atomic=ALL-UNNAMED -Xmx3g -Dfile.encoding=UTF-8 -Duser.country=CN -Duser.language=zh -Duser.variant -javaagent:C:\Users\27439\.gradle\wrapper\dists\gradle-8.2-all\2q3bs1ik8c4yxxdwn9pbenul9\gradle-8.2\lib\agents\gradle-instrumentation-agent-8.2.jar 
java_command: org.gradle.launcher.daemon.bootstrap.GradleDaemon 8.2
java_class_path (initial): C:\Users\27439\.gradle\wrapper\dists\gradle-8.2-all\2q3bs1ik8c4yxxdwn9pbenul9\gradle-8.2\lib\gradle-launcher-8.2.jar
Launcher Type: SUN_STANDARD

[Global flags]
     intx CICompilerCount                          = 12                                        {product} {ergonomic}
     uint ConcGCThreads                            = 3                                         {product} {ergonomic}
     uint G1ConcRefinementThreads                  = 13                                        {product} {ergonomic}
   size_t G1HeapRegionSize                         = 2097152                                   {product} {ergonomic}
    uintx GCDrainStackTargetSize                   = 64                                        {product} {ergonomic}
   size_t InitialHeapSize                          = 255852544                                 {product} {ergonomic}
   size_t MarkStackSize                            = 4194304                                   {product} {ergonomic}
   size_t MaxHeapSize                              = 3221225472                                {product} {command line}
   size_t MaxNewSize                               = 1931476992                                {product} {ergonomic}
   size_t MinHeapDeltaBytes                        = 2097152                                   {product} {ergonomic}
   size_t MinHeapSize                              = 8388608                                   {product} {ergonomic}
    uintx NonNMethodCodeHeapSize                   = 7602480                                {pd product} {ergonomic}
    uintx NonProfiledCodeHeapSize                  = 122027880                              {pd product} {ergonomic}
    uintx ProfiledCodeHeapSize                     = 122027880                              {pd product} {ergonomic}
    uintx ReservedCodeCacheSize                    = 251658240                              {pd product} {ergonomic}
     bool SegmentedCodeCache                       = true                                      {product} {ergonomic}
   size_t SoftMaxHeapSize                          = 3221225472                             {manageable} {ergonomic}
     bool UseCompressedClassPointers               = true                           {product lp64_product} {ergonomic}
     bool UseCompressedOops                        = true                           {product lp64_product} {ergonomic}
     bool UseG1GC                                  = true                                      {product} {ergonomic}
     bool UseLargePagesIndividualAllocation        = false                                  {pd product} {ergonomic}

Logging:
Log output configuration:
 #0: stdout all=warning uptime,level,tags
 #1: stderr all=off uptime,level,tags

Environment Variables:
JAVA_HOME=C:\Users\27439\.jdks\corretto-1.8.0_412
CLASSPATH=C:\Users\27439\.jdks\corretto-1.8.0_412\lib\dt.jar;C:\Users\27439\.jdks\corretto-1.8.0_412\lib\tools.jar
PATH=C:\Users\27439\AppData\Local\Programs\Python\Python312;C:\Program Files (x86)\VMware\VMware Workstation\bin\;C:\WINDOWS\system32;C:\WINDOWS;C:\WINDOWS\System32\Wbem;C:\WINDOWS\System32\WindowsPowerShell\v1.0\;C:\WINDOWS\System32\OpenSSH\;C:\Program Files\NVIDIA Corporation\NVIDIA NvDLISR;C:\Program Files (x86)\NVIDIA Corporation\PhysX\Common;C:\Program Files\Git\cmd;C:\ProgramData\chocolatey\bin;C:\Users\27439\AppData\Roaming\nvm;C:\Program Files\nodejs;C:\Program Files\dotnet\;C:\Program Files\CMake\bin;;C:\Program Files (x86)\Tencent\微信web开发者工具\dll;C:\Program Files\Git LFS;C:\Users\27439\.cargo\bin;C:\Program Files\MySQL\MySQL Shell 8.0\bin\;C:\Users\27439\AppData\Local\pnpm;C:\Users\27439\AppData\Local\Microsoft\WindowsApps;C:\Users\27439\AppData\Local\JetBrains\Toolbox\scripts;C:\Users\27439\AppData\Roaming\npm;C:\Users\27439\AppData\Local\Android\Sdk\platform-tools;C:\Users\27439\AppData\Local\Android\Sdk\emulator;C:\Users\27439\AppData\Local\Android\Sdktools;C:\Users\27439\AppData\Local\Android\Sdktools\bin;C:\Users\27439\AppData\Local\Programs\Microsoft VS Code\bin;C:\Program Files\adb;C:\Users\27439\AppData\Local\GitHubDesktop\bin;C:\Users\27439\AppData\Roaming\nvm;C:\Program Files\nodejs;C:\Program Files\ffmpeg\bin;C:\Users\27439\AppData\Roaming\Pub\Cache\bin;C:\Users\27439\.sdk\flutter\bin;C:\Users\27439\.dotnet\tools;C:\Users\27439\.sdk\golib\bin;C:\Users\27439\.sdk\go\bin;C:\Users\27439\.sdk\hover-master;C:\Users\27439\.sdk\mingw64\bin;C:\Users\27439\.sdk\cangjie0.53.4\bin;C:\Users\27439\.sdk\cangjie0.53.4\tools\bin;C:\Users\27439\.sdk\cangjie0.53.4\runtime\lib\windows_x86_64_llvm;C:\Users\27439\.dotnet\tools;C:\Users\27439\AppData\Local\Programs\Python\Python312\Scripts;D:\编程;C:\Users\27439\.sdk\flutter3\bin;C:\Users\27439\AppData\Local\Android\Sdk\platform-tools;C:\Users\27439\AppData\Local\Android\Sdk\emulator;C:\Users\27439\AppData\Local\Android\Sdk\tools;C:\Users\27439\AppData\Local\Android\Sdk\tools\bin;C:\Users\27439\.jdks\corretto-1.8.
USERNAME=27439
OS=Windows_NT
PROCESSOR_IDENTIFIER=AMD64 Family 25 Model 68 Stepping 1, AuthenticAMD
TMP=C:\Users\27439\AppData\Local\Temp
TEMP=C:\Users\27439\AppData\Local\Temp



Periodic native trim disabled

JNI global refs:
JNI global refs: 224, weak refs: 16241

JNI global refs memory usage: 2803, weak refs: 163353

OOME stack traces (most recent first):
Classloader memory used:
Loader org.gradle.internal.classloader.VisitableURLClassLoader                         : 5085K
Loader bootstrap                                                                       : 3083K
Loader org.gradle.internal.classloader.VisitableURLClassLoader$InstrumentingVisitableURLClassLoader: 2014K
Loader org.gradle.initialization.MixInLegacyTypesClassLoader                           : 1655K
Loader jdk.internal.loader.ClassLoaders$PlatformClassLoader                            : 95397B
Loader jdk.internal.reflect.DelegatingClassLoader                                      : 82923B
Loader org.gradle.groovy.scripts.internal.DefaultScriptCompilationHandler$ScriptClassLoader: 33973B
Loader jdk.internal.loader.ClassLoaders$AppClassLoader                                 : 28721B
Loader org.codehaus.groovy.runtime.callsite.CallSiteClassLoader                        : 10700B
Loader sun.reflect.misc.MethodUtil                                                     : 376B

Classes loaded by more than one classloader:
Class Program                                                                         : loaded 4 times (x 70B)
Class org.gradle.internal.classpath.ClassPath                                         : loaded 2 times (x 68B)
Class org.gradle.api.internal.classpath.DefaultModuleRegistry                         : loaded 2 times (x 84B)
Class com.google.common.collect.ListMultimap                                          : loaded 2 times (x 68B)
Class com.google.common.collect.AbstractMultimap                                      : loaded 2 times (x 121B)
Class org.gradle.api.Action                                                           : loaded 2 times (x 68B)
Class com.google.common.collect.SetMultimap                                           : loaded 2 times (x 68B)
Class org.gradle.api.internal.DefaultClassPathProvider                                : loaded 2 times (x 74B)
Class org.gradle.internal.installation.GradleInstallation$1                           : loaded 2 times (x 73B)
Class com.google.common.collect.ImmutableMap                                          : loaded 2 times (x 118B)
Class com.google.common.base.Predicate                                                : loaded 2 times (x 68B)
Class org.gradle.internal.classloader.FilteringClassLoader                            : loaded 2 times (x 103B)
Class com.google.common.collect.AbstractMapBasedMultimap$WrappedCollection            : loaded 2 times (x 122B)
Class org.gradle.internal.classpath.DefaultClassPath$ImmutableUniqueList$Builder      : loaded 2 times (x 73B)
Class com.google.common.collect.SortedSetMultimap                                     : loaded 2 times (x 68B)
Class com.google.common.collect.ImmutableMultimap$EntryCollection                     : loaded 2 times (x 125B)
Class org.gradle.internal.classloader.ClassLoaderVisitor                              : loaded 2 times (x 74B)
Class com.google.common.collect.ImmutableMultimap                                     : loaded 2 times (x 145B)
Class org.gradle.internal.service.DefaultServiceLocator                               : loaded 2 times (x 81B)
Class org.gradle.internal.service.UnknownServiceException                             : loaded 2 times (x 81B)
Class org.gradle.internal.classloader.DefaultClassLoaderFactory                       : loaded 2 times (x 80B)
Class com.google.common.collect.UnmodifiableIterator                                  : loaded 2 times (x 78B)
Class com.google.common.collect.Multimap                                              : loaded 2 times (x 68B)
Class org.gradle.internal.classloader.VisitableURLClassLoader$Spec                    : loaded 2 times (x 72B)
Class org.gradle.api.GradleException                                                  : loaded 2 times (x 80B)
Class org.gradle.api.internal.classpath.ModuleRegistry                                : loaded 2 times (x 68B)
Class com.google.common.collect.ImmutableCollection                                   : loaded 2 times (x 123B)
Class org.gradle.api.internal.ClassPathProvider                                       : loaded 2 times (x 68B)
Class org.gradle.internal.classloader.ClasspathUtil$1                                 : loaded 2 times (x 74B)
Class ijresolvers2_252dw6zxdsqad4fpnklr7vih9                                          : loaded 2 times (x 182B)
Class org.gradle.internal.classloader.ClassLoaderFactory                              : loaded 2 times (x 68B)
Class org.gradle.api.internal.classpath.ManifestUtil                                  : loaded 2 times (x 69B)
Class org.gradle.api.specs.Spec                                                       : loaded 2 times (x 68B)
Class com.google.common.collect.BaseImmutableMultimap                                 : loaded 2 times (x 121B)
Class com.google.common.base.Preconditions                                            : loaded 2 times (x 69B)
Class com.google.common.base.Function                                                 : loaded 2 times (x 68B)
Class org.gradle.internal.IoActions                                                   : loaded 2 times (x 69B)
Class com.google.common.collect.Maps                                                  : loaded 2 times (x 69B)
Class com.google.common.collect.ImmutableMultimap$Builder                             : loaded 2 times (x 81B)
Class org.gradle.api.internal.classpath.EffectiveClassPath                            : loaded 2 times (x 88B)
Class org.gradle.internal.installation.CurrentGradleInstallation                      : loaded 2 times (x 71B)
Class org.gradle.internal.agents.InstrumentingClassLoader                             : loaded 2 times (x 68B)
Class org.gradle.internal.installation.CurrentGradleInstallationLocator               : loaded 2 times (x 69B)
Class org.gradle.api.internal.classpath.Module                                        : loaded 2 times (x 68B)
Class org.gradle.internal.service.CachingServiceLocator                               : loaded 2 times (x 80B)
Class org.gradle.internal.classpath.DefaultClassPath                                  : loaded 2 times (x 88B)
Class com.google.common.collect.ImmutableMultisetGwtSerializationDependencies         : loaded 2 times (x 123B)
Class com.google.common.collect.ImmutableListMultimap                                 : loaded 2 times (x 176B)
Class Build_gradle$1                                                                  : loaded 2 times (x 73B)
Class org.jetbrains.kotlin.config.ApiVersion                                          : loaded 2 times (x 84B)
Class org.gradle.internal.classloader.SystemClassLoaderSpec                           : loaded 2 times (x 69B)
Class com.google.common.collect.Multimaps$CustomListMultimap                          : loaded 2 times (x 172B)
Class org.jetbrains.kotlin.utils.DescriptionAware                                     : loaded 2 times (x 68B)
Class org.jetbrains.kotlin.config.LanguageVersion                                     : loaded 2 times (x 89B)
Class org.gradle.api.UncheckedIOException                                             : loaded 2 times (x 80B)
Class com.google.common.collect.AbstractListMultimap                                  : loaded 2 times (x 170B)
Class org.gradle.internal.installation.GradleInstallation                             : loaded 2 times (x 73B)
Class com.google.common.collect.AbstractMapBasedMultimap$RandomAccessWrappedList      : loaded 2 times (x 165B)
Class org.gradle.internal.classloader.ClasspathUtil                                   : loaded 2 times (x 69B)
Class org.gradle.api.internal.DefaultClassPathRegistry                                : loaded 2 times (x 74B)
Class org.jetbrains.kotlin.config.LanguageOrApiVersion                                : loaded 2 times (x 68B)
Class org.gradle.api.internal.classpath.DefaultModuleRegistry$DefaultModule           : loaded 2 times (x 84B)
Class org.gradle.api.internal.classpath.UnknownModuleException                        : loaded 2 times (x 80B)
Class com.google.common.collect.Maps$EntryTransformer                                 : loaded 2 times (x 68B)
Class org.gradle.internal.service.ServiceLookupException                              : loaded 2 times (x 80B)
Class org.gradle.cache.GlobalCache                                                    : loaded 2 times (x 68B)
Class ijresolvers2_252dw6zxdsqad4fpnklr7vih9$_run_closure1                            : loaded 2 times (x 134B)
Class [Lorg.gradle.api.internal.ClassPathProvider;                                    : loaded 2 times (x 67B)
Class com.google.common.collect.ImmutableMultimap$Values                              : loaded 2 times (x 124B)
Class org.gradle.util.internal.GUtil                                                  : loaded 2 times (x 69B)
Class org.gradle.internal.classloader.ClassLoaderSpec                                 : loaded 2 times (x 69B)
Class org.gradle.internal.classloader.VisitableURLClassLoader                         : loaded 2 times (x 115B)
Class com.google.common.base.Supplier                                                 : loaded 2 times (x 68B)
Class com.google.common.collect.ImmutableMultimap$Keys                                : loaded 2 times (x 164B)
Class org.gradle.internal.Cast                                                        : loaded 2 times (x 69B)
Class Build_gradle                                                                    : loaded 2 times (x 129B)
Class org.gradle.api.internal.ClassPathRegistry                                       : loaded 2 times (x 68B)
Class com.google.common.collect.ImmutableSet                                          : loaded 2 times (x 145B)
Class org.gradle.internal.classloader.VisitableURLClassLoader$InstrumentingVisitableURLClassLoader: loaded 2 times (x 121B)
Class org.gradle.internal.classloader.ClassLoaderHierarchy                            : loaded 2 times (x 68B)
Class com.google.common.collect.AbstractMapBasedMultimap$WrappedList                  : loaded 2 times (x 165B)
Class org.jetbrains.kotlin.config.LanguageVersionSettings                             : loaded 2 times (x 68B)
Class org.gradle.internal.InternalTransformer                                         : loaded 2 times (x 68B)
Class org.gradle.internal.service.ServiceLocator                                      : loaded 2 times (x 68B)
Class com.google.common.collect.ImmutableMultiset                                     : loaded 2 times (x 161B)
Class org.gradle.internal.classpath.DefaultClassPath$ImmutableUniqueList              : loaded 2 times (x 159B)
Class com.google.common.collect.ImmutableMultimap$1                                   : loaded 2 times (x 80B)
Class com.google.common.collect.ImmutableMultimap$2                                   : loaded 2 times (x 79B)
Class org.gradle.internal.classpath.TransformedClassPath                              : loaded 2 times (x 94B)
Class Settings_gradle                                                                 : loaded 2 times (x 126B)
Class com.google.common.collect.Multimaps                                             : loaded 2 times (x 69B)
Class com.google.common.collect.Multiset                                              : loaded 2 times (x 68B)
Class com.google.common.collect.AbstractMapBasedMultimap                              : loaded 2 times (x 137B)


---------------  S Y S T E M  ---------------

OS:
 Windows 11 , 64 bit Build 22621 (10.0.22621.3958)
OS uptime: 0 days 15:53 hours
Hyper-V role detected

CPU: total 16 (initial active 16) (16 cores per cpu, 2 threads per core) family 25 model 68 stepping 1 microcode 0x0, cx8, cmov, fxsr, ht, mmx, 3dnowpref, sse, sse2, sse3, ssse3, sse4a, sse4.1, sse4.2, popcnt, lzcnt, tsc, tscinvbit, avx, avx2, aes, clmul, bmi1, bmi2, adx, sha, fma, vzeroupper, clflush, clflushopt, hv
Processor Information for all 16 processors :
  Max Mhz: 3201, Current Mhz: 3201, Mhz Limit: 3201

Memory: 4k page, system-wide physical 15613M (522M free)
TotalPageFile size 26007M (AvailPageFile size 0M)
current process WorkingSet (physical memory assigned to process): 711M, peak: 711M
current process commit charge ("private bytes"): 1236M, peak: 1240M

vm_info: OpenJDK 64-Bit Server VM (17.0.9+8-b1162.7) for windows-amd64 JRE (17.0.9+8-b1162.7), built on 2024-01-08 by "builduser" with MS VC++ 16.10 / 16.11 (VS2019)

END.
